:020000040810E2
:10000000FCFF0130F104100825CC110831CC110897
:100010005DCD110881CD1108A5CD1108FF04100890
:10002000FF041008FF041008FF0410083D4C1008DE
:10003000BDCD1108FF0410086D4F100845D0110800
:10004000FF041008FF041008FF041008FF04100844
:10005000FF041008FF041008FF041008FF04100834
:10006000FF041008FF041008FF041008FF04100824
:10007000FF041008FF041008FF041008FF04100814
:10008000FF041008FF041008FF041008FF04100804
:10009000FF041008FF041008FF041008FF041008F4
:1000A000FF041008FF041008FF041008FF041008E4
:1000B000FF041008FF041008FF041008FF041008D4
:1000C000FF041008FF041008FF041008FF041008C4
:1000D000FF041008FF041008FF041008FF041008B4
:1000E000FF041008FF04100800000000FF041008BF
:1000F000FF041008FF041008FF041008FF04100894
:10010000FF041008FF041008FF041008FF04100883
:10011000FF041008FF041008FF041008FF04100873
:10012000FF041008FF041008FF041008FF04100863
:10013000FF041008FF041008FF041008FF04100853
:10014000FF041008FF041008000000000000000079
:10015000FF041008FF041008FF041008FF04100833
:10016000FF041008FF041008FF041008FF04100823
:10017000FF041008FF041008FF041008000000002E
:10018000FF041008FF041008FF041008FF04100803
:10019000FF041008FF041008FF041008FF041008F3
:1001A000FF041008FF041008FF041008FF041008E3
:1001B000FF041008FF041008FF041008FF041008D3
:1001C000FF041008FF041008FF041008FF041008C3
:1001D000FF041008FF041008FF041008FF041008B3
:1001E000FF041008FF041008FF041008FF041008A3
:1001F000FF041008FF041008FF041008FF04100893
:10020000FF041008FF041008FF041008FF04100882
:10021000FF041008FF041008FF041008FF04100872
:10022000FF041008FF041008FF041008000000007D
:10023000FF041008FF04100839D01108FF0410084B
:10024000FF041008FF041008FF041008FF04100842
:10025000FF041008FF041008FF041008FF04100832
:10026000FF041008FF041008FF041008FF04100822
:10027000FF041008FF041008FF041008FF04100812
:10028000FF041008FF041008FF041008000000001D
:10029000FF041008FF041008000000000000000028
:1002A000000000000000000000000000000000004E
:1002B000000000000000000000000000000000003E
:1002C000000000000000000000000000000000002E
:1002D000000000000000000000000000000000001E
:1002E000000000000000000000000000000000000E
:1002F00000000000000000000000000000000000FE
:1003000000000000000000000000000000000000ED
:1003100000000000000000000000000000000000DD
:1003200000000000000000000000000000000000CD
:1003300000000000000000000000000000000000BD
:1003400000000000000000000000000000000000AD
:10035000000000000000000000000000000000009D
:10036000000000000000000000000000000000008D
:10037000000000000000000000000000000000007D
:10038000000000000000000000000000000000006D
:10039000000000000000000000000000000000005D
:1003A000000000000000000000000000000000004D
:1003B000000000000000000000000000000000003D
:1003C000000000000000000000000000000000002D
:1003D000000000000000000000000000000000001D
:1003E000000000000000000000000000000000000D
:1003F00000000000000000000000000000000000FD
:1004000000000000000000000000000000000000EC
:1004100000000000000000000000000000000000DC
:1004200000000000000000000000000000000000CC
:1004300000000000000000000000000000000000BC
:1004400000000000000000000000000000000000AC
:10045000000000000000000000000000000000009C
:10046000000000000000000000000000000000008C
:10047000000000000000000000000000000000007C
:10048000000000000000000000000000000000006C
:10049000000000000000000000000000000000005C
:1004A000000000000000000000000000000000004C
:1004B000000000000000000000000000000000003C
:1004C000000000000000000000000000000000002C
:1004D000000000000000000000000000000000001C
:1004E000000000000000000000000000000000000C
:1004F00000F00EFA00F004F81CF0E0FDFEE7FEE765
:1005000080B400AF3B4BD3F888303A4A43F47003D1
:10051000C2F88830374B1B69364A43F01003136129
:10052000354B1B6803F00F03062B07D8324B1B68B3
:1005300023F00F03304A43F0070313602F4B1B686F
:100540002E4A43F0010313602C4B00221A612B4BFF
:100550001A682A492A4B13400B60274B1B6803F08B
:100560000803002B07D0244B1B6823F00F03224AFB
:1005700043F007031360214B00229A611F4B0022B6
:10058000DA611E4B00221A621C4B1E4A9A621B4BF8
:100590001D4ADA62194B1D4A1A63184B00225A632E
:1005A000164B1A4A9A63154B0022DA63134B174A0B
:1005B0001A64124B00225A64104B1B680F4A23F432
:1005C000802313600D4B00221A66114B5B6A104AA0
:1005D00043F4804353620F4B1B681B0C1B04B3F1A5
:1005E000005F02D20C4B01221A6000BFBD465DF8CD
:1005F000047B704700ED00E00020005200440258E8
:100600007FEDF6EA000202020000FF018002010114
:10061000C00000580010005C0881005180B48BB00D
:1006200000AFB14B1B6903F03803182B00F22E8189
:1006300001A252F823F000BF9D0610088D08100893
:100640008D0810088D0810088D0810088D081008F6
:100650008D0810088D081008B10610088D081008C4
:100660008D0810088D0810088D0810088D081008D6
:100670008D0810088D081008B70610088D0810089E
:100680008D0810088D0810088D0810088D081008B6
:100690008D0810088D081008BD061008924B1B68C5
:1006A000DB0803F00303914A22FA03F37B62F7E0CD
:1006B0008F4B7B62F4E08F4B7B62F1E08A4B9B6A4D
:1006C00003F00303FB61884B9B6A1B0903F03F03A4
:1006D000BB61854BDB6A03F001037B61824B5B6B83
:1006E000DB08C3F30C037A6902FB03F307EE903ACD
:1006F000F8EE677AC7ED047ABB69002B00F0C3807F
:10070000FB69022B59D0FB69022B78D8FB69002BBF
:1007100003D0FB69012B2ED071E0734B1B68DB0803
:1007200003F00303714A22FA03F3FB60FB6807EE50
:10073000903AF8EE676ABB6907EE903AF8EE677A8E
:1007400086EEA77A684B1B6BC3F3080307EE903A5B
:10075000F8EE676A97ED046ADFED675AC6EE257A10
:1007600076EEA77AF7EE006A77EEA67A67EE277A3A
:10077000C7ED087A71E0BB6907EE903AF8EE677A48
:10078000DFED5E6A86EEA77A574B1B6BC3F3080357
:1007900007EE903AF8EE676A97ED046ADFED565A75
:1007A000C6EE257A76EEA77AF7EE006A77EEA67A9D
:1007B00067EE277AC7ED087A4FE0BB6907EE903AFB
:1007C000F8EE677ADFED4E6A86EEA77A464B1B6B32
:1007D000C3F3080307EE903AF8EE676A97ED046AF0
:1007E000DFED455AC6EE257A76EEA77AF7EE006A77
:1007F00077EEA67A67EE277AC7ED087A2DE03A4BB6
:100800001B68DB0803F00303384A22FA03F3FB609A
:10081000FB6807EE903AF8EE676ABB6907EE903A1C
:10082000F8EE677A86EEA77A2F4B1B6BC3F30803AB
:1008300007EE903AF8EE676A97ED046ADFED2E5AFC
:10084000C6EE257A76EEA77AF7EE006A77EEA67AFC
:1008500067EE277AC7ED087A00BF234B1B6B5B0A54
:1008600003F07F030133BB60BB6807EE903AB8EE3C
:10087000677AD7ED086AC6EE877AFCEEE77A17EE5C
:10088000903A7B620CE000237B6209E0164B1B6808
:10089000DB0803F00303154A22FA03F37B6200BF6F
:1008A000114B9B691B0A03F00F03164AD35C7B6054
:1008B0007A6A7B6822FA03F37B620B4B9B6903F035
:1008C0000F03104AD35C03F01F037A6A22FA03F382
:1008D0000D4A13600C4B1B680C4A136000BF2C3789
:1008E000BD465DF8047B7047004402580090D00379
:1008F00000093D0040787D01000000460024744A54
:1009000020BCBE4BD8481208040000300000003064
:1009100080B400AF094BDB68084A23F00203D360C0
:1009200000BF064B5B6803F40053002BF9D000BFF7
:1009300000BFBD465DF8047B704700BF0048025809
:1009400080B58AB004AFF860B9607A603B607B68BC
:100950009B00184603F0B6FD38613B69002B13D0AD
:100960005C2003F0AFFD78617B69002B08D05C222E
:10097000002178691CF0D4FE7B693A691A6305E0AE
:10098000386903F0D3FE01E000237B617B69002B13
:100990000DD0002303937B6902937B6A01933B6A2A
:1009A00000933B687A68B968F86800F028F87B69BA
:1009B00018461837BD4680BD80B588B002AFF860D4
:1009C000B9607A603B607B6A01933B6A00933B6845
:1009D0007A68B968F868FFF7B3FF38613B69002BA4
:1009E00005D0386900F09FF801237B6102E04FF0E9
:1009F000FF337B617B6918461837BD4680BD80B5E3
:100A000088B000AFF860B9607A603B603B6B186BF0
:100A10007B689B001A46A5211CF082FE3B6B1A6B7B
:100A20007B6803F18043013B9B001344BB61BB69BE
:100A300023F00703BB61BB6903F00703002B0DD054
:100A40004FF0500383F31188BFF36F8FBFF34F8FC5
:100A50007B6100BF02201BF02DFEFEE7BB68002B70
:100A60001ED00023FB6112E0BA68FB6913441978B9
:100A70003A6BFB69134434330A461A70BA68FB694F
:100A800013441B78002B06D0FB690133FB61FB6923
:100A90000F2BE9D900E000BF3B6B002283F8432015
:100AA000BB6A052B0DD94FF0500383F31188BFF3B8
:100AB0006F8FBFF34F8F3B6100BF02201BF0FAFD29
:100AC000FEE7BB6A052B01D90523BB623B6BBA6A03
:100AD000DA623B6BBA6ADA643B6B0433184602F0A5
:100AE00033FA3B6B1833184602F02EFA3B6B3A6B25
:100AF0001A61BB6AC3F106023B6B9A613B6B3A6BAE
:100B00005A623A68F968B86904F036F802463B6BF5
:100B10001A60FB6A002B02D0FB6A3A6B1A6000BFB6
:100B20002037BD4680BD80B584B000AF786004F04A
:100B3000C1F9424B1B680133404A1360404B1B68AC
:100B4000002B09D13E4A7B6813603C4B1B68012B8C
:100B500010D101F045F80DE03A4B1B68002B09D18C
:100B6000374B1B68DA6A7B68DB6A9A4202D8344AE0
:100B70007B681360344B1B680133334A1360324B7C
:100B80001A687B685A647B68DA6A304B1B689A4241
:100B900003D97B68DB6A2D4A13607B68DA6A2C49CB
:100BA00013469B0013449B000B4404331B68FB60FB
:100BB0007B68FA689A60FB689A687B68DA60FB6811
:100BC0009B687A6804325A607B681A1DFB689A60D9
:100BD0007B68DA6A13469B0013449B001C4A1A4444
:100BE0007B685A617B68DA6A194913469B00134493
:100BF0009B000B441B687A68D26A591C1448134640
:100C00009B0013449B000344196004F085F90D4BCD
:100C10001B68002B0ED00A4B1B68DA6A7B68DB6A04
:100C20009A4207D20B4B4FF080521A60BFF34F8F9E
:100C3000BFF36F8F00BF1037BD4680BD9C070030EB
:100C4000DC060030A8070030B8070030A4070030E9
:100C5000E006003004ED00E080B584B000AF7860BD
:100C60000023FB607B68002B1AD000F033F9144B93
:100C70001B68012B0DD04FF0500383F31188BFF395
:100C80006F8FBFF34F8FBB6000BF02201BF012FDC0
:100C9000FEE70021786802F0A5F800F029F9F86075
:100CA000FB68002B07D1074B4FF080521A60BFF34F
:100CB0004F8FBFF36F8F00BF1037BD4680BD00BFA1
:100CC000C407003004ED00E080B58AB000AF786062
:100CD0007B683B623B6A002B0DD14FF0500383F3DE
:100CE0001188BFF36F8FBFF34F8FFB6000BF0220EF
:100CF0001BF0E0FCFEE71B4B1B683A6A9A4203D1EB
:100D0000002387F8273026E004F0D4F83B6A5B69BB
:100D1000FB613B6A9B6ABB61134B1B687B61134B96
:100D20001B683B6104F0F8F8BB69114A934203D198
:100D3000012387F827300EE0FA697B699A4203D0D5
:100D4000FA693B699A4203D1022387F8273002E00F
:100D5000012387F8273097F8273018462837BD46F3
:100D600080BD00BFDC060030800700308407003003
:100D70008807003080B58AB002AF0123FB613B4693
:100D800000221A605A609A60DA6000233B610023F7
:100D90007B6111E01F4A7B69134419783A467B69ED
:100DA00013440A461A703A467B6913441B78002B99
:100DB00006D07B6901337B617B690E2BEAD900E0A9
:100DC00000BF3A467B69134400221A700023BB61BE
:100DD00015E0114B3B61BB699B00104A1344394637
:100DE00001930023009300237F223869FFF7E4FD7D
:100DF000F861FB69012B06D1BB690133BB61BB699B
:100E0000002BE6DD00E000BFFB6918462037BD4639
:100E100080BD00BFEC481208D31B1008C00700308B
:100E200080B584B000AFFFF7A5FFF860FB68012B29
:100E300018D14FF0500383F31188BFF36F8FBFF3C6
:100E40004F8FBB6000BF134B4FF0FF321A60124B45
:100E500001221A60114B00221A601BF0B7FF03F049
:100E600012FF11E0FB68B3F1FF3F0DD14FF05003CB
:100E700083F31188BFF36F8FBFF34F8F7B6000BF89
:100E800002201BF017FCFEE7054B1B6800BF103764
:100E9000BD4680BDBC070030A8070030A007003069
:100EA000E848120880B582B000AF4FF0500383F3DA
:100EB0001188BFF36F8FBFF34F8F7B6000BF044B70
:100EC00000221A6003F0DAFF00BF0837BD4680BD7C
:100ED000A807003080B400AF044B1B680133034AFD
:100EE000136000BFBD465DF8047B7047C407003047
:100EF00080B588B000AF0023FB610023BB6103F025
:100F0000D9FF00233B61774B1B68002B0DD14FF0BD
:100F1000500383F31188BFF36F8FBFF34F8F3B6094
:100F200000BF02201BF0C6FBFEE76E4B1B68013BB7
:100F30006C4A13606B4B1B68002B40F0CB806A4BF4
:100F40001B68002B00F0C6808FE0684BDB68DB6815
:100F5000FB61FB699B6AFB60FB69DB69FA69126AEA
:100F60009A60FB691B6AFA69D2695A60FB685A6821
:100F7000FB6918339A4203D1FB691A6AFB685A600D
:100F8000FB6900229A62FB681B685A1EFB681A60A4
:100F9000FB695B69BB60FB699B68FA69D2689A6010
:100FA000FB69DB68FA6992685A60BB685A68FB693A
:100FB00004339A4203D1FB69DA68BB685A60FB6963
:100FC00000225A61BB681B685A1EBB681A60FB6925
:100FD000DA6A474B1B689A4203D9FB69DB6A444AC9
:100FE0001360FB69DA6A434913469B0013449B0074
:100FF0000B4404331B687B60FB697A689A607B68EA
:101000009A68FB69DA607B689B68FA6904325A6007
:10101000FB691A1D7B689A60FB69DA6A13469B00BC
:1010200013449B00334A1A44FB695A61FB69DA6A2C
:10103000304913469B0013449B000B441B68FA691C
:10104000D26A591C2B4813469B0013449B0003444F
:101050001960FB69DA6A284B1B68DB6A9A4204D97B
:10106000264A3B69012142F82310204B1B68002BC4
:101070007FF46BAFFB69002B01D000F0B3FE204B77
:101080001B687B617B69002B12D000F027F90346B7
:10109000002B04D0194A3B69012142F823107B69D7
:1010A000013B7B617B69002BEFD1154B00221A605D
:1010B000124A3B6952F82330002B0BD00123BB614D
:1010C0000D4B1B680F4B4FF080521A60BFF34F8FD0
:1010D000BFF36F8F03F020FFBB6918462037BD4672
:1010E00080BD00BFC40700309C0700308807003077
:1010F000A4070030E0060030DC060030B007003006
:10110000AC07003004ED00E080B483B000AF054BC5
:101110001B687B607B6818460C37BD465DF8047B16
:10112000704700BFA007003080B582B000AF03F069
:1011300096FF00237B60044B1B683B603B681846AE
:101140000837BD4680BD00BFA007003080B400AFA7
:10115000034B1B681846BD465DF8047B704700BF13
:101160009C07003080B584B000AF78607B68002BAE
:1011700002D10E4B1B6800E07B68FB60FB68002B14
:101180000DD14FF0500383F31188BFF36F8FBFF37E
:101190004F8FBB6000BF02201BF08CFAFEE7FB689C
:1011A000343318461037BD4680BD00BFDC06003022
:1011B00080B586B000AFF860B9607A6000237B61CB
:1011C00006233B61FFF786FE294B1B68BA689A42EB
:1011D00046D33B69013B3B617A691346DB0013440C
:1011E0009B001A46FB6898183A6913469B00134403
:1011F0009B00204A13440122194600F0A3FD024639
:101200007B6913447B613B69002BE2D17A69134609
:10121000DB0013449B001A46FB681344164A11680E
:101220000222184600F08EFD02467B6913447B6162
:101230007A691346DB0013449B001A46FB6813448B
:101240000E4A11680222184600F07CFD02467B69B6
:1012500013447B617B68002B02D07B6800221A60FC
:10126000FFF746FE7B6918461837BD4680BD00BFB4
:101270009C070030E0060030800700308407003013
:1012800080B584B000AF7860124B1B68002B0DD086
:101290004FF0500383F31188BFF36F8FBFF34F8F6D
:1012A000BB6000BF02201BF005FAFEE7FFF712FE4D
:1012B00003F000FE084B1A687B681344064A13606B
:1012C00003F02AFEFFF714FEF860FB68184610379B
:1012D000BD4680BDC4070030AC07003080B58AB081
:1012E00000AF00237B62804B1B68002B40F0F28034
:1012F0007E4B1B6801333B627C4A3B6A13603B6A4E
:10130000002B23D17A4B1B681B68002B0DD04FF0AC
:10131000500383F31188BFF36F8FBFF34F8F7B6050
:1013200000BF02201BF0C6F9FEE7714B1B68FB6192
:10133000704B1B686E4A13606E4AFB6913606E4BFC
:101340001B6801336C4A136000F04CFD6B4B1B684B
:101350003A6A9A42C0F0A980654B1B681B68002B53
:1013600004D1664B4FF0FF321A609EE0604B1B6861
:10137000DB68DB68BB61BB695B687B613A6A7B6980
:101380009A4203D25D4A7B6913608EE0BB695B6958
:101390003B61BB699B68BA69D2689A60BB69DB68CC
:1013A000BA6992685A603B695A68BB6904339A42C9
:1013B00003D1BB69DA683B695A60BB6900225A6194
:1013C0003B691B685A1E3B691A60BB699B6A002B0C
:1013D0001ED0BB699B6AFB60BB69DB69BA69126A94
:1013E0009A60BB691B6ABA69D2695A60FB685A681D
:1013F000BB6918339A4203D1BB691A6AFB685A6009
:10140000BB6900229A62FB681B685A1EFB681A605F
:10141000BB69DA6A3A4B1B689A4203D9BB69DB6A3B
:10142000374A1360BB69DA6A364913469B00134496
:101430009B000B4404331B68BB60BB69BA689A60AD
:10144000BB689A68BB69DA60BB689B68BA6904329A
:101450005A60BB691A1DBB689A60BB69DA6A134699
:101460009B0013449B00274A1A44BB695A61BB691D
:10147000DA6A244913469B0013449B000B441B6803
:10148000BA69D26A591C1F4813469B0013449B003B
:1014900003441960BB69DA6A1B4B1B68DB6A9A421A
:1014A0007FF65AAF01237B6256E7174B1B68DA6A57
:1014B000144913469B0013449B000B441B68012BEB
:1014C00001D901237B62114B1B68002B07D001233C
:1014D0007B6204E00E4B1B6801330D4A13607B6A8C
:1014E00018462837BD4680BDC4070030A00700302D
:1014F0008007003084070030B4070030BC0700309C
:10150000A4070030E0060030DC060030B0070030F1
:10151000AC07003080B584B000AF294B1B68002BAE
:1015200003D0284B01221A6045E0264B00221A60A6
:10153000254B1B68FB6013E0FB68002B0DD14FF0BF
:10154000500383F31188BFF36F8FBFF34F8F7B601E
:1015500000BF02201BF0AEF8FEE7FB68013BFB601A
:101560001A49FA6813469B0013449B000B441B68FE
:10157000002BE1D0FA6813469B0013449B00134AEA
:101580001344BB60BB685B685A68BB685A60BB6841
:101590005A68BB6808339A4203D1BB68DA68BB68F3
:1015A0005A60BB685B68DB68094A1360064AFB68DF
:1015B0001360074B1B6800BF1037BD4680BD00BFDE
:1015C000C4070030B0070030A4070030E006003048
:1015D000DC06003080B584B000AF786039607B688D
:1015E000002B0DD14FF0500383F31188BFF36F8FA1
:1015F000BFF34F8FFB6000BF02201BF05BF8FEE7DC
:10160000074B1B6818331946786801F0CEFC01219E
:10161000386801F0E7FB00BF1037BD4680BD00BF52
:10162000DC06003080B588B000AFF860B9607A6041
:10163000FB68002B0DD14FF0500383F31188BFF3EB
:101640006F8FBFF34F8FBB6100BF02201BF032F8DA
:10165000FEE7204B1B68002B0DD14FF0500383F3A6
:101660001188BFF36F8FBFF34F8F7B6100BF0220E4
:101670001BF020F8FEE7184B1B68BA6842F00042E6
:101680009A61FB685B68FB61134B1B68FA69DA615E
:10169000114B1B68FA6992681A620F4B1A68FB6952
:1016A0009B6818325A600C4B1B6803F11802FB69E7
:1016B0009A60094B1B68FA689A62FB681B685A1C9F
:1016C000FB681A600121786801F08CFB00BF2037AD
:1016D000BD4680BDC4070030DC06003080B58AB04E
:1016E00000AF78607B68DB68DB683B623B6A002B9D
:1016F0000DD14FF0500383F31188BFF36F8FBFF309
:101700004F8FFB6000BF02201AF0D4FFFEE73B6A58
:101710009B6AFB613B6ADB693A6A126A9A603B6AC0
:101720001B6A3A6AD2695A60FB695A683B6A183385
:101730009A4203D13B6A1A6AFB695A603B6A0022EB
:101740009A62FB691B685A1EFB691A604A4B1B6848
:10175000002B61D13B6A5B697B613B6A9B683A6A9B
:10176000D2689A603B6ADB683A6A92685A607B6921
:101770005A683B6A04339A4203D13B6ADA687B6950
:101780005A603B6A00225A617B691B685A1E7B695A
:101790001A603B6ADA6A394B1B689A4203D93B6A82
:1017A000DB6A364A13603B6ADA6A354913469B00A6
:1017B00013449B000B4404331B683B613B6A3A694A
:1017C0009A603B699A683B6ADA603B699B683A6A4F
:1017D00004325A603B6A1A1D3B699A603B6ADA6AB6
:1017E00013469B0013449B00254A1A443B6A5A61E6
:1017F0003B6ADA6A224913469B0013449B000B4460
:101800001B683A6AD26A591C1D4813469B00134450
:101810009B00034419601BE01A4B5B68BB613B6A89
:10182000BA69DA61BB699A683B6A1A62BB699B68EC
:101830003A6A18325A603B6A03F11802BB699A602F
:101840003B6A104A9A620F4B1B6801330D4A1360C2
:101850003B6ADA6A0C4B1B68DB6A9A4205D90123A2
:101860007B620A4B01221A6001E000237B627B6AE3
:1018700018462837BD4680BDC4070030A407003095
:10188000E006003088070030DC060030B00700308A
:1018900080B588B000AF786039605C4B1B68002B66
:1018A0000DD14FF0500383F31188BFF36F8FBFF357
:1018B0004F8FFB6000BF02201AF0FCFEFEE73B6882
:1018C00043F000427B681A607B68DB68FB61FB6960
:1018D000002B0DD14FF0500383F31188BFF36F8FAE
:1018E000BFF34F8FBB6000BF02201AF0E3FEFEE79C
:1018F0007B681B69BB617B685B687A6892689A60E9
:101900007B689B687A6852685A60BB695B687A68D2
:101910009A4203D17B689A68BB695A607B6800224F
:101920001A61BB691B685A1EBB691A60FB695B6957
:101930007B61FB699B68FA69D2689A60FB69DB6826
:10194000FA6992685A607B695A68FB6904339A4263
:1019500003D1FB69DA687B695A60FB6900225A612E
:101960007B691B685A1E7B691A60FB69DA6A284B1F
:101970001B689A4203D9FB69DB6A254A1360FB693D
:10198000DA6A244913469B0013449B000B4404333A
:101990001B683B61FB693A699A603B699A68FB691D
:1019A000DA603B699B68FA6904325A60FB691A1D68
:1019B0003B699A60FB69DA6A13469B0013449B00FB
:1019C000144A1A44FB695A61FB69DA6A11491346E1
:1019D0009B0013449B000B441B68FA69D26A591C94
:1019E0000C4813469B0013449B0003441960FB6999
:1019F000DA6A094B1B68DB6A9A4202D9074B01225B
:101A00001A6000BF2037BD4680BD00BFC40700304C
:101A1000A4070030E0060030DC060030B0070030DC
:101A200080B584B000AF78607B68002B0DD14FF09B
:101A3000500383F31188BFF36F8FBFF34F8FFB60A9
:101A400000BF02201AF036FEFEE703F033FA074B20
:101A50001A687B681A60064B1A687B685A6003F044
:101A60005BFA00BF1037BD4680BD00BFB407003031
:101A7000A007003080B483B000AF7860064B1A68CE
:101A80007B681A60054B1A687B685A6000BF0C3788
:101A9000BD465DF8047B7047B4070030A0070030F6
:101AA00080B588B000AF786039607B68002B0DD1BD
:101AB0004FF0500383F31188BFF36F8FBFF34F8F45
:101AC0003B6100BF02201AF0F5FDFEE73B68002BEA
:101AD0000DD14FF0500383F31188BFF36F8FBFF325
:101AE0004F8FFB6000BF02201AF0E4FDFEE703F019
:101AF000E1F91B4B1B68BB617B685B68BA69D31A51
:101B00007B617B681A68174B1B689A420AD07B6816
:101B10005B68BA699A4205D30123FB613B680022E6
:101B20001A6015E03B681B687A699A420BD23B68E1
:101B30001A687B69D21A3B681A607868FFF79AFFC7
:101B40000023FB6104E03B6800221A600123FB6173
:101B500003F0E2F9FB6918462037BD4680BD00BF9F
:101B6000A0070030B407003080B400AF034B01225F
:101B70001A6000BFBD465DF8047B7047B0070030B7
:101B800080B485B000AF78607B68002B05D07B689F
:101B9000BB60BB689B6CFB6001E00023FB60FB68E3
:101BA00018461437BD465DF8047B704780B485B095
:101BB00000AF786039607B68002B04D07B68FB60E5
:101BC000FB683A689A6400BF1437BD465DF8047B31
:101BD000704780B582B000AF786000F037F8FCE75E
:101BE00080B582B000AF00237B600CE07A681346BA
:101BF0009B0013449B000F4A1344184601F084F9DC
:101C00007B6801337B607B68052BEFD90A4801F0C4
:101C10007BF90A4801F078F9094801F075F9094B98
:101C2000054A1A60084B054A1A6000BF0837BD46CE
:101C300080BD00BFE0060030580700306C07003060
:101C400088070030800700308407003080B400AF80
:101C500000BFBD465DF8047B704780B586B000AF1D
:101C6000F860B9607A60FB70FB68002B02D1334BDF
:101C70001B6800E0FB687B617B69002B0DD14FF096
:101C8000500383F31188BFF36F8FBFF34F8F3B6116
:101C900000BF02201AF00EFDFEE7BB687A691A60E9
:101CA0007B6903F13402BB685A607B69DA6ABB68FE
:101CB0001A617B691A6BBB68DA617B695A6CBB6815
:101CC0009A607B69DA6CBB685A61BB6800229A61D2
:101CD000FB78052B18D0194B1B687A699A4203D1FF
:101CE000BB6800221A7316E0BB68FA781A7303F017
:101CF000E1F87B699B6A124A934202D1BB680122D8
:101D00001A7303F009F906E07869FEF7DDFF034670
:101D10001A46BB681A737B68002B08D07B691B6B63
:101D2000184600F044F80246BB681A6202E0BB683D
:101D300000221A6200BF1837BD4680BDDC060030A5
:101D40008807003080B588B000AFF860B9601346EE
:101D5000FB710023FB61BB6808337B6100233B619F
:101D6000BB681B68002B1DD0BB68DB68BB6115E03E
:101D7000BB69DB683B61FA691346DB0013449B00D7
:101D80001A46FB689918FB7901223869FFF765FF4D
:101D9000FB690133FB61BB695B68BB61BA697B6945
:101DA0009A42E5D1FB6918462037BD4680BD80B414
:101DB00085B000AF78600023FB6005E07B680133ED
:101DC0007B60FB680133FB607B681B78A52BF5D03B
:101DD000FB689B08FB60FB6818461437BD465DF83E
:101DE000047B704780B400AF0A4B1B681B68002B54
:101DF00004D1094B4FF0FF321A6005E0054B1B6818
:101E0000DB681B68044A136000BFBD465DF8047BB5
:101E1000704700BF80070030BC07003080B483B03B
:101E200000AF054B1B687B607B6818460C37BD46CE
:101E30005DF8047B704700BFDC06003080B485B0DD
:101E400000AF78600023FB607B68002B05DB7B68BC
:101E5000002B02DC044B1B68FB60FB681846143740
:101E6000BD465DF8047B7047DC06003080B483B06B
:101E700000AF0B4B1B68002B02D101237B6008E0F5
:101E8000084B1B68002B02D102237B6001E000237A
:101E90007B607B6818460C37BD465DF8047B704755
:101EA000A8070030C407003080B586B000AF786066
:101EB0007B683B6100237B617B68002B7BD03B69A7
:101EC000DA6A3F4B1B68DB6A9A426BD23B699B69BB
:101ED000002B06DB3A4B1B68DB6AC3F106023B6949
:101EE0009A613B6959693B69DA6A13469B0013445E
:101EF0009B00344A134499424CD13B690433184641
:101F000001F08CF82E4B1B68DA6A3B69DA623B6998
:101F1000DA6A2D4B1B689A4203D93B69DB6A2A4A6D
:101F200013603B69DA6A274913469B0013449B0000
:101F30000B4404331B68FB603B69FA689A60FB68DA
:101F40009A683B69DA60FB689B683A6904325A60B8
:101F50003B691A1DFB689A603B69DA6A13469B006D
:101F600013449B00174A1A443B695A613B69DA6A79
:101F7000144913469B0013449B000B441B683A69A9
:101F8000D26A591C0F4813469B0013449B0003441C
:101F9000196004E00A4B1B68DA6A3B69DA620123C4
:101FA0007B6108E03B69DA6C054B1B68DB6A9A428F
:101FB00001D201237B617B6918461837BD4680BD7D
:101FC000DC060030E0060030A407003080B588B0A1
:101FD00000AF78607B68BB610023FB617B68002BEE
:101FE00000F08780454B1B68BA699A420DD04FF0CC
:101FF000500383F31188BFF36F8FBFF34F8F3B61A3
:1020000000BF02201AF056FBFEE7BB691B6D002BD8
:102010000DD14FF0500383F31188BFF36F8FBFF3DF
:102020004F8FFB6000BF02201AF044FBFEE7BB6944
:102030001B6D5A1EBB691A65BB69DA6ABB69DB6C2A
:102040009A4256D0BB691B6D002B52D1BB69043339
:10205000184600F0E3FFBB69DA6CBB69DA62BB6962
:10206000DB6AC3F10602BB699A61BB69DA6A244B79
:102070001B689A4203D9BB69DB6A214A1360BB69BA
:10208000DA6A204913469B0013449B000B44043337
:102090001B687B61BB697A699A607B699A68BB69D6
:1020A000DA607B699B68BA6904325A60BB691A1DA1
:1020B0007B699A60BB69DA6A13469B0013449B00F4
:1020C000104A1A44BB695A61BB69DA6A0D49134662
:1020D0009B0013449B000B441B68BA69D26A591CCD
:1020E000084813469B0013449B00034419600123D6
:1020F000FB61FB6918462037BD4680BDDC06003019
:10210000A4070030E006003080B58AB000AF7860E8
:1021100039607B683B620123FB617B68002B00F028
:102120009B803B6A1B6D002B0DD14FF0500383F356
:102130001188BFF36F8FBFF34F8F3B6100BF022049
:102140001AF0B8FAFEE73B6ADB6C3A689A4202D9A9
:102150003B687B6202E03B6ADB6C7B623B6ADB6A6A
:102160007A6A9A4278D03B6A1B6DFA699A4273D1B7
:102170003B4B1B683A6A9A420DD14FF0500383F3F0
:102180001188BFF36F8FBFF34F8FFB6000BF02203A
:102190001AF090FAFEE73B6ADB6ABB613B6A7A6A37
:1021A000DA623B6A9B69002B04DB7B6AC3F106029F
:1021B0003B6A9A613B6A5969BA6913469B001344AA
:1021C0009B00284A1344994246D13B6A043318467F
:1021D00000F024FF3B6ADA6A234B1B689A4203D95A
:1021E0003B6ADB6A204A13603B6ADA6A1D49134680
:1021F0009B0013449B000B4404331B687B613B6AC8
:102200007A699A607B699A683B6ADA607B699B6845
:102210003A6A04325A603B6A1A1D7B699A603B6ACB
:10222000DA6A13469B0013449B000E4A1A443B6A29
:102230005A613B6ADA6A0B4913469B0013449B00C0
:102240000B441B683A6AD26A591C064813469B0025
:1022500013449B000344196000BF2837BD4680BD6E
:10226000DC060030E0060030A407003080B483B004
:1022700000AF094B1B689B697B60074B1B68DA6AE0
:10228000054B1B68C2F106029A617B6818460C3741
:10229000BD465DF8047B7047DC06003080B483B037
:1022A00000AF094B1B687B607B68002B04D07B6808
:1022B0001B6D5A1C7B681A657B6818460C37BD4637
:1022C0005DF8047B704700BFDC06003080B588B045
:1022D00000AFF860B9607A600023FB61FB68002BF7
:1022E0000DD04FF0500383F31188BFF36F8FBFF30E
:1022F0004F8F3B6100BF02201AF0DCF9FEE7364B3E
:102300001A68FB6814339B0013445B68002B32D1BE
:102310007B68002B2FD0FEF7DDFD02F0CBFD2E4BAE
:102320001A68FB6814339B0013445B68002B08D1C8
:10233000294B1A68FB681344583301221A70012391
:10234000FB6102F0E9FDFB69012B03D101217868F3
:1023500000F048FDFEF7CCFDB861FB69012B0AD106
:10236000BB69002B07D11D4B4FF080521A60BFF3A1
:102370004F8FBFF36F8F02F09DFD174B1A68FB68FC
:1023800014339B0013445B687B617B69002B14D082
:10239000BB68002B08D0104B1A68FB6814339B00F5
:1023A000134400225A6008E00B4B19687B695A1EDF
:1023B000FB6814339B000B445A60074B1A68FB6898
:1023C0001344583300221A7002F0A6FD7B691846A8
:1023D0002037BD4680BD00BFDC06003004ED00E0C4
:1023E00080B588B000AFF860B9607A603B600023C8
:1023F000BB61FB68002B0DD04FF0500383F31188B5
:10240000BFF36F8FBFF34F8F3B6100BF02201AF005
:1024100051F9FEE7414B1A68FB68134458331B78A7
:10242000DBB2022B41D0BB6A002B3ED0FEF752FD3F
:1024300002F040FD394B1A68FB68134458331B788F
:10244000DBB2022B17D0354B1A68FB6814339B00A4
:1024500013445968BB68DB431940FB6814339B0085
:10246000134459602D4B1A68FB68134458330122FA
:102470001A700123BB6102F04FFDBB69012B03D130
:102480000121B86A00F0AEFCFEF732FD7861BB694D
:10249000012B0AD17B69002B07D1214B4FF08052D1
:1024A0001A60BFF34F8FBFF36F8F02F003FD3B68DD
:1024B000002B08D0194B1A68FB6814339B00134497
:1024C0005A683B681A60154B1A68FB681344583306
:1024D0001B78DBB2022B02D00023FB6110E00F4B14
:1024E0001A68FB6814339B00134459687B68DB430C
:1024F0001940FB6814339B00134459600123FB61AE
:10250000064B1A68FB681344583300221A7002F015
:1025100003FDFB6918462037BD4680BDDC06003050
:1025200004ED00E080B58EB000AFF860B9607A606D
:10253000FB7001237B63BB68002B0DD04FF0500371
:1025400083F31188BFF36F8FBFF34F8F3B6200BFE0
:1025500002201AF0AFF8FEE7FB68002B0DD14FF018
:10256000500383F31188BFF36F8FBFF34F8FFB616D
:1025700000BF02201AF09EF8FEE7FB683B6302F002
:1025800099FC3B6C002B07D03A6BBB6814339B0063
:1025900013445A683B6C1A603A6BBB681344583357
:1025A0001B7887F82F303A6BBB68134458330222EC
:1025B0001A70FB78042B41D801A252F823F000BF17
:1025C00061261008D5251008F32510080F261008DD
:1025D0001F2610083A6BBB6814339B0013445A68DB
:1025E0007B681A43396BBB6814339B000B445A60F9
:1025F00039E03A6BBB6814339B0013445B685A1C88
:10260000396BBB6814339B000B445A602BE03A6B68
:10261000BB6814339B0013447A685A6023E097F830
:102620002F30022B07D03A6BBB6814339B00134446
:102630007A685A6017E000237B6314E0514B1B68F3
:10264000002B0FD04FF0500383F31188BFF36F8F2F
:10265000BFF34F8FBB6100BF02201AF02BF8FEE7DB
:1026600000BF00E000BF97F82F30012B40F08280C0
:102670003B6B5B69BB623B6B9B683A6BD2689A6051
:102680003B6BDB683A6B92685A60BB6A5A683B6B7B
:1026900004339A4203D13B6BDA68BB6A5A603B6BE6
:1026A00000225A61BB6A1B685A1EBB6A1A603B6BE8
:1026B000DA6A354B1B689A4203D93B6BDB6A324AB4
:1026C00013603B6BDA6A314913469B0013449B004D
:1026D0000B4404331B687B623B6B7A6A9A607B6AAB
:1026E0009A683B6BDA607B6A9B683A6B04325A608B
:1026F0003B6B1A1D7B6A9A603B6BDA6A13469B0040
:1027000013449B00214A1A443B6B5A613B6BDA6AC3
:102710001E4913469B0013449B000B441B683A6BF5
:10272000D26A591C194813469B0013449B0003446A
:1027300019603B6B9B6A002B0DD04FF0500383F365
:102740001188BFF36F8FBFF34F8F7B6100BF0220F3
:1027500019F0B0FFFEE70E4B1B68DA6A3B6BDB6AD1
:102760009A4207D20B4B4FF080521A60BFF34F8F43
:10277000BFF36F8F02F0D0FB7B6B18463837BD4636
:1027800080BD00BFA0070030A4070030E006003085
:10279000DC06003004ED00E080B592B000AFF860D8
:1027A000B9607A60FB7001237B64FB68002B0DD15C
:1027B0004FF0500383F31188BFF36F8FBFF34F8F38
:1027C000BB6200BF022019F075FFFEE7BB68002B5B
:1027D0000DD04FF0500383F31188BFF36F8FBFF319
:1027E0004F8F7B6200BF022019F064FFFEE702F00A
:1027F00036FCFB683B64EFF311824FF0500383F328
:102800001188BFF36F8FBFF34F8F3A62FB613B6A52
:10281000FB633B6D002B07D03A6CBB6814339B0005
:1028200013445A683B6D1A603A6CBB6813445833C2
:102830001B7887F83B303A6CBB681344583302224C
:102840001A70FB78042B41D801A252F823F000BF84
:10285000F128100865281008832810089F28100800
:10286000AF2810083A6CBB6814339B0013445A68B5
:102870007B681A43396CBB6814339B000B445A6065
:1028800039E03A6CBB6814339B0013445B685A1CF4
:10289000396CBB6814339B000B445A602BE03A6CD4
:1028A000BB6814339B0013447A685A6023E097F89E
:1028B0003B30022B07D03A6CBB6814339B001344A7
:1028C0007A685A6017E000237B6414E0644B1B684D
:1028D000002B0FD04FF0500383F31188BFF36F8F9D
:1028E000BFF34F8FBB6100BF022019F0E3FEFEE78C
:1028F00000BF00E000BF97F83B30012B40F0A48000
:102900003B6C9B6A002B0DD04FF0500383F3118872
:10291000BFF36F8FBFF34F8F7B6100BF022019F0B1
:10292000C9FEFEE74F4B1B68002B61D13B6C5B6916
:102930003B633B6C9B683A6CD2689A603B6CDB688B
:102940003A6C92685A603B6B5A683B6C04339A420B
:1029500003D13B6CDA683B6B5A603B6C00225A61D6
:102960003B6B1B685A1E3B6B1A603B6CDA6A3E4B32
:102970001B689A4203D93B6CDB6A3B4A13603B6C91
:10298000DA6A3A4913469B0013449B000B44043314
:102990001B68FB623B6CFA6A9A60FB6A9A683B6C44
:1029A000DA60FB6A9B683A6C04325A603B6C1A1D11
:1029B000FB6A9A603B6CDA6A13469B0013449B00E7
:1029C0002A4A1A443B6C5A613B6CDA6A274913461F
:1029D0009B0013449B000B441B683A6CD26A591C41
:1029E000224813469B0013449B00034419601BE0DC
:1029F0001F4B5B687B633B6C7A6BDA617B6B9A681D
:102A00003B6C1A627B6B9B683A6C18325A603B6C69
:102A100003F118027B6B9A603B6C154A9A62144B67
:102A20001B680133124A13603B6CDA6A114B1B6856
:102A3000DB6A9A4208D97B6D002B02D07B6D0122A4
:102A40001A600D4B01221A60FB6B3B613B6983F3FB
:102A5000118800BF7B6C18464837BD4680BD00BF5B
:102A6000A0070030C4070030A4070030E0060030A3
:102A700088070030DC060030B007003080B590B029
:102A800000AFF860B9607A60FB68002B0DD14FF0A1
:102A9000500383F31188BFF36F8FBFF34F8F7B62B7
:102AA00000BF022019F006FEFEE7BB68002B0DD028
:102AB0004FF0500383F31188BFF36F8FBFF34F8F35
:102AC0003B6200BF022019F0F5FDFEE702F0C7FAF5
:102AD000FB68FB63EFF311824FF0500383F311881F
:102AE000BFF36F8FBFF34F8FFA61BB61FB69BB63AD
:102AF000FA6BBB68134458331B7887F83730FA6B8E
:102B0000BB681344583302221A70FA6BBB68143343
:102B10009B0013445B685A1CF96BBB6814339B0021
:102B20000B445A6097F83730012B40F0A480FB6BC0
:102B30009B6A002B0DD04FF0500383F31188BFF335
:102B40006F8FBFF34F8F7B6100BF022019F0B2FD82
:102B5000FEE74E4B1B68002B61D1FB6B5B69FB6290
:102B6000FB6B9B68FA6BD2689A60FB6BDB68FA6B55
:102B700092685A60FB6A5A68FB6B04339A4203D12D
:102B8000FB6BDA68FB6A5A60FB6B00225A61FB6AD6
:102B90001B685A1EFB6A1A60FB6BDA6A3C4B1B68A7
:102BA0009A4203D9FB6BDB6A394A1360FB6BDA6A22
:102BB000384913469B0013449B000B4404331B68A5
:102BC000BB62FB6BBA6A9A60BB6A9A68FB6BDA609D
:102BD000BB6A9B68FA6B04325A60FB6B1A1DBB6AB6
:102BE0009A60FB6BDA6A13469B0013449B00294AE8
:102BF0001A44FB6B5A61FB6BDA6A264913469B0049
:102C000013449B000B441B68FA6BD26A591C214881
:102C100013469B0013449B00034419601BE01E4BAA
:102C20005B683B63FB6B3A6BDA613B6B9A68FB6BEF
:102C30001A623B6B9B68FA6B18325A60FB6B03F1AC
:102C400018023B6B9A60FB6B134A9A62124B1B682B
:102C50000133114A1360FB6BDA6A104B1B68DB6AA5
:102C60009A4208D97B68002B02D07B6801221A6047
:102C70000B4B01221A60BB6B3B613B6983F31188EC
:102C800000BF00BF4037BD4680BD00BFC407003055
:102C9000A4070030E006003088070030DC06003072
:102CA000B007003080B586B000AF786039603B680F
:102CB000002B0DD04FF0500383F31188BFF36F8FBB
:102CC000BFF34F8FFB6000BF022019F0F3FCFEE75B
:102CD0007B68002B02D1194B1B6800E07B683B61CD
:102CE0003B69002B0DD14FF0500383F31188BFF3E4
:102CF0006F8FBFF34F8FBB6000BF022019F0DAFC6B
:102D0000FEE702F0D7F83A693B68134458331B7862
:102D1000DBB2022B08D13A693B68134458330022D6
:102D20001A7001237B6101E000237B6102F0F4F85B
:102D30007B6918461837BD4680BD00BFDC060030F1
:102D400080B588B000AFF860B9607A60BB68002BCE
:102D50000DD04FF0500383F31188BFF36F8FBFF393
:102D60004F8F7B6100BF022019F0A4FCFEE7FB68D7
:102D7000002B02D11A4B1B6800E0FB68FB61FB696A
:102D8000002B0DD14FF0500383F31188BFF36F8FE9
:102D9000BFF34F8F3B6100BF022019F08BFCFEE7B1
:102DA00002F088F8FA69BB6814339B0013445B682F
:102DB000BB61FA69BB6814339B0013445A687B6893
:102DC000DB431A40F969BB6814339B000B445A601B
:102DD00002F0A2F8BB6918462037BD4680BD00BF8F
:102DE000DC06003080B586B000AF786039601B4BE0
:102DF0001B687B611A4B1B683B611A4B1B68FB60AD
:102E0000194B1B680433184600F008F97A697B688F
:102E10001344BB60144B1B68BA685A60BA687B697C
:102E20009A4207D2104B1B6804331946F86800F029
:102E3000BCF80EE00C4B1B6804331946386900F0EF
:102E4000B4F80A4B1B68BA689A4202D2074ABB68B8
:102E5000136000BF1837BD4680BD00BFA00700301B
:102E60008007003084070030DC060030BC070030EB
:102E700080B483B000AF194B00221A60184B0022B7
:102E80001A60184B00221A60174B00221A60174B69
:102E900000221A60164B00221A6000237B6007E0B4
:102EA000144A7B68002142F823107B6801337B6061
:102EB0007B68002BF4DD104B00221A600F4B0022C0
:102EC0001A600F4B00221A600E4B00221A6000BFDE
:102ED0000C37BD465DF8047B704700BFDC06003050
:102EE0009C070030A0070030A4070030A80700307E
:102EF000AC070030B0070030B4070030B80700302E
:102F0000BC070030C407003080B483B000AF7860E5
:102F10007B6803F108027B685A607B684FF0FF32E0
:102F20009A607B6803F108027B68DA607B6803F1D2
:102F300008027B681A617B6800221A6000BF0C37A8
:102F4000BD465DF8047B704780B483B000AF786005
:102F50007B6800221A6100BF0C37BD465DF8047B18
:102F6000704780B485B000AF786039607B685B687B
:102F7000FB603B68FA685A60FB689A683B689A6035
:102F8000FB689B683A685A60FB683A689A603B68DD
:102F90007A681A617B681B685A1C7B681A6000BFDC
:102FA0001437BD465DF8047B704780B485B000AF30
:102FB000786039603B681B68BB60BB68B3F1FF3F5A
:102FC00003D17B681B69FB600CE07B680833FB6006
:102FD00002E0FB685B68FB60FB685B681B68BA68C3
:102FE0009A42F6D2FB685A683B685A603B685B6855
:102FF0003A689A603B68FA689A60FB683A685A6077
:103000003B687A681A617B681B685A1C7B681A6087
:1030100000BF1437BD465DF8047B704780B485B0AF
:1030200000AF78607B681B69FB607B685B687A68CF
:1030300092689A607B689B687A6852685A60FB68FD
:103040005B687A689A4203D17B689A68FB685A6029
:103050007B6800221A61FB681B685A1EFB681A60B5
:10306000FB681B6818461437BD465DF8047B704743
:1030700080B586B000AF7860396001237B617B68E2
:103080003B613B69002B0DD14FF0500383F3118856
:10309000BFF36F8FBFF34F8FFB6000BF022019F0AB
:1030A00009FBFEE73B69002B5DD03B69DB6B002B26
:1030B00059D03B691A6C3B69DB6B0021A3FB0223EF
:1030C000002B00D001210B46002B4CD101F0F2FE69
:1030D0003B691A683B69DB6B3969096C01FB03F3D7
:1030E0001A443B699A603B6900229A633B691A68FB
:1030F0003B695A603B691A683B69DB6B013B396984
:10310000096C01FB03F31A443B69DA603B69FF2257
:1031100083F844203B69FF2283F845203B68002B5D
:1031200014D13B691B69002B1AD03B691033184638
:10313000FEF7D4FA0346002B12D0174B4FF0805203
:103140001A60BFF34F8FBFF36F8F09E03B691033F5
:103150001846FFF7D9FE3B6924331846FFF7D4FE23
:1031600001F0DAFE01E000237B617B69002B0DD1C9
:103170004FF0500383F31188BFF36F8FBFF34F8F6E
:10318000BB6000BF022019F095FAFEE77B69184684
:103190001837BD4680BD00BF04ED00E080B58AB0A1
:1031A00002AFF860B9601346FB710023FB61FB6856
:1031B000002B2ED00021BA68FB68A3FB0223002B52
:1031C00000D001210B46002B23D1FB68BA6802FB1B
:1031D00003F313F1510F1CD8FB68BA6802FB03F329
:1031E000BB61BB695033184601F06CF9F861FB69AB
:1031F000002B1FD0FB697B617B6950337B61FA79BF
:10320000FB69009313467A69B968F86800F017F80B
:1032100010E0FB69002B0DD14FF0500383F31188B0
:10322000BFF36F8FBFF34F8F3B6100BF022019F0D8
:1032300041FAFEE7FB6918462037BD4680BD80B5E0
:1032400084B000AFF860B9607A60FB70BB68002B97
:1032500003D1BB69BA691A6002E0BB697A681A6077
:10326000BB69FA68DA63BB69BA681A640121B86994
:10327000FFF7FEFEBB69FA7883F84C2000BF1037D9
:10328000BD4680BD80B582B000AF78607B68002B02
:103290000ED07B6800229A607B6800221A607B68EF
:1032A0000022DA60002300220021786800F01CF878
:1032B00000BF0837BD4680BD80B586B000AF03466D
:1032C000FB7101237B6100233B61FB791A4639695D
:1032D0007869FFF763FFF860F868FFF7D3FFFB68D2
:1032E00018461837BD4680BD80B58EB000AFF86077
:1032F000B9607A603B6000237B63FB683B633B6B98
:10330000002B0DD14FF0500383F31188BFF36F8F63
:10331000BFF34F8FBB6200BF022019F0CBF9FEE76D
:10332000BB68002B11D13B6B1B6C002B0DD04FF0F9
:10333000500383F31188BFF36F8FBFF34F8F7B620E
:1033400000BF022019F0B6F9FEE73B68022B11D14D
:103350003B6BDB6B012B0DD04FF0500383F31188D7
:10336000BFF36F8FBFF34F8F3B6200BF022019F096
:10337000A1F9FEE7FEF77AFD0346002B10D17B682A
:10338000002B0DD04FF0500383F31188BFF36F8FE4
:10339000BFF34F8FFB6100BF022019F08BF9FEE7EE
:1033A00001F088FD3B6B9A6B3B6BDB6B9A4202D35F
:1033B0003B68022B29D13A68B968386B00F067FE88
:1033C000F8623B6B5B6A002B10D03B6B24331846D2
:1033D000FEF784F90346002B13D0404B4FF0805288
:1033E0001A60BFF34F8FBFF36F8F0AE0FB6A002BA9
:1033F00007D03A4B4FF080521A60BFF34F8FBFF3A4
:103400006F8F01F089FD012363E07B68002B03D1FE
:1034100001F082FD00235CE07B6B002B06D107F1FD
:1034200014031846FEF726FB01237B6301F074FDAD
:10343000FDF750FD01F03EFD3B6B93F844305BB26D
:10344000B3F1FF3F03D13B6B002283F844203B6B79
:1034500093F845305BB2B3F1FF3F03D13B6B0022E1
:1034600083F8452001F058FD3A1D07F11403114679
:103470001846FEF715FB0346002B24D1386B00F0ED
:1034800023FF0346002B18D03B6B10337A6811469C
:103490001846FEF79FF8386B00F089FEFDF728FD0F
:1034A0000346002B7FF47CAF0C4B4FF080521A6028
:1034B000BFF34F8FBFF36F8F72E7386B00F077FE6B
:1034C000FDF716FD6CE7386B00F071FEFDF710FD9F
:1034D000002318463837BD4680BD00BF04ED00E02C
:1034E00080B590B000AFF860B9607A603B60FB686F
:1034F000BB63BB6B002B06D0BB68002B11D1BB6B31
:103500001B6C002B0DD04FF0500383F31188BFF3D9
:103510006F8FBFF34F8F7B6200BF022019F0CAF894
:10352000FEE7BB6B002B06D03B68022B11D1BB6BB7
:10353000DB6B012B0DD04FF0500383F31188BFF3E9
:103540006F8FBFF34F8F3B6200BF022019F0B2F8BC
:10355000FEE701F084FDEFF311824FF0500383F397
:103560001188BFF36F8FBFF34F8FFA61BB61FB69A7
:103570007B63BB6B9A6BBB6BDB6B9A4202D33B6882
:10358000022B49D1BB6B93F8453087F83330BB6BC6
:103590009B6BFB623A68B968B86B00F078FD97F9ED
:1035A0003330B3F1FF3F12D1BB6B5B6A002B30D0DD
:1035B000BB6B24331846FEF791F80346002B28D046
:1035C0007B68002B25D07B6801221A6021E0FDF783
:1035D000BDFDB86297F93330BA6A9A4219D997F9A2
:1035E00033307F2B0DD14FF0500383F31188BFF39D
:1035F0006F8FBFF34F8F7B6100BF022019F05AF825
:10360000FEE797F833300133DBB25AB2BB6B83F875
:1036100045200123FB6301E00023FB637B6B3B61DF
:103620003B6983F3118800BFFB6B18464037BD46EA
:1036300080BD80B58EB000AF786039607B683B6339
:103640003B6B002B03D03B6B1B6C002B0DD04FF062
:10365000500383F31188BFF36F8FBFF34F8FFB616C
:1036600000BF022019F026F8FEE73B6B002B07D0C5
:103670003B6B1B68002B11D13B6B9B68002B0DD063
:103680004FF0500383F31188BFF36F8FBFF34F8F59
:10369000BB6100BF022019F00DF8FEE701F0DFFC6E
:1036A000EFF311824FF0500383F31188BFF36F8F54
:1036B000BFF34F8F7A613B617B69FB623B6B9B6B16
:1036C000BB623B6BDB6BBA6A9A4245D23B6B93F8A9
:1036D000453087F82730BB6A5A1C3B6B9A6397F9D1
:1036E0002730B3F1FF3F12D13B6B5B6A002B30D028
:1036F0003B6B24331846FDF7F1FF0346002B28D01F
:103700003B68002B25D03B6801221A6021E0FDF7C1
:103710001DFD386297F927303A6A9A4219D997F90C
:1037200027307F2B0DD14FF0500383F31188BFF367
:103730006F8FBFF34F8FFB6000BF022018F0BAFFFE
:10374000FEE797F827300133DBB25AB23B6B83F8C0
:10375000452001237B6301E000237B63FB6ABB60A0
:10376000BB6883F3118800BF7B6B18463837BD46B2
:1037700080BD80B58CB000AFF860B9607A6000237E
:10378000FB62FB68BB62BB6A002B0DD14FF050039C
:1037900083F31188BFF36F8FBFF34F8F3B6200BF7E
:1037A000022018F087FFFEE7BB68002B11D1BB6A2F
:1037B0001B6C002B0DD04FF0500383F31188BFF327
:1037C0006F8FBFF34F8FFB6100BF022018F072FFB5
:1037D000FEE7FEF74BFB0346002B10D17B68002B66
:1037E0000DD04FF0500383F31188BFF36F8FBFF3F9
:1037F0004F8FBB6100BF022018F05CFFFEE701F0B5
:1038000059FBBB6A9B6B7B627B6A002B1FD0B9683C
:10381000B86A00F0A6FC7B6A5A1EBB6A9A63BB6A50
:103820001B69002B0FD0BB6A10331846FDF756FFFB
:103830000346002B07D03D4B4FF080521A60BFF378
:103840004F8FBFF36F8F01F067FB012369E07B6847
:10385000002B03D101F060FB002362E0FB6A002B28
:1038600006D107F110031846FEF704F90123FB62A5
:1038700001F052FBFDF72EFB01F01CFBBB6A93F835
:1038800044305BB2B3F1FF3F03D1BB6A002283F83F
:103890004420BB6A93F845305BB2B3F1FF3F03D1DC
:1038A000BB6A002283F8452001F036FB3A1D07F180
:1038B000100311461846FEF7F3F80346002B23D1F8
:1038C000B86A00F0C6FC0346002B17D0BB6A24334D
:1038D0007A6811461846FDF77DFEB86A00F067FC6D
:1038E000FDF706FB0346002B89D1104B4FF08052A9
:1038F0001A60BFF34F8FBFF36F8F80E7B86A00F095
:1039000056FCFDF7F5FA7AE7B86A00F050FCFDF7CF
:10391000EFFAB86A00F09DFC0346002B3FF46FAF4E
:10392000002318463037BD4680BD00BF04ED00E0DF
:1039300080B58CB000AF786039600023FB627B6893
:103940007B620023BB627B6A002B0DD14FF05003DA
:1039500083F31188BFF36F8FBFF34F8FBB6100BF3D
:10396000022018F0A7FEFEE77B6A1B6C002B0DD02F
:103970004FF0500383F31188BFF36F8FBFF34F8F66
:103980007B6100BF022018F095FEFEE7FEF76EFA9D
:103990000346002B10D13B68002B0DD04FF0500395
:1039A00083F31188BFF36F8FBFF34F8F3B6100BF6D
:1039B000022018F07FFEFEE701F07CFA7B6A9B6B29
:1039C0003B623B6A002B24D03B6A5A1E7B6A9A6397
:1039D0007B6A1B68002B04D1FEF760FC02467B6A01
:1039E0009A607B6A1B69002B0FD07B6A10331846E4
:1039F000FDF774FE0346002B07D04D4B4FF080526D
:103A00001A60BFF34F8FBFF36F8F01F085FA012368
:103A100089E03B68002B03D101F07EFA002382E0AD
:103A2000FB6A002B06D107F108031846FEF722F8BF
:103A30000123FB6201F070FAFDF74CFA01F03AFA4B
:103A40007B6A93F844305BB2B3F1FF3F03D17B6AEA
:103A5000002283F844207B6A93F845305BB2B3F1CF
:103A6000FF3F03D17B6A002283F8452001F054FA1E
:103A70003A4607F1080311461846FEF711F80346C7
:103A8000002B32D1786A00F0E4FB0346002B26D0ED
:103A90007B6A1B68002B09D101F00CFA7B6A9B68DA
:103AA0001846FEF701FAB86201F036FA7B6A243351
:103AB0003A6811461846FDF78DFD786A00F077FBED
:103AC000FDF716FA0346002B7FF476AF184B4FF044
:103AD00080521A60BFF34F8FBFF36F8F6CE7786A25
:103AE00000F065FBFDF704FA66E7786A00F05FFB1B
:103AF000FDF7FEF9786A00F0ACFB0346002B3FF4BB
:103B00005BAFBB6A002B0DD001F0D4F9786A00F0EE
:103B1000A6FAF8617B6A9B68F9691846FEF7F4FA21
:103B200001F0FAF9002318463037BD4680BD00BFCA
:103B300004ED00E080B58CB000AFF860B9607A6049
:103B40000023FB62FB68BB62BB6A002B06D0BB682C
:103B5000002B11D1BB6A1B6C002B0DD04FF0500312
:103B600083F31188BFF36F8FBFF34F8FFB6100BFEB
:103B7000022018F09FFDFEE7FEF778F90346002BC0
:103B800010D17B68002B0DD04FF0500383F31188C8
:103B9000BFF36F8FBFF34F8FBB6100BF022018F0E0
:103BA00089FDFEE701F086F9BB6A9B6B7B627B6A4D
:103BB000002B21D0BB6ADB683B62B968B86A00F0B1
:103BC000D0FABB6A3A6ADA60BB6A5B6A002B0FD034
:103BD000BB6A24331846FDF781FD0346002B07D04E
:103BE0003C4B4FF080521A60BFF34F8FBFF36F8F83
:103BF00001F092F9012369E07B68002B03D101F009
:103C00008BF9002362E0FB6A002B06D107F1100359
:103C10001846FDF72FFF0123FB6201F07DF9FDF748
:103C200059F901F047F9BB6A93F844305BB2B3F13C
:103C3000FF3F03D1BB6A002283F84420BB6A93F89C
:103C400045305BB2B3F1FF3F03D1BB6A002283F87A
:103C5000452001F061F93A1D07F11003114618469D
:103C6000FDF71EFF0346002B23D1B86A00F0F1FADE
:103C70000346002B17D0BB6A24337A6811461846D6
:103C8000FDF7A8FCB86A00F092FAFDF731F9034697
:103C9000002B87D10F4B4FF080521A60BFF34F8F2C
:103CA000BFF36F8F7EE7B86A00F081FAFDF720F965
:103CB00078E7B86A00F07BFAFDF71AF9B86A00F005
:103CC000C8FA0346002B3FF46DAF00231846303787
:103CD000BD4680BD04ED00E080B590B000AFF86057
:103CE000B9607A60FB68BB63BB6B002B0DD14FF0F2
:103CF000500383F31188BFF36F8FBFF34F8F7B6245
:103D000000BF022018F0D6FCFEE7BB68002B11D1E3
:103D1000BB6B1B6C002B0DD04FF0500383F311884D
:103D2000BFF36F8FBFF34F8F3B6200BF022018F0CD
:103D3000C1FCFEE701F093F9EFF311824FF050035D
:103D400083F31188BFF36F8FBFF34F8FFA61BB61AD
:103D5000FB697B63BB6B9B6B3B633B6B002B49D06D
:103D6000BB6B93F8443087F82F30B968B86B00F01C
:103D7000F8F93B6B5A1EBB6B9A6397F92F30B3F17E
:103D8000FF3F12D1BB6B1B69002B30D0BB6B1033D4
:103D90001846FDF7A3FC0346002B28D07B68002BB8
:103DA00025D07B6801221A6021E0FDF7CFF9B862C7
:103DB00097F92F30BA6A9A4219D997F92F307F2B89
:103DC0000DD14FF0500383F31188BFF36F8FBFF312
:103DD0004F8F7B6100BF022018F06CFCFEE797F864
:103DE0002F300133DBB25AB2BB6B83F8442001237E
:103DF000FB6301E00023FB637B6B3B613B6983F367
:103E0000118800BFFB6B18464037BD4680BD80B5AA
:103E10008CB000AF786039607B68BB62BB6A002BF6
:103E200006D03B68002B11D1BB6A1B6C002B0DD058
:103E30004FF0500383F31188BFF36F8FBFF34F8FA1
:103E4000FB6100BF022018F035FCFEE7BB6A002BC7
:103E500003D0BB6A1B6C002B0DD14FF0500383F3D2
:103E60001188BFF36F8FBFF34F8FBB6100BF02207C
:103E700018F020FCFEE701F0F2F8EFF311824FF0AA
:103E8000500383F31188BFF36F8FBFF34F8F7A61B5
:103E90003B617B697B62BB6A9B6B002B0CD0BB6A6E
:103EA000DB683B623968B86A00F05BF9BB6A3A6A62
:103EB000DA600123FB6201E00023FB627B6AFB60A6
:103EC000FB6883F3118800BFFB6A18463037BD4694
:103ED00080BD80B584B000AF78607B68002B0DD1C9
:103EE0004FF0500383F31188BFF36F8FBFF34F8FF1
:103EF000BB6000BF022018F0DDFBFEE700F0DAFF38
:103F00007B689B6BFB6001F007F8FB681846103775
:103F1000BD4680BD80B586B000AF78607B687B61B0
:103F20007B69002B0DD14FF0500383F31188BFF351
:103F30006F8FBFF34F8FFB6000BF022018F0BAFBFA
:103F4000FEE700F0B7FF7B69DA6B7B699B6BD31AE6
:103F50003B6100F0E1FF3B6918461837BD4680BD64
:103F600080B586B000AF78607B687B617B69002B91
:103F70000DD14FF0500383F31188BFF36F8FBFF360
:103F80004F8FFB6000BF022018F094FBFEE77B69B7
:103F90009B6B3B613B6918461837BD4680BD80B5B9
:103FA00084B000AF78607B68FB60FB68002B0DD1AC
:103FB0004FF0500383F31188BFF36F8FBFF34F8F20
:103FC000BB6000BF022018F075FBFEE7F86800F048
:103FD0003FFAF86800F0AAFB00BF1037BD4680BD6D
:103FE00080B483B000AF78607B689B6C18460C3758
:103FF000BD465DF8047B704780B483B000AF786045
:1040000039607B683A689A6400BF0C37BD465DF83A
:10401000047B704780B483B000AF78607B6893F80E
:104020004C3018460C37BD465DF8047B704780B4B1
:1040300083B000AF78607B681B6C18460C37BD46B8
:104040005DF8047B704780B483B000AF78607B6814
:10405000DB6B18460C37BD465DF8047B704780B4B7
:1040600085B000AF78607B685B6A002B06D07B6808
:104070001B6B1B68C3F10603FB6001E00023FB60C0
:10408000FB6818461437BD465DF8047B704780B561
:1040900086B000AFF860B9607A6000237B61FB688E
:1040A0009B6B3B61FB681B6C002B0DD1FB681B6895
:1040B000002B4DD1FB689B681846FDF787FF7861A0
:1040C000FB6800229A6043E07B68002B19D1FB68F3
:1040D0005868FB681B6C1A46B96818F057FFFB68F4
:1040E0005A68FB681B6C1A44FB685A60FB685A6884
:1040F000FB689B689A422BD3FB681A68FB685A607E
:1041000026E0FB68D868FB681B6C1A46B96818F093
:104110003DFFFB68DA68FB681B6C5B421A44FB6876
:10412000DA60FB68DA68FB681B689A4207D2FB68B2
:104130009A68FB681B6C5B421A44FB68DA607B6818
:10414000022B05D13B69002B02D03B69013B3B614F
:104150003B695A1CFB689A637B6918461837BD4651
:1041600080BD80B582B000AF786039607B681B6C21
:10417000002B18D07B68DA687B681B6C1A447B685C
:10418000DA607B68DA687B689B689A4203D37B6855
:104190001A687B68DA607B68D9687B681B6C1A4692
:1041A000386818F0F3FE00BF0837BD4680BD80B503
:1041B00084B000AF786000F07DFE7B6893F84530F6
:1041C000FB7311E07B685B6A002B12D07B682433A1
:1041D0001846FDF783FA0346002B01D0FDF7C4FC17
:1041E000FB7B013BDBB2FB7397F90F30002BE9DC63
:1041F00000E000BF7B68FF2283F8452000F08CFEC2
:1042000000F058FE7B6893F84430BB7311E07B6884
:104210001B69002B12D07B6810331846FDF75EFA3D
:104220000346002B01D0FDF79FFCBB7B013BDBB2BB
:10423000BB7397F90E30002BE9DC00E000BF7B6810
:10424000FF2283F8442000F067FE00BF1037BD4610
:1042500080BD80B584B000AF786000F02BFE7B6835
:104260009B6B002B02D10123FB6001E00023FB606C
:1042700000F052FEFB6818461037BD4680BD80B581
:1042800086B000AF78607B683B613B69002B0DD145
:104290004FF0500383F31188BFF36F8FBFF34F8F3D
:1042A000FB6000BF022018F005FAFEE73B699B6B3C
:1042B000002B02D101237B6101E000237B617B693C
:1042C00018461837BD4680BD80B584B000AF786011
:1042D00000F0F0FD7B689A6B7B68DB6B9A4202D141
:1042E0000123FB6001E00023FB6000F015FEFB688A
:1042F00018461037BD4680BD80B586B000AF7860E7
:104300007B683B613B69002B0DD14FF0500383F379
:104310001188BFF36F8FBFF34F8FFB6000BF022088
:1043200018F0C8F9FEE73B699A6B3B69DB6B9A4270
:1043300002D101237B6101E000237B617B69184688
:104340001837BD4680BD80B586B000AF7860396053
:1043500000233B617B68002B0DD14FF0500383F3AA
:104360001188BFF36F8FBFF34F8FFB6000BF022038
:1043700018F0A0F9FEE73B68002B24D000237B61F6
:104380001EE0174A7B69DB0013445B687A689A4237
:1043900005D17B69DB00124A13443B6113E03B69A2
:1043A000002B0AD10E4A7B6952F83330002B04D11E
:1043B0007B69DB000A4A13443B617B6901337B6103
:1043C0007B69092BDDD93B69002B05D03B693A6835
:1043D0001A603B697A685A6000BF1837BD4680BDD5
:1043E000C807003080B586B000AF786000233B611D
:1043F0007B68002B0DD14FF0500383F31188BFF37E
:104400006F8FBFF34F8FFB6000BF022018F052F98F
:10441000FEE700237B6110E00C4A7B69DB0013445C
:104420005B687A689A4205D1084A7B6952F8333052
:104430003B6105E07B6901337B617B69092BEBD92B
:104440003B6918461837BD4680BD00BFC80700301D
:1044500080B584B000AF78607B68002B0DD14FF041
:10446000500383F31188BFF36F8FBFF34F8FBB608F
:1044700000BF022018F01EF9FEE70023FB6016E0E3
:104480000F4AFB68DB0013445B687A689A420BD1E1
:104490000B4AFB68002142F83310094AFB68DB0035
:1044A000134400225A6006E0FB680133FB60FB689E
:1044B000092BE5D900BF00BF1037BD4680BD00BF46
:1044C000C807003080B58EB000AF78600023FB6273
:1044D0000023BB627B68002B22D00823DB437A6871
:1044E0009A421BD808227B6813447B607B6803F0E8
:1044F0000703002B14D07B6803F00703C3F1080304
:104500007B627B6ADB437A689A4204D87A687B6A6A
:1045100013447B6004E000237B6001E000237B60A8
:10452000FCF7D8FC7A4B1B68002B01D100F0D5F9C1
:104530007B68002BC0F2D2807B68002B00F0CE801D
:10454000744B1B687A689A4200F2C880724B3B63D6
:10455000714B1B687B637B6B704A934203D37B6B0D
:104560006F4A934228D94FF0500383F31188BFF369
:104570006F8FBFF34F8FFB6100BF022018F09AF8D6
:10458000FEE77B6B3B637B6B1B687B637B6B634AE8
:10459000934203D37B6B624A93420DD94FF0500391
:1045A00083F31188BFF36F8FBFF34F8FBB6100BFE1
:1045B000022018F07FF8FEE77B6B5B687A689A420E
:1045C00003D97B6B1B68002BDBD1514B1B687A6BCB
:1045D0009A4200F083803B6B1B6808221344FB6205
:1045E000FB6A4E4A934203D3FB6A4D4A93420DD96C
:1045F0004FF0500383F31188BFF36F8FBFF34F8FDA
:104600007B6100BF022018F055F8FEE77B6B1A684B
:104610003B6B1A607B6B5B687A689A420DD94FF0EE
:10462000500383F31188BFF36F8FBFF34F8F3B614C
:1046300000BF022018F03EF8FEE77B6B5A687B68EB
:10464000D21A08235B009A4226D97A6B7B681344FE
:104650003B623B6A03F00703002B0DD04FF0500381
:1046600083F31188BFF36F8FBFF34F8FFB6000BFE1
:10467000022018F01FF8FEE77B6B5A687B68D21A9D
:104680003B6A5A607B6B7A685A603B6B1A683B6A7C
:104690001A603B6B3A6A1A601E4B1A687B6B5B6848
:1046A000D31A1C4A13601B4B1A681E4B1B689A4294
:1046B00003D2184B1B681B4A13607B6B5B68BB62A1
:1046C0007B6B5B6843F000427B6B5A607B6B002224
:1046D0001A60154B1B680133134A1360FCF708FC82
:1046E000FB6A03F00703002B0DD04FF0500383F358
:1046F0001188BFF36F8FBFF34F8FBB6000BF0220E5
:1047000017F0D8FFFEE7FB6A18463837BD4680BD74
:104710002018003024180030181800301808003015
:1047200017180030281800302C18003080B588B0D9
:1047300000AF78607B68FB617B68002B61D0082349
:104740005B42FA691344FB61FB69BB61BB692F4A99
:10475000934203D3BB692E4A93420DD94FF05003C5
:1047600083F31188BFF36F8FBFF34F8F7B6100BF5F
:10477000022017F09FFFFEE7BB695B68002B0DDB93
:104780004FF0500383F31188BFF36F8FBFF34F8F48
:104790003B6100BF022017F08DFFFEE7BB691B687D
:1047A000002B0DD04FF0500383F31188BFF36F8FB0
:1047B000BFF34F8FFB6000BF022017F07BFFFEE7C7
:1047C000BB695B68002B1CDABB691B68002B18D126
:1047D000BB695B6823F00042BB695A60FCF77AFB57
:1047E000BB695A680B4B1B6813440A4A1360B869CB
:1047F00000F0CEF8084B1B680133074A1360FCF742
:1048000077FB00BF2037BD4680BD00BF18080030D1
:1048100017180030241800303018003080B400AF72
:10482000034B1B681846BD465DF8047B704700BF0C
:104830002418003080B400AF034B1B681846BD46F7
:104840005DF8047B704700BF2818003080B400AFCB
:10485000044B1B68044A136000BFBD465DF8047B2F
:10486000704700BF241800302818003080B400AF13
:1048700000BFBD465DF8047B704780B584B000AFD3
:10488000786039600023FB607B68002B09D04FF013
:10489000FF327B68B2FBF3F33A689A4201D90123F5
:1048A00000E00023002B13D17B683A6802FB03F37E
:1048B0001846FFF707FEF860FB68002B08D07B68FE
:1048C0003A6802FB03F31A460021F86818F028FF43
:1048D000FB6818461037BD4680BD80B485B000AF78
:1048E0004FF48053BB60254BFB60FB6803F007036C
:1048F000002B0CD0FB680733FB60FB6823F0070339
:10490000FB60BA68FB68D31A1C4A1344BB60FB689F
:104910001B4A13601A4B00225A60FA68BB681344A2
:104920007B6008227B689B1A7B607B6823F007030F
:104930007B607B68134A1360124B1B6800225A602D
:10494000104B1B6800221A60FB683B603B687A686A
:10495000D21A3B685A600B4B1A683B681A603B6876
:104960005B68094A13603B685B68084A136000BFD4
:104970001437BD465DF8047B704700BF180800304F
:104980001818003020180030281800302418003083
:1049900080B586B000AF7860344B7B6102E07B6904
:1049A0001B687B617B691B687A689A42F7D87B69D0
:1049B0002E4A934215D07B692D4A934203D37B69DB
:1049C0002C4A93420DD94FF0500383F31188BFF363
:1049D0006F8FBFF34F8FFB6000BF022017F06AFE9E
:1049E000FEE77B693B617B695B683A6913447A68DF
:1049F0009A4208D17B695A687B685B681A447B6974
:104A00005A607B697B607B683B617B685B683A6965
:104A10001A447B691B689A4218D17B691A68164B45
:104A20001B689A420DD07B685A687B691B685B687B
:104A30001A447B685A607B691B681A687B681A6035
:104A400008E00D4B1A687B681A6003E07B691A68FE
:104A50007B681A607A697B689A4202D07B697A68BF
:104A60001A6000BF1837BD4680BD00BF181800305F
:104A700018080030171800302018003080B586B0B4
:104A800000AF786000233B610023FB604FF0FF33F1
:104A9000BB60FCF71FFA224B1B687B617B69002B14
:104AA0001BD015E03B6901333B617B695B68FA68A9
:104AB0009A4202D27B695B68FB607B695B68BA687B
:104AC0009A4202D97B695B68BB607B691B687B612A
:104AD000144B1B687A699A42E4D1FCF709FA7B68A7
:104AE000FA685A607B68BA689A607B683A69DA60EB
:104AF00000F0E0F90C4B1A687B681A600B4B1A68DF
:104B00007B685A610A4B1A687B689A61094B1A687C
:104B10007B681A6100F000FA00BF1837BD4680BDFF
:104B20001818003020180030241800302C180030DD
:104B3000301800302818003080B400AF094B002234
:104B40001A60094B00221A60084B00221A60084BB9
:104B500000221A60074B00221A6000BFBD465DF8B4
:104B6000047B7047201800302418003028180030CB
:104B70002C1800303018003080B485B000AFF860D9
:104B8000B9607A60FB68043BFB60FB684FF08072A1
:104B90001A60FB68043BFB60BB6823F00102FB6802
:104BA0001A60FB68043BFB600C4AFB681A60FB68F8
:104BB000143BFB607A68FB681A60FB68043BFB608F
:104BC000FB686FF002021A60FB68203BFB60FB6829
:104BD00018461437BD465DF8047B7047E14B10085A
:104BE00080B584B000AF00237B60134B1B68B3F12A
:104BF000FF3F0DD04FF0500383F31188BFF36F8F49
:104C0000BFF34F8FFB6000BF022017F053FDFEE79C
:104C10004FF0500383F31188BFF36F8FBFF34F8FB3
:104C2000BB6000BF00BF7B68002BFCD000BF00BF93
:104C30001037BD4680BD00BF08000030064B196824
:104C40000868B0E8F04F80F30988BFF36F8F4FF02A
:104C5000000080F311887047DC06003000BF084870
:104C60000068006880F308884FF0000080F3148823
:104C700062B661B6BFF34F8FBFF36F8F00DF00BF27
:104C800008ED00E000BF80B58CB000AF6E4B1B6834
:104C90006E4A93420DD14FF0500383F31188BFF356
:104CA0006F8FBFF34F8F7B6200BF022017F002FDB2
:104CB000FEE7654B1B68664A93420DD14FF05003E7
:104CC00083F31188BFF36F8FBFF34F8F3B6200BF39
:104CD000022017F0EFFCFEE75E4B1B68FB62FB6AED
:104CE0002C331B685C4A93420DD04FF0500383F382
:104CF0001188BFF36F8FBFF34F8FFB6100BF02209E
:104D000017F0D8FCFEE7FB6A38331B68534A93421E
:104D10000DD04FF0500383F31188BFF36F8FBFF3B3
:104D20004F8FBB6100BF022017F0C4FCFEE70023D9
:104D3000BB604B4BBB62BB6A1B78DBB2FB73BB6ACD
:104D4000FF221A70BB6A1B78DBB2FB71FB79DBB206
:104D500003F05003DAB2434B1A70424B1B78002B1E
:104D60000DD14FF0500383F31188BFF36F8FBFF362
:104D70004F8F7B6100BF022017F09CFCFEE7FB79A0
:104D8000DBB2DB4303F05003002B15D04FF0500390
:104D900083F31188BFF36F8FBFF34F8F3B6100BF69
:104DA000022017F087FCFEE7BB680133BB60FB798C
:104DB000DBB25B00DBB2FB71FB79DBB203F080039B
:104DC000802BF1D0BB68082B03D1274B00221A603F
:104DD00004E0BB68C3F10703234A1360224B1B683E
:104DE0001B02214A1360204B1B6803F4E0631E4A38
:104DF0001360FB7BDAB2BB6A1A701C4B1B681B4A40
:104E000043F47F031360194B1B68184A43F07F4338
:104E10001360174B00221A6000F0FAF8154B0022BD
:104E20001A6000F011F9144B1B68134A43F0404319
:104E30001360FFF714FFFCF76DFBFFF7D1FE0023B3
:104E400018463037BD4680BD00ED00E071C20F410D
:104E500070C20F4108ED00E03D4C10086D4F100886
:104E600000E400E0341800303818003020ED00E095
:104E70001CED00E00800003034EF00E080B582B0A7
:104E800000AF0B4B1B68B3F57A7F0DD04FF050038A
:104E900083F31188BFF36F8FBFF34F8F7B6000BF29
:104EA000022017F007FCFEE700BF0837BD4680BDB3
:104EB0000800003080B582B000AF4FF0500383F39C
:104EC0001188BFF36F8FBFF34F8F7B6000BF104B14
:104ED0001B6801330E4A13600D4B1B68012B12D166
:104EE0000C4B1B68DBB2002B0DD04FF0500383F34B
:104EF0001188BFF36F8FBFF34F8F3B6000BF02205D
:104F000017F0D8FBFEE700BF0837BD4680BD00BFE5
:104F10000800003004ED00E080B582B000AF124B15
:104F20001B68002B0DD14FF0500383F31188BFF3A2
:104F30006F8FBFF34F8F7B6000BF022017F0BAFB6B
:104F4000FEE7094B1B68013B074A1360064B1B68D1
:104F5000002B05D100233B603B6883F3118800BF21
:104F600000BF0837BD4680BD08000030EFF3098060
:104F7000BFF36F8F134B1A681EF0100F08BF20EDA0
:104F8000108A20E9F04F106009B44FF0500080F310
:104F90001188BFF34F8FBFF36F8FFCF7BBFA4FF051
:104FA000000080F3118809BC19680868B0E8F04F68
:104FB0001EF0100F08BFB0EC108A80F30988BFF311
:104FC0006F8F7047DC06003000BF80B582B000AF45
:104FD0004FF0500383F31188BFF36F8FBFF34F8FF0
:104FE0007B6000BFFCF77AF90346002B03D0074B28
:104FF0004FF080521A6000233B603B6883F31188B6
:1050000000BF00BF0837BD4680BD00BF04ED00E013
:1050100080B400AF084B00221A60084B00221A60CF
:10502000074B084A1A60044B07221A6000BFBD46AE
:105030005DF8047B704700BF10E000E018E000E07E
:1050400014E000E0FFC30900DFF80C00016841F440
:10505000700101607047000088ED00E000BF80B57E
:1050600084B000AFEFF30583FB60FB680F2B17D90B
:10507000184AFB6813441B78FB72174B1B78FA7AAB
:105080009A420DD24FF0500383F31188BFF36F8F14
:10509000BFF34F8F7B6000BF022017F00BFBFEE7D2
:1050A0000E4B1B6803F4E0620D4B1B689A420DD94E
:1050B0004FF0500383F31188BFF36F8FBFF34F8F0F
:1050C0003B6000BF022017F0F5FAFEE700BF103783
:1050D000BD4680BDF0E300E0341800300CED00E088
:1050E00038180030B0B5B0B002AF634BD3F8E03041
:1050F000614A43F00803C2F8E0305F4BD3F8E03078
:1051000003F00803FB64FB6C5B4BD3F8E0305A4AB6
:1051100043F00803C2F8E030574BD3F8E03003F017
:105120000803BB64BB6C544BD3F8E830524A43F4D9
:105130000033C2F8E830504BD3F8E83003F40033C2
:105140007B647B6C00220521262001F014FE2620C2
:1051500001F02BFE494B20221A60484B02225A6074
:10516000464B0222DA60454B00229A60434B0722ED
:105170001A614249424806F049F9404B40221A6000
:105180003E4B02225A603D4B01229A603B4B072264
:105190001A613A493A4806F039F93A4B3A4A1A60E4
:1051A000384B4FF4E1325A60364B00229A60354B4F
:1051B0000022DA60334B00221A61324B00229A61DE
:1051C000304B0C225A612F4B0022DA612D4812F02D
:1051D000CFF80346002B01D000F0ECF8294BD3F8B0
:1051E0008830202B01D000F0E5F8274B1A68264BB9
:1051F0005968254B9B6907F1500000930B462349E2
:1052000018F024FA07F15003184600F077F9204807
:1052100000F074F902221F491A4812F06BFC034691
:1052200087F8B73097F8B730002B11D01A4B07F139
:1052300028041D460FCD0FC495E8070003C4228043
:1052400007F12803184600F059F900F0B3F80EE012
:10525000124B3C461D460FCD0FC40FCD0FC495E831
:10526000030084E803003B46184600F047F900BFFE
:10527000B837BD46B0BD00BF004402589819003091
:10528000000C02584C18003000440040F44812084A
:1052900024491208C0190030504912086C491208FC
:1052A00080B582B000AF78607B68002B0AD0786848
:1052B00017F0AAFE03469AB24FF47A73796803484E
:1052C00012F02DFA00BF0837BD4680BD4C180030E3
:1052D00090B589B000AF78607B681B68124A934232
:1052E0001DD10121114806F07CFB114B07F1100480
:1052F0000FCB84E80F0007F11003184600F0FEF80A
:105300000C4800F0FBF80C4BFB6007F10C0318464F
:1053100000F0F4F802220749084812F0EBFB00BF46
:105320002437BD4690BD00BF004400400004025831
:1053300094491208C0190030270D0A004C1800309B
:10534000B0B58CB000AF78607B681B68154A93429B
:1053500023D1154B07F10C041D460FCD0FC40FCD03
:105360000FC42B68238007F10C03184600F0C6F821
:105370000E4B1B6808221A620C4B1B6804221A622F
:105380000A4B1B6802221A62084B1B6801221A6230
:1053900002220749054812F0ADFB00BF3037BD4679
:1053A000B0BD00BF00440040A44912084C180030B2
:1053B000C019003080B500AF72B600BF034800F0DE
:1053C0009DF842F2107000F0A3FDF7E7C8491208FB
:1053D000B0B58EB000AF434BD3F8E030414A43F054
:1053E0000803C2F8E0303F4BD3F8E03003F0080385
:1053F000BB60BB683B4BD3F8E0303A4A43F008034C
:10540000C2F8E030374BD3F8E03003F008037B609C
:105410007B68344BD3F8E830324A43F48023C2F837
:10542000E830304BD3F8E83003F480233B603B682E
:105430002D4B4FF480721A602B4B02225A602A4B7C
:105440000222DA60284B00229A60274B07221A6159
:105450002549264805F0DAFF234B4FF400721A6005
:10546000214B02225A60204B01229A601E4B0722D8
:105470001A611D491D4805F0C9FF1D4B1D4A1A60E0
:105480001B4B4FF4E1325A60194B00229A60184BC3
:105490000022DA60164B00221A61154B00229A6135
:1054A000134B0C225A61124B0022DA61104811F0A2
:1054B0005FFF0F4BD3F888300F4B07F10C041D46EC
:1054C0000FCD0FC40FCD0FC495E8070003C4228091
:1054D00007F10C03184600F011F800BF3837BD463D
:1054E000B0BD00BF00440258AC190030000C025897
:1054F000E0180030004800402449120880B582B00E
:1055000000AF78607B681B78002B0AD0786817F0B2
:105510007BFD03469AB24FF47A737968034812F020
:10552000FEF800BF0837BD4680BD00BFE018003060
:1055300080B58AB000AF78600A4B1B6807F108019C
:105540004FF0FF321846FEF714F90346012B04D141
:1055500007F108031846FFF7D1FF0020FBF77CFB9B
:10556000EAE700BFD419003080B58AB000AF786098
:105570001D4B1B684FF0FF311846FEF7D9F9034663
:10558000012B1AD1194B1B684FF0FF311846FEF75B
:10559000CFF90346012B09D1154B06221A70134B84
:1055A0001868002300220021FDF79EFE0E4B1868AC
:1055B000002300220021FDF797FE07F108030D4AA2
:1055C0002021184617F04BFD0B4B186807F1080116
:1055D00000230A22FDF788FE022017F0BFF83220D0
:1055E000FBF73AFBC4E700BFC8190030C41900300C
:1055F000D8190030E4491208D419003080B58AB0B7
:1056000000AF7860144B1B684FF0FF311846FEF76F
:105610008FF90346012B09D1104B04221A700E4B4F
:105620001868002300220021FDF75EFE07F1080341
:105630000B4A2021184617F012FD0A4B186807F193
:10564000080100230A22FDF74FFE012017F086F81B
:105650003220FBF701FBD5E7CC190030D819003018
:10566000F8491208D419003080B500AF72B600BFF7
:105670000148FFF743FFFBE70C4A120880B598B0DA
:1056800004AF6E4BD3F8E8306C4A43F40013C2F811
:10569000E8306A4BD3F8E83003F400133B603B6812
:1056A00007F1300300221A605A609A60DA601A61CA
:1056B0004FF480733B6312237B630023BB6304239B
:1056C0003B640023FB6307F1300319465C4805F097
:1056D0009DFE07F11C0300221A605A609A60DA608E
:1056E0001A614FF40073FB6112233B6200237B625B
:1056F0000423FB620023BB6207F11C0319465048D8
:1057000005F084FE4F4B504A1A604E4B4F4A5A6088
:105710004C4B00229A604B4B0122DA60494B00222D
:105720001A61484B00225A61464B00229A61454B50
:105730000022DA61434B00221A62424806F0A4FAC2
:105740000346002B01D0FFF78FFF00213D480CF0EE
:10575000C3F80346002B01D0FFF786FF002139482C
:105760000CF005F90346002B01D0FFF77DFF07F190
:10577000080300221A605A609A60DA601A610123F5
:10578000BB604FF44413FB6000233B6100237B614B
:1057900007F1080319462A4805F038FED02387F898
:1057A0004F300123A7F84C300123FB710123A7F8E8
:1057B0004A3064237B6497F84F3099B2B7F84C2095
:1057C0007B6C0293B7F84A300193FB1D009313469C
:1057D00038221C4807F00EFDFA23FB7197F84F3072
:1057E00099B2B7F84C207B6C0293B7F84A3001931A
:1057F000FB1D009313461922124807F0FBFC0123FE
:10580000FB7197F84F3099B2B7F84C207B6C02933C
:10581000B7F84A300193FB1D009313461A2209483A
:1058200007F0E8FC00220221062001F0A4FA06207D
:1058300001F0BBFA00BF5037BD4680BD004402589E
:1058400000040258DC19003000540040CE9F900044
:10585000F0B58FB006AFD023FB770123BB832423A1
:10586000FB7601233B8364237B610E237B82FB7FDA
:1058700099B2BA8B7B6902937B8A01933B1D00939B
:1058800013463B22374807F0C9FD3B791BB21B0288
:105890001AB27B791BB213431AB2334B1A80BB790D
:1058A0001BB21B021AB2FB791BB213431AB22F4B65
:1058B0001A803B7A1BB21B021AB27B7A1BB21343CB
:1058C0001AB22B4B1A80BB7A1BB21B021AB2FB7A9C
:1058D0001BB213431AB2274B1A803B7B1BB21B022D
:1058E0001AB27B7B1BB213431AB2234B1A80BB7BC9
:1058F0001BB21B021AB2FB7B1BB213431AB21F4B23
:105900001A803B7C1BB21B021AB27B7C1BB2134376
:105910001AB21B4B1A800023FB76134BB3F900001D
:10592000124BB3F90010124BB3F90040124BB3F90C
:105930000050124BB3F90030114AB2F90020114E59
:105940000496114E0396114E0296019200932B4637
:10595000224600F026F800F01BF800BF2437BD46B1
:10596000F0BD00BFDC190030301A0030321A0030B0
:10597000341A00303C1A0030361A0030381A003021
:105980003A1A0030421A0030401A00303E1A0030F5
:1059900080B49BB000AF00BF6C37BD465DF8047BA0
:1059A000704790B52DED028BA5B002AF04460846B6
:1059B00011461A462346FB800346BB800B467B807C
:1059C00013463B804FF07A53C7F88430904BC7F8AA
:1059D0008030B7F906305B4207EE903AB8EEE78ABE
:1059E000B7F90430B7F9042003FB02F2B7F902302B
:1059F000B7F9021001FB03F3134407EE903AF8EEF7
:105A0000E77AB0EE670A17F08BFBF0EE407AF0EE23
:105A1000670AB0EE480A17F081FBF0EE407A9FED7E
:105A20007D7A67EE877A17EE900A1EF0EFF976A37B
:105A3000D3E900231EF06CFB02460B4610461946C4
:105A40001EF014FD0346FB67B7F9043007EE903AE9
:105A5000B8EEE78AB7F90630B7F9062003FB02F281
:105A6000B7F90230B7F9021001FB03F3134407EE54
:105A7000903AF8EEE77AB0EE670A17F051FBF0EED5
:105A8000407AF0EE670AB0EE480A17F047FBF0EEF6
:105A9000407A9FED607A67EE877A17EE900A1EF0E3
:105AA000B5F959A3D3E900231EF032FB02460B4699
:105AB000104619461EF0DAFC0346BB67B7F9A03062
:105AC00007EE903AB8EEE77AD7ED217A27EE277AFB
:105AD000514BD3ED007A77EE277AC7ED1D7AB7F9EF
:105AE000003007EE903AB8EEE77AD7ED217A27EE4C
:105AF000277A4A4BD3ED007A77EE277AC7ED1C7AE6
:105B0000D7ED1F7AFDEEE77A17EE903A1BB21946F1
:105B1000B7F9A430424AD2ED007AFDEEE77A17EEEB
:105B2000902A12B207F10C0000920A463D4917F084
:105B30008DFD07F10C031846FFF7E0FC97ED207A86
:105B4000D7ED1D7A27EE277AF7EE006AD7ED207A97
:105B500076EEE76AD7ED1F7A66EEA77A77EE277AB8
:105B60002D4BC3ED007A97ED207AD7ED1C7A27EE06
:105B7000277AF7EE006AD7ED207A76EEE76AD7ED5E
:105B80001E7A66EEA77A77EE277A244BC3ED007A69
:105B9000B7F9A4306A3B07EE903AB8EEE77AD7ED52
:105BA000217A27EE277A1E4BD3ED007A77EE277AFB
:105BB0001B4BC3ED007A184BD3ED007AFDEEE77A6C
:105BC00017EE903A1AB2D7F8A8301A80134BD3EDDB
:105BD000007AFDEEE77A17EE903A1AB2D7F8AC30B9
:105BE0001A800F4BD3ED007AFDEEE77A17EE903A6C
:105BF0001AB2D7F8B0301A8000BF8C37BD46BDEC62
:105C0000028B90BDAFF30080182D4454FB21094056
:105C10008FC2753F00003443441A0030481A0030E8
:105C20004C1A00302C4A120880B59CB000AF0346D5
:105C3000FB8007F10C030549184617F007FDFFF735
:105C400007FE00BF7037BD4680BD00BF3C4A12084A
:105C500080B582B000AF284BD3F8D830264A43F441
:105C60008043C2F8D830244BD3F8D83003F48043B3
:105C70003B603B68214B1B6823F47F2323F4706354
:105C80001E4A43F4014313601C4B1B681B4A43F03C
:105C900001031360032001F063F80DF02DFF0246AD
:105CA000154B9B691B0A03F00F031549CB5C03F0EE
:105CB0001F0322FA03F37B600F4B9B6903F00F0372
:105CC0000F4AD35C03F01F037A6822FA03F30D4AEC
:105CD00013600C4B1B680C4A13600F2000F082F815
:105CE0000346002B01D0012302E000F06DF80023F1
:105CF00018460837BD4680BD0044025800440240A3
:105D0000D8481208040000300000003080B500AF11
:105D1000264B274ADA67254B0022DA67234B254AB0
:105D2000C3F88020214B0022C3F880201F4B40F293
:105D30007122C3F884201D4B0022C3F884201B4B22
:105D40001D4AC3F88820194B0022C3F88820174B3E
:105D50001822C3F88C20154B0022C3F88C20134B5B
:105D6000164AC3F89020114B0022C3F890200F4B25
:105D70004FF49B72C3F894200C4B0022C3F894207C
:105D80000A4B0F4AC3F89820084B0022C3F898200A
:105D9000064B0C4AC3F89C20044B0022C3F89C20FD
:105DA00000F019F80023184680BD00BF00440258D7
:105DB0003150010023C0000AFF072803FFC3FFE89A
:105DC0003330D731AADE200080B400AF00BFBD461B
:105DD0005DF8047B704780B400AF00BFBD465DF83E
:105DE000047B704780B582B000AF7860154B1B789C
:105DF000002B01D1012321E0134B1A68114B1B78B2
:105E000019464FF47A73B3FBF1F3B2FBF3F3184680
:105E100000F0EBFF0346002B01D001230EE07B686E
:105E20000F2B0AD8002279684FF0FF3000F0A3FF53
:105E3000064A7B681360002300E0012318460837F8
:105E4000BD4680BD10000030000000300C00003066
:105E500080B400AF064B1B781A46064B1B681344F0
:105E6000044A136000BFBD465DF8047B704700BF65
:105E700010000030501A003080B400AF034B1B6894
:105E80001846BD465DF8047B704700BF501A0030CD
:105E900080B400AF034B1B681846BD465DF8047B19
:105EA000704700BF0C00003080B584B000AF0346DF
:105EB000FB710023FB730E4B1B78FA799A4212D0C8
:105EC0000B4B1B78BB730A4AFB791370094B1B6899
:105ED0001846FFF787FF0346FB73FB7B002B02D0BE
:105EE000034ABB7B1370FB7B18461037BD4680BD51
:105EF000100000300C00003080B400AF034B1B7862
:105F00001846BD465DF8047B704700BF10000030A6
:105F100080B584B000AF7860FFF7AEFFB8607B68F3
:105F2000FB60FB68B3F1FF3F05D00A4B1B781A46B4
:105F3000FB681344FB6000BFFFF79EFF0246BB688F
:105F4000D31AFA689A42F7D800BF00BF1037BD468F
:105F500080BD00BF1000003080B400AF054B1B684F
:105F6000044A23F00203136000BFBD465DF8047BC2
:105F7000704700BF10E000E080B400AF054B1B6825
:105F8000044A43F00203136000BFBD465DF8047B82
:105F9000704700BF10E000E080B400AF024B18462D
:105FA000BD465DF8047B704700050B0180B400AF6F
:105FB000034B1B681B0C1846BD465DF8047B7047FD
:105FC0000010005C80B400AF044B1B68C3F30B03EC
:105FD0001846BD465DF8047B704700BF0010005CAA
:105FE00080B400AF034B1B681846BD465DF8047BC8
:105FF000704700BF00E8F11F80B400AF034B1B687F
:106000001846BD465DF8047B704700BF04E8F11FE9
:1060100080B400AF034B1B681846BD465DF8047B97
:10602000704700BF08E8F11F80B483B000AF78600C
:10603000064B1B6823F0700204497B6813430B6016
:1060400000BF0C37BD465DF8047B7047003C00582C
:1060500080B483B000AF7860064B1B6823F0020267
:1060600004497B6813430B6000BF0C37BD465DF8E5
:10607000047B7047003C005880B483B000AF786068
:10608000064B5B6823F03F0204497B6813434B6077
:1060900000BF0C37BD465DF8047B7047003C0058DC
:1060A00080B582B000AF0F4B1B680E4A43F001036E
:1060B0001360FFF7E1FE786008E0FFF7DDFE0246BF
:1060C0007B68D31A0A2B01D9032306E0054B1B6812
:1060D00003F00803002BF0D0002318460837BD4614
:1060E00080BD00BF003C005880B400AF054B1B686A
:1060F000044A23F00103136000BFBD465DF8047B32
:10610000704700BF003C005880B483B000AF786097
:10611000064B5B6823F4600204497B6813434B60C1
:1061200000BF0C37BD465DF8047B70470004005883
:1061300080B483B000AF78603960074B5A687B68E1
:10614000DB431A4004493B6813434B6000BF0C37E4
:10615000BD465DF8047B70470004005880B400AF72
:10616000054B5B68044A43F48073536000BFBD462F
:106170005DF8047B704700BF0004005880B400AF96
:10618000054B5B68044A23F48073536000BFBD462F
:106190005DF8047B704700BF0004005880B483B0F2
:1061A00000AF786039607B68002B0BD10E4BD3F8C1
:1061B00008339AB23B681B0C1B040B491343C1F80C
:1061C00008330AE0084BD3F80C331B0C1B043A6865
:1061D000120C05491343C1F80C3300BF0C37BD4600
:1061E0005DF8047B704700BF0004005880B483B0A2
:1061F00000AF786039607B68002B0BD10E4BD3F871
:106200000C339AB23B681B0C1B040B491343C1F8B7
:106210000C330AE0084BD3F810331B0C1B043A680C
:10622000120C05491343C1F8103300BF0C37BD46AB
:106230005DF8047B704700BF0004005880B400AFD5
:10624000064BD3F80433054A43F48033C2F80433D1
:1062500000BFBD465DF8047B704700BF00040058D6
:1062600080B400AF064BD3F80433054A23F48033DF
:10627000C2F8043300BFBD465DF8047B704700BF21
:106280000004005880B400AF064BD3F80433054A2D
:1062900043F00103C2F8043300BFBD465DF8047B40
:1062A000704700BF0004005880B400AF064BD3F81D
:1062B0000433054A23F00103C2F8043300BFBD468E
:1062C0005DF8047B704700BF0004005880B400AF45
:1062D000054B1B6A044A43F00103136200BFBD462D
:1062E0005DF8047B704700BF0004005880B400AF25
:1062F000054B1B6A044A23F00103136200BFBD462D
:106300005DF8047B704700BF0004005880B400AF04
:10631000054B1B6A044A43F48033136200BFBD4639
:106320005DF8047B704700BF0004005880B400AFE4
:10633000054B1B6A044A23F48033136200BFBD4639
:106340005DF8047B704700BF0004005880B483B040
:1063500000AF7860064B1B6A23F0020204497B6899
:1063600013430B6200BF0C37BD465DF8047B7047DA
:106370000004005880B483B000AF78603960084BE7
:106380009B6A23F0FF027B6819013B680B430449B9
:1063900013438B6200BF0C37BD465DF8047B70472A
:1063A0000004005880B400AF054B5B68044A43F01A
:1063B0000103536000BFBD465DF8047B704700BF1A
:1063C0000010005C80B400AF054B5B68044A23F00A
:1063D0000103536000BFBD465DF8047B704700BFFA
:1063E0000010005C80B400AF054B5B68044A43F0CA
:1063F0000203536000BFBD465DF8047B704700BFD9
:106400000010005C80B400AF054B5B68044A23F0C9
:106410000203536000BFBD465DF8047B704700BFB8
:106420000010005C80B400AF054B5B68044A43F089
:106430000403536000BFBD465DF8047B704700BF96
:106440000010005C80B400AF054B5B68044A23F089
:106450000403536000BFBD465DF8047B704700BF76
:106460000010005C80B400AF054B5B68044A43F049
:106470000803536000BFBD465DF8047B704700BF52
:106480000010005C80B400AF054B5B68044A23F049
:106490000803536000BFBD465DF8047B704700BF32
:1064A0000010005C80B400AF054B5B68044A43F009
:1064B0001003536000BFBD465DF8047B704700BF0A
:1064C0000010005C80B400AF054B5B68044A23F009
:1064D0001003536000BFBD465DF8047B704700BFEA
:1064E0000010005C80B400AF054B5B68044A43F0C9
:1064F0002003536000BFBD465DF8047B704700BFBA
:106500000010005C80B400AF054B5B68044A23F0C8
:106510002003536000BFBD465DF8047B704700BF99
:106520000010005C80B483B000AF7860064B1B683D
:1065300023F0407204497B6813430B6000BF0C37A3
:10654000BD465DF8047B70470040005280B400AF48
:10655000044B1B6803F040731846BD465DF8047B8E
:10656000704700BF0040005280B483B000AF786035
:1065700039607B685B095B0103F1B0430433196840
:106580007B6803F01F03012202FA03F3DA437B68FE
:106590005B095B0103F1B0430433184601EA0203CF
:1065A00003607B685B0903F130735B011A687B68E9
:1065B00003F01F03012101FA03F3DB437968490962
:1065C00001F13071490113400B603B6803F4801303
:1065D000002B12D07B685B0903F130735B011A68F2
:1065E0007B6803F01F03012101FA03F3796849096D
:1065F00001F13071490113430B603B6803F4001350
:10660000002B15D07B685B095B0103F1B0430433B9
:1066100019687B6803F01F0301229A407B685B09BD
:106620005B0103F1B0430433184641EA02030360FF
:1066300000BF0C37BD465DF8047B704780B483B063
:1066400000AF78607B685B095B0103F1B0430833FE
:1066500019687B6803F01F0301229A407B685B097D
:106660005B0103F1B0430833184641EA02030360BB
:1066700000BF0C37BD465DF8047B704780B483B023
:1066800000AF78607B6803F01F027B685B091B0129
:1066900003F1B04388331946012393400B6000BFD8
:1066A0000C37BD465DF8047B704780B483B000AF03
:1066B00078607B6803F01F027B685B091B0103F1B4
:1066C000B043C8331946012393400B6000BF0C3719
:1066D000BD465DF8047B704780B485B000AFF860BC
:1066E000B9607A60BB6803F48033002B31D07B68DB
:1066F000002B18D1FB685B0903F1B06308331B0161
:106700001968FB6803F01F03012202FA03F3DA435E
:10671000FB685B0903F1B06308331B01184601EA0B
:106720000203036015E0FB685B0903F1B063083303
:106730001B011968FB6803F01F0301229A40FB68E4
:106740005B0903F1B06308331B01184641EA0203F9
:106750000360BB6803F40033002B31D07B68002B4F
:1067600018D1FB685B091B0103F1B043843319683E
:10677000FB6803F01F03012202FA03F3DA43FB680C
:106780005B091B0103F1B0438433184601EA02039D
:10679000036015E0FB685B091B0103F1B043843320
:1067A0001968FB6803F01F0301229A40FB685B092C
:1067B0001B0103F1B0438433184641EA020303602E
:1067C00000BF1437BD465DF8047B704780B485B0C8
:1067D00000AFF860B9607A60BB6803F48033002BC7
:1067E00031D07B68002B18D1FB685B0903F1B063E3
:1067F0000C331B011968FB6803F01F03012202FA26
:1068000003F3DA43FB685B0903F1B0630C331B014C
:10681000184601EA0203036015E0FB685B0903F117
:10682000B0630C331B011968FB6803F01F030122DE
:106830009A40FB685B0903F1B0630C331B011846F7
:1068400041EA02030360BB6803F40033002B31D03C
:106850007B68002B18D1FB685B091B0103F1B04377
:10686000C4331968FB6803F01F03012202FA03F323
:10687000DA43FB685B091B0103F1B043C4331846DC
:1068800001EA0203036015E0FB685B091B0103F1E9
:10689000B043C4331968FB6803F01F0301229A4018
:1068A000FB685B091B0103F1B043C433184641EA9E
:1068B0000203036000BF1437BD465DF8047B7047D8
:1068C00080B487B000AFF860B9607A60BB68002B15
:1068D00018D1FB685B095B0103F1B0430C33196805
:1068E000FB6803F01F03012202FA03F3DA43FB689B
:1068F0005B095B0103F1B0430C33184601EA020364
:10690000036015E0FB685B095B0103F1B0430C33E6
:106910001968FB6803F01F0301229A40FB685B09BA
:106920005B0103F1B0430C33184641EA02030360F4
:10693000FB681B0903F00103002B07D1FB685B090F
:106940005B0103F1B04310337B6106E0FB685B0938
:106950005B0103F1B04314337B617B691A68FB6808
:106960005B0003F01E03032101FA03F3DB431A402B
:10697000FB685B0003F01E03796801FA03F31A4316
:106980007B691A6000BF1C37BD465DF8047B704709
:1069900080B485B000AF78607B6803F00703FB60CC
:1069A0000C4BDB68BB60BA684FF6FF031340BB605B
:1069B000FB681A02BB68134343F0BF6343F4003320
:1069C000BB60044ABB68D36000BF1437BD465DF8A6
:1069D000047B704700ED00E080B400AF044BDB683F
:1069E0001B0A03F007031846BD465DF8047B704799
:1069F00000ED00E080B483B000AF0346FB80B7F940
:106A00000630002B0BDBFB8803F01F020749B7F9A8
:106A100006305B09012000FA02F241F8232000BF92
:106A20000C37BD465DF8047B704700BF00E100E015
:106A300080B483B000AF0346FB80B7F90630002B6B
:106A400012DBFB8803F01F020A49B7F906305B0925
:106A5000012000FA02F2203341F82320BFF34F8FC8
:106A600000BFBFF36F8F00BF00BF0C37BD465DF89E
:106A7000047B704700E100E080B483B000AF0346C0
:106A8000FB80B7F90630002B0EDB0B4AB7F9063056
:106A90005B09403352F82320FB8803F01F0322FADE
:106AA00003F303F0010300E0002318460C37BD4652
:106AB0005DF8047B704700BF00E100E080B483B064
:106AC00000AF0346FB80B7F90630002B0CDBFB88D8
:106AD00003F01F020749B7F906305B09012000FAED
:106AE00002F2403341F8232000BF0C37BD465DF869
:106AF000047B704700E100E080B483B000AF034640
:106B0000FB80B7F90630002B0CDBFB8803F01F027B
:106B10000749B7F906305B09012000FA02F2603339
:106B200041F8232000BF0C37BD465DF8047B704759
:106B300000E100E080B483B000AF0346FB80B7F90A
:106B40000630002B0EDB0B4AB7F906305B098033A9
:106B500052F82320FB8803F01F0322FA03F303F00B
:106B6000010300E0002318460C37BD465DF8047BA6
:106B7000704700BF00E100E080B483B000AF03467F
:106B80003960FB80B7F90630002B0ADB3B68DAB2CC
:106B90000C49B7F906301201D2B20B4483F8002336
:106BA0000AE03B68DAB20849FB8803F00F03043BB4
:106BB0001201D2B20B441A7600BF0C37BD465DF805
:106BC000047B704700E100E000ED00E080B483B09A
:106BD00000AF0346FB80B7F90630002B09DB0D4AF6
:106BE000B7F90630134493F80033DBB21B09DBB26C
:106BF00009E0094AFB8803F00F03043B13441B7EA2
:106C0000DBB21B09DBB218460C37BD465DF8047BCE
:106C1000704700BF00E100E000ED00E080B489B003
:106C200000AFF860B9607A60FB6803F00703FB61AE
:106C3000FB69C3F10703042B28BF0423BB61FB6975
:106C40000433062B02D9FB69033B00E000237B6180
:106C50004FF0FF32BB6902FA03F3DA43BB681A4014
:106C60007B699A404FF0FF317B6901FA03F3D94306
:106C70007B680B40134318462437BD465DF8047B00
:106C8000704780B489B000AFF860B9607A603B604B
:106C9000BB6803F00703FB61FB69C3F10703042B27
:106CA00028BF0423BB61FB690433062B02D9FB69AF
:106CB000033B00E000237B61FA687B69DA404FF018
:106CC000FF31BB6901FA03F3DB431A407B681A60AA
:106CD0004FF0FF327B6902FA03F3DA43FB681A4094
:106CE0003B681A6000BF2437BD465DF8047B7047DF
:106CF00080B400AFBFF34F8F00BF064BDB6803F4D7
:106D0000E0620449044B1343CB60BFF34F8F00BFD5
:106D100000BFFDE700ED00E00400FA0580B582B099
:106D200000AF78607B68013BB3F1807F01D3012322
:106D30000FE00A4A7B68013B53600F214FF0FF30A0
:106D4000FFF71AFF054B00229A60044B07221A60D6
:106D5000002318460837BD4680BD00BF10E000E0A4
:106D600080B582B000AF78607868FFF711FE00BF91
:106D70000837BD4680BD80B586B000AF0346B96018
:106D80007A60FB81FFF728FE78617A68B9687869D4
:106D9000FFF744FF0246B7F90E3011461846FFF7D9
:106DA000EBFE00BF1837BD4680BD80B582B000AF96
:106DB0000346FB80B7F906301846FFF71BFE00BFFD
:106DC0000837BD4680BD80B582B000AF0346FB806A
:106DD000B7F906301846FFF72BFE00BF0837BD464F
:106DE00080BD80B500AFFFF783FF80B582B000AFF4
:106DF00078607868FFF792FF034618460837BD466B
:106E000080BD80B400AFBFF35F8F00BF064B5B6AED
:106E1000054A23F480335362044B00225A6000BFBA
:106E2000BD465DF8047B704700ED00E090ED00E0AA
:106E300080B483B000AF78600B4A7B6843F00103F5
:106E400053600A4B5B6A094A43F480335362BFF3D1
:106E50004F8F00BFBFF36F8F00BF00BF0C37BD4621
:106E60005DF8047B704700BF90ED00E000ED00E0AE
:106E700080B483B000AF7860074A7B689360064BAC
:106E80001B69054A43F00103136100BF0C37BD467F
:106E90005DF8047B704700BF90ED00E080B483B0E4
:106EA00000AF7860074A7B689360064B1B69054A10
:106EB00023F00103136100BF0C37BD465DF8047B6E
:106EC000704700BF90ED00E080B483B000AF786001
:106ED0007B685A781B4B9A601A4B1B69194A23F03E
:106EE00001031361174A7B685B68D3607B681B7B77
:106EF0001A077B68DB7A1B061A437B689B7ADB04E4
:106F00001A437B685B7B9B041A437B689B7B5B0417
:106F10001A437B68DB7B1B041A437B685B7A1B028A
:106F20001A437B681B7A5B0013437A681278114618
:106F3000044A0B43136100BF0C37BD465DF8047B68
:106F4000704700BF90ED00E080B500AFFFF744FD53
:106F50000346184680BD80B584B000AFB9607A6042
:106F60003B600346FB81B7F90E301846FFF72EFE53
:106F70003B687A68B968FFF784FE00BF1037BD46EA
:106F800080BD80B582B000AF0346FB80B7F9063004
:106F90001846FFF793FD00BF0837BD4680BD80B59A
:106FA00082B000AF0346FB80B7F906301846FFF702
:106FB00063FD034618460837BD4680BD80B582B0E4
:106FC00000AF0346FB80B7F906301846FFF794FD83
:106FD00000BF0837BD4680BD80B582B000AF034614
:106FE000FB80B7F906301846FFF7A4FD03461846A4
:106FF0000837BD4680BD80B483B000AF78607B6841
:10700000042B06D1094B1B68084A43F004031360A4
:1070100005E0064B1B68054A23F00403136000BF1C
:107020000C37BD465DF8047B704700BF10E000E000
:1070300080B500AF00F002F800BF80BD80B400AFA3
:1070400000BFBD465DF8047B704780B400AF074BBE
:107050001B6803F0F003702B01D1032300E0012330
:107060001846BD465DF8047B704700BF00ED00E0A8
:1070700080B586B000AF7860FEF7FEFE38617B68B1
:10708000002B01D1012314E37B681B68664A9342FD
:107090004AD07B681B68654A934245D07B681B6871
:1070A000634A934240D07B681B68624A93423BD05C
:1070B0007B681B68604A934236D07B681B685F4AD6
:1070C000934231D07B681B685D4A93422CD07B6829
:1070D0001B685C4A934227D07B681B685A4A9342DC
:1070E00022D07B681B68594A93421DD07B681B687D
:1070F000574A934218D07B681B68564A934213D074
:107100007B681B68544A93420ED07B681B68534AC5
:10711000934209D07B681B68514A934204D07B6834
:107120001B68504A934201D1012300E00023002B49
:1071300000F03B817B68022283F835207B680022C7
:1071400083F834207B681B68374A93424AD07B68B7
:107150001B68364A934245D07B681B68344A934289
:1071600040D07B681B68334A93423BD07B681B68E6
:10717000314A934236D07B681B68304A934231D003
:107180007B681B682E4A93422CD07B681B682D4A73
:10719000934227D07B681B682B4A934222D07B689E
:1071A0001B682A4A93421DD07B681B68284A934279
:1071B00018D07B681B68274A934213D07B681B68F2
:1071C000254A93420ED07B681B68244A934209D01B
:1071D0007B681B68224A934204D07B681B68214A63
:1071E000934208D17B681B681A687B681B6822F091
:1071F00001021A6007E07B681B681A687B681B68DD
:1072000022F001021A602FE0FEF736FE02463B69CB
:10721000D31A052B28D97B6820225A657B68032264
:1072200083F83520012344E2100002402800024088
:1072300040000240580002407000024088000240B6
:10724000A0000240B800024010040240280402409E
:107250004004024058040240700402408804024086
:10726000A0040240B80402407B681B681B6803F05E
:107270000103002BC8D17B681B681B687B617A699E
:10728000844B13407B617B689A687B68DB681A4398
:107290007B681B691A437B685B691A437B689B693F
:1072A0001A437B68DB691A437B681B6A13437A695C
:1072B00013437B617B685B6A042B07D17B68DA6AC6
:1072C0007B681B6B13437A6913437B61724B1B68AA
:1072D0001B0C1B04B3F1005F28D37B685B68282B71
:1072E00003D97B685B682E2B17D97B685B683E2BC4
:1072F00003D97B685B68422B0FD97B685B68462BA0
:1073000003D97B685B68482B07D97B685B684E2B89
:1073100005D97B685B68522B01D8012300E000236C
:10732000002B03D07B6943F480137B617B681B686F
:107330007A691A607B681B685B697B617B6923F0F3
:1073400007037B617B685B6A7A6913437B617B68B7
:107350005B6A042B17D17B689B6A7A6913437B6154
:107360007B68DB6A002B0ED0786803F091FA034645
:10737000002B08D07B6840225A657B68012283F885
:107380003520012395E17B681B687A695A6178682A
:1073900003F0CCF90346BB607B68DB6D03F01F0391
:1073A0003F229A40BB689A60CBE07B681B683B4AEF
:1073B000934222D07B681B68394A93421DD07B6878
:1073C0001B68384A934218D07B681B68364A934240
:1073D00013D07B681B68354A93420ED07B681B68CC
:1073E000334A934209D07B681B68324A934204D0E7
:1073F0007B681B68304A934201D1012300E00023DF
:10740000002B00F095807B681B68244A934221D0B2
:107410007B681B68224A93421CD07B681B68214A08
:10742000934217D07B681B681F4A934212D07B6837
:107430001B681E4A93420DD07B681B681C4A93420E
:1074400008D07B681B681B4A934203D07B681B688B
:10745000194A93427B68022283F835207B68002218
:1074600083F834207B681B681B687B617B6923F48D
:10747000FF3323F4F8737B617B689B68402B1DD03E
:107480007B689B68802B02D14FF4804317E0002378
:1074900015E000BF3F8010FE0010005C0854025849
:1074A0001C5402583054025844540258585402583C
:1074B0006C540258805402589454025810237A682D
:1074C000D268D2081A437B681B69DB081A437B68C1
:1074D0005B69DB081A437B689B69DB081A437B689E
:1074E000DB69DB081A437B681B6A1B0913437A6953
:1074F00013437B617B681B687A691A607B681B6831
:107500001A466E4B13446E4AA2FB03231B099A00D2
:107510007B68DA65786803F009F90346FB607B68ED
:10752000DB6D03F01F0301229A40FB685A6008E0FC
:107530007B6840225A657B68032283F8352001234B
:10754000B7E07B681B685F4A934272D07B681B6818
:107550005D4A93426DD07B681B685C4A934268D059
:107560007B681B685A4A934263D07B681B68594A00
:1075700093425ED07B681B68574A934259D07B6820
:107580001B68564A934254D07B681B68544A934206
:107590004FD07B681B68534A93424AD07B681B6874
:1075A000514A934245D07B681B68504A934240D071
:1075B0007B681B684E4A93423BD07B681B684D4AF0
:1075C000934236D07B681B684B4A934231D07B682C
:1075D0001B684A4A93422CD07B681B68484A9342F6
:1075E00027D07B681B68474A934222D07B681B6880
:1075F000454A93421DD07B681B68444A934218D089
:107600007B681B68424A934213D07B681B68414ADF
:1076100093420ED07B681B683F4A934209D07B6837
:107620001B683E4A934204D07B681B683C4A9342E5
:1076300001D1012300E00023002B32D0786803F051
:10764000A2F97B689B68802B02D17B6800225A607C
:107650007B685A687B681B6ED2B21A607B685B6E6F
:107660007A68926E5A607B685B68002B10D07B68EA
:107670005B68082B0CD8786803F020FA7B68DB6E17
:1076800000221A607B681B6F7A68526F5A6008E0AC
:107690007B680022DA667B6800221A677B6800221A
:1076A0005A677B6800225A657B68012283F835207F
:1076B000002318461837BD4680BD00BFF8ABFDA7B4
:1076C000CDCCCCCC1000024028000240400002404B
:1076D000580002407000024088000240A0000240B2
:1076E000B800024010040240280402404004024056
:1076F000580402407004024088040240A004024082
:10770000B8040240085402581C540258305402581D
:1077100044540258585402586C5402588054025829
:107720009454025880B584B000AF78607B68002B19
:1077300001D10123A8E17B681B68824A93424AD0A9
:107740007B681B68804A934245D07B681B687F4AF0
:10775000934240D07B681B687D4A93423BD07B6854
:107760001B687C4A934236D07B681B687A4A9342F6
:1077700031D07B681B68794A93422CD07B681B68A8
:10778000774A934227D07B681B68764A934222D07F
:107790007B681B68744A93421DD07B681B68734AE0
:1077A000934218D07B681B68714A934213D07B6860
:1077B0001B68704A93420ED07B681B686E4A9342E6
:1077C00009D07B681B686D4A934204D07B681B68B4
:1077D0006B4A934208D17B681B681A687B681B68F8
:1077E00022F001021A6007E07B681B681A687B6858
:1077F0001B6822F001021A607B681B68514A9342A1
:107800004AD07B681B68504A934245D07B681B680E
:107810004E4A934240D07B681B684D4A93423BD00E
:107820007B681B684B4A934236D07B681B684A4A88
:10783000934231D07B681B68484A93422CD07B68C6
:107840001B68474A934227D07B681B68454A93428E
:1078500022D07B681B68444A93421DD07B681B681A
:10786000424A934218D07B681B68414A934213D026
:107870007B681B683F4A93420ED07B681B683E4A78
:10788000934209D07B681B683C4A934204D07B68D2
:107890001B683B4A934201D1012300E00023002BE7
:1078A00025D07B681B6800221A607B681B68002259
:1078B0005A607B681B6800229A607B681B68002204
:1078C000DA607B681B6800221A617B681B682122D2
:1078D0005A61786802F02AFF0346BB607B68DB6D63
:1078E00003F01F033F229A40BB689A6081E07B68E7
:1078F0001B68244A934222D07B681B68224A934229
:107900001DD07B681B68214A934218D07B681B6896
:107910001F4A934213D07B681B681E4A93420ED0C5
:107920007B681B681C4A934209D07B681B681B4A12
:10793000934204D07B681B68194A934232D10123D9
:1079400031E000BF10000240280002404000024029
:10795000580002407000024088000240A00002402F
:10796000B8000240100402402804024040040240D3
:10797000580402407004024088040240A0040240FF
:10798000B8040240085402581C540258305402589B
:1079900044540258585402586C54025880540258A7
:1079A000945402580023002B21D07B681B680022CE
:1079B0001A607B681B6800225A607B681B68002283
:1079C0009A607B681B680022DA607B681B68002273
:1079D0001A61786802F0AAFE0346FB607B68DB6DE3
:1079E00003F01F0301229A40FB685A6001E0012363
:1079F0004AE0786802F0C7FF7B681B6E002B08D056
:107A00007B681B6E00221A607B685B6E7A68926EE0
:107A10005A607B685B68002B0FD07B685B68082B23
:107A20000BD8786803F04AF87B68DB6E00221A6096
:107A30007B681B6F7A68526F5A607B680022DA6637
:107A40007B6800221A677B6800225A677B680022E5
:107A5000DA637B6800221A647B6800225A647B68C0
:107A600000229A647B680022DA647B6800221A652F
:107A70007B6800225A657B68002283F835207B688A
:107A8000002283F83420002318461037BD4680BDFD
:107A900080B586B000AFF860B9607A603B600023C3
:107AA000FB75FB68002B01D10123ECE0FB6893F828
:107AB0003430012B01D10223E5E0FB68012283F879
:107AC0003420FB6893F83530DBB2012B40F0D080D6
:107AD000FB68022283F83520FB6800225A65FB68A8
:107AE0001B686B4A93424AD0FB681B68694A934201
:107AF00045D0FB681B68684A934240D0FB681B680E
:107B0000664A93423BD0FB681B68654A934236D075
:107B1000FB681B68634A934231D0FB681B68624A6A
:107B200093422CD0FB681B68604A934227D0FB68C5
:107B30001B685F4A934222D0FB681B685D4A9342F0
:107B40001DD0FB681B685C4A934218D0FB681B6819
:107B50005A4A934213D0FB681B68594A93420ED08D
:107B6000FB681B68574A934209D0FB681B68564A5A
:107B7000934204D0FB681B68544A934208D1FB68C7
:107B80001B681A68FB681B6822F001021A6007E094
:107B9000FB681B681A68FB681B6822F001021A6008
:107BA0003B687A68B968F86802F013FCFB681B68E8
:107BB000374A93424AD0FB681B68364A934245D005
:107BC000FB681B68344A934240D0FB681B68334A09
:107BD00093423BD0FB681B68314A934236D0FB6826
:107BE0001B68304A934231D0FB681B682E4A93428F
:107BF0002CD0FB681B682D4A934227D0FB681B687A
:107C00002B4A934222D0FB681B682A4A93421DD01C
:107C1000FB681B68284A934218D0FB681B68274AF8
:107C2000934213D0FB681B68254A93420ED0FB6831
:107C30001B68244A934209D0FB681B68224A93427E
:107C400004D0FB681B68214A934208D1FB681B687B
:107C50001A68FB681B6842F001021A6012E0FB68B8
:107C60001B681A68FB681B6842F001021A6009E091
:107C7000FB684FF400625A65FB68002283F83420E9
:107C80000123FB75FB7D18461837BD4680BD00BF3C
:107C9000100002402800024040000240580002400C
:107CA0007000024088000240A0000240B80002407C
:107CB00010040240280402404004024058040240DC
:107CC0007004024088040240A0040240B80402404C
:107CD00080B586B000AFF860B9607A603B60002381
:107CE000FB75FB68002B01D1012326E2FB6893F8AA
:107CF0003430012B01D102231FE2FB68012283F8FB
:107D00003420FB6893F83530DBB2012B40F00A8257
:107D1000FB68022283F83520FB6800225A65FB6865
:107D20001B68684A93424AD0FB681B68664A9342C4
:107D300045D0FB681B68654A934240D0FB681B68CE
:107D4000634A93423BD0FB681B68624A934236D039
:107D5000FB681B68604A934231D0FB681B685F4A2E
:107D600093422CD0FB681B685D4A934227D0FB6886
:107D70001B685C4A934222D0FB681B685A4A9342B4
:107D80001DD0FB681B68594A934218D0FB681B68DA
:107D9000574A934213D0FB681B68564A93420ED051
:107DA000FB681B68544A934209D0FB681B68534A1E
:107DB000934204D0FB681B68514A934208D1FB6888
:107DC0001B681A68FB681B6822F001021A6007E052
:107DD000FB681B681A68FB681B6822F001021A60C6
:107DE0003B687A68B968F86802F0F3FAFB681B68C8
:107DF000344A93424AD0FB681B68334A934245D0C9
:107E0000FB681B68314A934240D0FB681B68304ACC
:107E100093423BD0FB681B682E4A934236D0FB68E6
:107E20001B682D4A934231D0FB681B682B4A934252
:107E30002CD0FB681B682A4A934227D0FB681B683A
:107E4000284A934222D0FB681B68274A93421DD0E0
:107E5000FB681B68254A934218D0FB681B68244ABC
:107E6000934213D0FB681B68224A93420ED0FB68F2
:107E70001B68214A934209D0FB681B681F4A934242
:107E800004D0FB681B681E4A934201D1012300E025
:107E90000023002B36D0FB681B681B6823F01E02F2
:107EA000FB681B6842F016021A60FB681B6C002B13
:107EB0003ED0FB681B681A68FB681B6842F008022A
:107EC0001A6035E0100002402800024040000240E5
:107ED000580002407000024088000240A0000240AA
:107EE000B80002401004024028040240400402404E
:107EF000580402407004024088040240A00402407A
:107F0000B8040240FB681B681B6823F00E02FB6884
:107F10001B6842F00A021A60FB681B6C002B07D03A
:107F2000FB681B681A68FB681B6842F004021A6051
:107F3000FB681B68834A934272D0FB681B68824AC5
:107F400093426DD0FB681B68804A934268D0FB68FF
:107F50001B687F4A934263D0FB681B687D4A93424B
:107F60005ED0FB681B687C4A934259D0FB681B6853
:107F70007A4A934254D0FB681B68794A93424FD0A7
:107F8000FB681B68774A93424AD0FB681B68764AB5
:107F9000934245D0FB681B68744A934240D0FB680B
:107FA0001B68734A93423BD0FB681B68714A93423B
:107FB00036D0FB681B68704A934231D0FB681B685F
:107FC0006E4A93422CD0FB681B686D4A934227D0BF
:107FD000FB681B686B4A934222D0FB681B686A4AA5
:107FE00093421DD0FB681B68684A934218D0FB6817
:107FF0001B68674A934213D0FB681B68654A93422B
:108000000ED0FB681B68644A934209D0FB681B686A
:10801000624A934204D0FB681B68614A934201D1D3
:10802000012300E00023002B1AD0FB681B6E1B68A5
:1080300003F48033002B07D0FB681B6E1A68FB68C3
:108040001B6E42F480721A60FB68DB6E002B07D057
:10805000FB68DB6E1A68FB68DB6E42F480721A60A4
:10806000FB681B68374A93424AD0FB681B68364A54
:10807000934245D0FB681B68344A934240D0FB686A
:108080001B68334A93423BD0FB681B68314A9342DA
:1080900036D0FB681B68304A934231D0FB681B68BE
:1080A0002E4A93422CD0FB681B682D4A934227D05E
:1080B000FB681B682B4A934222D0FB681B682A4A44
:1080C00093421DD0FB681B68284A934218D0FB6876
:1080D0001B68274A934213D0FB681B68254A9342CA
:1080E0000ED0FB681B68244A934209D0FB681B68CA
:1080F000224A934204D0FB681B68214A934208D16C
:10810000FB681B681A68FB681B6842F001021A6072
:1081100012E0FB681B681A68FB681B6842F00102EA
:108120001A6009E0FB684FF400625A65FB680022A0
:1081300083F834200123FB75FB7D18461837BD46B4
:1081400080BD00BF100002402800024040000240F5
:10815000580002407000024088000240A000024027
:10816000B8000240100402402804024040040240CB
:10817000580402407004024088040240A0040240F7
:10818000B8040240085402581C5402583054025893
:1081900044540258585402586C540258805402589F
:1081A0009454025880B586B000AF7860FDF764FE45
:1081B00038617B68002B01D10123DCE27B6893F8F6
:1081C0003530DBB2022B08D07B6880225A657B6891
:1081D000002283F834200123CDE27B681B68764AB5
:1081E00093424AD07B681B68744A934245D07B68AF
:1081F0001B68734A934240D07B681B68714A934264
:108200003BD07B681B68704A934236D07B681B6802
:108210006E4A934231D07B681B686D4A93422CD0E2
:108220007B681B686B4A934227D07B681B686A4A4D
:10823000934222D07B681B68684A93421DD07B68BA
:108240001B68674A934218D07B681B68654A934253
:1082500013D07B681B68644A93420ED07B681B680E
:10826000624A934209D07B681B68614A934204D0FA
:108270007B681B685F4A934201D1012300E0002321
:10828000002B13D07B681B681A687B681B6822F080
:108290001E021A607B681B685A697B681B6822F0A3
:1082A00080025A617B681B687B610AE07B681B68FF
:1082B0001A687B681B6822F00E021A607B681B68D4
:1082C0007B617B681B683C4A934272D07B681B6869
:1082D0003A4A93426DD07B681B68394A934268D012
:1082E0007B681B68374A934263D07B681B68364AB9
:1082F00093425ED07B681B68344A934259D07B68B6
:108300001B68334A934254D07B681B68314A9342BE
:108310004FD07B681B68304A93424AD07B681B6809
:108320002E4A934245D07B681B682D4A934240D029
:108330007B681B682B4A93423BD07B681B682A4AA8
:10834000934236D07B681B68284A934231D07B68C1
:108350001B68274A93422CD07B681B68254A9342AE
:1083600027D07B681B68244A934222D07B681B6815
:10837000224A93421DD07B681B68214A934218D041
:108380007B681B681F4A934213D07B681B681E4A98
:1083900093420ED07B681B681C4A934209D07B68CD
:1083A0001B681B4A934204D07B681B68194A93429E
:1083B00032D1012331E000BF10000240280002400A
:1083C0004000024058000240700002408800024015
:1083D000A0000240B80002401004024028040240FD
:1083E00040040240580402407004024088040240E5
:1083F000A0040240B8040240085402581C54025819
:108400003054025844540258585402586C5402587C
:1084100080540258945402580023002B07D07B68E4
:108420001B6E1A687B681B6E22F480721A607B6870
:108430001B686D4A93424AD07B681B686B4A934223
:1084400045D07B681B686A4A934240D07B681B68B2
:10845000684A93423BD07B681B68674A934236D098
:108460007B681B68654A934231D07B681B68644A0D
:1084700093422CD07B681B68624A934227D07B686A
:108480001B68614A934222D07B681B685F4A934213
:108490001DD07B681B685E4A934218D07B681B68BE
:1084A0005C4A934213D07B681B685B4A93420ED0B0
:1084B0007B681B68594A934209D07B681B68584AFD
:1084C000934204D07B681B68564A934208D17B686C
:1084D0001B681A687B681B6822F001021A6007E0BB
:1084E0007B681B681A687B681B6822F001021A60AF
:1084F00013E0FDF7C1FC02463B69D31A052B0CD9EA
:108500007B6820225A657B68032283F835207B68CC
:10851000002283F8342001232DE17B691B6803F0DE
:108520000103002BE5D17B681B682F4A93424AD098
:108530007B681B682D4A934245D07B681B682C4A98
:10854000934240D07B681B682A4A93423BD07B68A9
:108550001B68294A934236D07B681B68274A93429E
:1085600031D07B681B68264A93422CD07B681B68FD
:10857000244A934227D07B681B68234A934222D027
:108580007B681B68214A93421DD07B681B68204A88
:10859000934218D07B681B681E4A934213D07B68B5
:1085A0001B681D4A93420ED07B681B681B4A93428E
:1085B00009D07B681B681A4A934204D07B681B6809
:1085C000184A934201D1012300E00023002B2BD055
:1085D0007B689B6DBB607B68DB6D03F01F033F22F4
:1085E0009A40BB689A602AE01000024028000240CE
:1085F00040000240580002407000024088000240E3
:10860000A0000240B80002401004024028040240CA
:1086100040040240580402407004024088040240B2
:10862000A0040240B80402407B689B6DFB607B683D
:10863000DB6D03F01F0301229A40FB685A607B68E0
:108640001B684F4A934272D07B681B684D4A934225
:108650006DD07B681B684C4A934268D07B681B686E
:108660004A4A934263D07B681B68494A93425ED072
:108670007B681B68474A934259D07B681B68464A0F
:10868000934254D07B681B68444A93424FD07B6826
:108690001B68434A93424AD07B681B68414A934215
:1086A00045D07B681B68404A934240D07B681B687A
:1086B0003E4A93423BD07B681B683D4A934236D08A
:1086C0007B681B683B4A934231D07B681B683A4AFF
:1086D00093422CD07B681B68384A934227D07B6832
:1086E0001B68374A934222D07B681B68354A934205
:1086F0001DD07B681B68344A934218D07B681B6886
:10870000324A934213D07B681B68314A93420ED0A1
:108710007B681B682F4A934209D07B681B682E4AEE
:10872000934204D07B681B682C4A934201D10123F9
:1087300000E00023002B15D07B685B6E7A68926E98
:108740005A607B68DB6E002B0CD07B68DB6E1A688E
:108750007B68DB6E22F480721A607B681B6F7A681C
:10876000526F5A607B68012283F835207B680022B3
:1087700083F83420002318461837BD4680BD00BF5B
:108780001000024028000240400002405800024011
:108790007000024088000240A0000240B800024081
:1087A00010040240280402404004024058040240E1
:1087B0007004024088040240A0040240B804024051
:1087C000085402581C540258305402584454025859
:1087D000585402586C540258805402589454025809
:1087E00080B584B000AF78607B68002B01D1012395
:1087F00037E27B6893F83530DBB2022B04D07B681C
:1088000080225A6501232CE27B681B685C4A9342F4
:108810004AD07B681B685B4A934245D07B681B68E3
:10882000594A934240D07B681B68584A93423BD0D8
:108830007B681B68564A934236D07B681B68554A52
:10884000934231D07B681B68534A93422CD07B689B
:108850001B68524A934227D07B681B68504A934258
:1088600022D07B681B684F4A93421DD07B681B68EF
:108870004D4A934218D07B681B684C4A934213D0F0
:108880007B681B684A4A93420ED07B681B68494A42
:10889000934209D07B681B68474A934204D07B68A7
:1088A0001B68464A934201D1012300E00023002BBC
:1088B00000F086807B68042283F835207B681B6883
:1088C0002F4A93424AD07B681B682E4A934245D078
:1088D0007B681B682C4A934240D07B681B682B4AFC
:1088E00093423BD07B681B68294A934236D07B6811
:1088F0001B68284A934231D07B681B68264A934202
:108900002CD07B681B68254A934227D07B681B6864
:10891000234A934222D07B681B68224A93421DD08F
:108920007B681B68204A934218D07B681B681F4AEB
:10893000934213D07B681B681D4A93420ED07B681C
:108940001B681C4A934209D07B681B681A4A9342F1
:1089500004D07B681B68194A934208D17B681B6866
:108960001A687B681B6822F001021A6078E17B6854
:108970001B681A687B681B6822F001021A606FE1AD
:10898000100002402800024040000240580002400F
:108990007000024088000240A0000240B80002407F
:1089A00010040240280402404004024058040240DF
:1089B0007004024088040240A0040240B80402404F
:1089C0007B681B681A687B681B6822F00E021A60BD
:1089D0007B681B686C4A93424AD07B681B686B4A71
:1089E000934245D07B681B68694A934240D07B68BC
:1089F0001B68684A93423BD07B681B68664A934277
:108A000036D07B681B68654A934231D07B681B680F
:108A1000634A93422CD07B681B68624A934227D0FA
:108A20007B681B68604A934222D07B681B685F4A60
:108A300093421DD07B681B685D4A934218D07B68C7
:108A40001B685C4A934213D07B681B685A4A934266
:108A50000ED07B681B68594A934209D07B681B681B
:108A6000574A934204D07B681B68564A934208D108
:108A70007B681B681A687B681B6822F001021A6019
:108A800007E07B681B681A687B681B6822F001029C
:108A90001A607B681B683C4A934272D07B681B68F3
:108AA0003A4A93426DD07B681B68394A934268D03A
:108AB0007B681B68374A934263D07B681B68364AE1
:108AC00093425ED07B681B68344A934259D07B68DE
:108AD0001B68334A934254D07B681B68314A9342E7
:108AE0004FD07B681B68304A93424AD07B681B6832
:108AF0002E4A934245D07B681B682D4A934240D052
:108B00007B681B682B4A93423BD07B681B682A4AD0
:108B1000934236D07B681B68284A934231D07B68E9
:108B20001B68274A93422CD07B681B68254A9342D6
:108B300027D07B681B68244A934222D07B681B683D
:108B4000224A93421DD07B681B68214A934218D069
:108B50007B681B681F4A934213D07B681B681E4AC0
:108B600093420ED07B681B681C4A934209D07B68F5
:108B70001B681B4A934204D07B681B68194A9342C6
:108B800032D1012331E000BF100002402800024032
:108B9000400002405800024070000240880002403D
:108BA000A0000240B8000240100402402804024025
:108BB000400402405804024070040240880402400D
:108BC000A0040240B8040240085402581C54025841
:108BD0003054025844540258585402586C540258A5
:108BE00080540258945402580023002B28D07B68EC
:108BF0001B6E1A687B681B6E22F480721A607B6899
:108C00009B6DFB607B68DB6D03F01F0301229A40C4
:108C1000FB685A607B685B6E7A68926E5A607B680C
:108C2000DB6E002B0CD07B68DB6E1A687B68DB6E1A
:108C300022F480721A607B681B6F7A68526F5A60E8
:108C40007B68012283F835207B68002283F834207A
:108C50007B681B6D002B03D07B681B6D7868984781
:108C6000002318461037BD4680BD80B58AB000AFDE
:108C7000F8600B467A60FB720023FB76FDF7FCF888
:108C80007861FB68002B01D1012373E3FB6893F843
:108C90003530DBB2022B08D0FB6880225A65FB68B6
:108CA000002283F83420012364E3FB681B687B4ABD
:108CB00093424AD0FB681B68794A934245D0FB68CF
:108CC0001B68784A934240D0FB681B68764A9342FF
:108CD0003BD0FB681B68754A934236D0FB681B6823
:108CE000734A934231D0FB681B68724A93422CD07E
:108CF000FB681B68704A934227D0FB681B686F4A69
:108D0000934222D0FB681B686D4A93421DD0FB68DA
:108D10001B686C4A934218D0FB681B686A4A9342EE
:108D200013D0FB681B68694A93420ED0FB681B682E
:108D3000674A934209D0FB681B68664A934204D095
:108D4000FB681B68644A934201D1012300E00023C1
:108D5000002B28D0FB681B681B6803F48073002B72
:108D600005D0FB684FF480725A65012302E3FB7A59
:108D7000002B08D1FB68DB6D03F01F03202202FAF1
:108D800003F37B6207E0FB68DB6D03F01F03102237
:108D900002FA03F37B62FB689B6D3B62FB689B6D91
:108DA0000833FB61D4E1FB681B681B6803F02003F8
:108DB000002B05D0FB684FF480725A650123D9E27D
:108DC000FB7A002B08D1FB68DB6D03F01F03022246
:108DD00002FA03F37B6207E0FB68DB6D03F01F031D
:108DE000042202FA03F37B62FB689B6D3B62FB6823
:108DF0009B6D0433FB61ABE1FB681B68274A934220
:108E00004AD0FB681B68264A934245D0FB681B6822
:108E1000244A934240D0FB681B68234A93423BD0CC
:108E2000FB681B68214A934236D0FB681B68204AC6
:108E3000934231D0FB681B681E4A93422CD0FB68DA
:108E40001B681D4A934227D0FB681B681B4A93424C
:108E500022D0FB681B681A4A93421DD0FB681B682E
:108E6000184A934218D0FB681B68174A934213D0E4
:108E7000FB681B68154A93420ED0FB681B68144AB6
:108E8000934209D0FB681B68124A934204D0FB68E6
:108E90001B68114A934221D1012320E010000240B7
:108EA000280002404000024058000240700002408A
:108EB00088000240A0000240B800024010040240B6
:108EC000280402404004024058040240700402405A
:108ED00088040240A0040240B80402400023002B92
:108EE00057D03B6A1A68FB68DB6D03F01F0322FA58
:108EF00003F303F00103002B0DD0FB685B6D43F01F
:108F00000202FB685A65FB68DB6D03F01F03012258
:108F10009A40FB691A603B6A1A68FB68DB6D03F0D4
:108F20001F03042101FA03F31340002B0DD0FB684B
:108F30005B6D43F00402FB685A65FB68DB6D03F070
:108F40001F0304229A40FB691A603B6A1A68FB6897
:108F5000DB6D03F01F03082101FA03F31340002B1C
:108F600038D0FB685B6D43F00102FB685A65FB6813
:108F7000DB6D03F01F0308229A40FB691A60FB684F
:108F8000012283F83520FB68002283F83420012376
:108F9000F0E13B6A1A68FB68DB6D03F01F030821F0
:108FA00001FA03F31340002B14D0FB68DB6D03F0D0
:108FB0001F0301229A403B6A1A60FB6801225A652E
:108FC000FB68012283F83520FB68002283F83420F7
:108FD0000123CFE17B68B3F1FF3F12D0FCF74CFFD8
:108FE00002467B69D31A7A689A4202D37B68002BC7
:108FF00007D1FB6820225A65F868FFF7D3F80123F0
:10900000B8E1FB681B68814A934272D0FB681B6819
:109010007F4A93426DD0FB681B687E4A934268D0BA
:10902000FB681B687C4A934263D0FB681B687B4AE1
:1090300093425ED0FB681B68794A934259D0FB6823
:109040001B68784A934254D0FB681B68764A934267
:109050004FD0FB681B68754A93424AD0FB681B6877
:10906000734A934245D0FB681B68724A934240D0D2
:10907000FB681B68704A93423BD0FB681B686F4AD1
:10908000934236D0FB681B686D4A934231D0FB682F
:109090001B686C4A93422CD0FB681B686A4A934257
:1090A00027D0FB681B68694A934222D0FB681B6883
:1090B000674A93421DD0FB681B68664A934218D0EA
:1090C000FB681B68644A934213D0FB681B68634AC1
:1090D00093420ED0FB681B68614A934209D0FB683B
:1090E0001B68604A934204D0FB681B685E4A934247
:1090F00001D1012300E00023002B29D0FB68DB6EA7
:10910000002B12D0FB681B6F1A68FB685B6F134063
:10911000002B0AD0FB681B6FFA68526F5A60FB681D
:109120005B6D43F48062FB685A65FB685B6E1A688E
:10913000FB689B6E1340002B0AD0FB685B6EFA68DD
:10914000926E5A60FB685B6D43F40072FB685A656F
:109150003B6A1A687B6A1340002B3FF44DAEFB7AE2
:10916000002B40F0A080FB681B68284A93424AD03D
:10917000FB681B68264A934245D0FB681B68254A5A
:10918000934240D0FB681B68234A93423BD0FB6864
:109190001B68224A934236D0FB681B68204A9342E0
:1091A00031D0FB681B681F4A93422CD0FB681B68B8
:1091B0001D4A934227D0FB681B681C4A934222D069
:1091C000FB681B681A4A93421DD0FB681B68194A4A
:1091D000934218D0FB681B68174A934213D0FB6870
:1091E0001B68164A93420ED0FB681B68144A9342D0
:1091F00009D0FB681B68134A934204D0FB681B68C4
:10920000114A934232D1012331E000BF10000240E5
:109210002800024040000240580002407000024016
:1092200088000240A0000240B80002401004024042
:1092300028040240400402405804024070040240E6
:1092400088040240A0040240B804024008540258B6
:109250001C5402583054025844540258585402586E
:109260006C54025880540258945402580023002B26
:1092700008D0FB68DB6D03F01F0330229A40FB69C6
:109280001A6007E0FB68DB6D03F01F0302229A40BF
:10929000FB691A60FB68012283F83520FB68002215
:1092A00083F8342065E0FB681B68344A93424AD057
:1092B000FB681B68324A934245D0FB681B68314A01
:1092C000934240D0FB681B682F4A93423BD0FB6817
:1092D0001B682E4A934236D0FB681B682C4A934287
:1092E00031D0FB681B682B4A93422CD0FB681B686B
:1092F000294A934227D0FB681B68284A934222D010
:10930000FB681B68264A93421DD0FB681B68254AF0
:10931000934218D0FB681B68234A934213D0FB6822
:109320001B68224A93420ED0FB681B68204A934276
:1093300009D0FB681B681F4A934204D0FB681B6876
:109340001D4A934201D1012300E00023002B08D0E5
:10935000FB68DB6D03F01F0310229A40FB691A6063
:1093600007E0FB68DB6D03F01F0304229A40FB69F2
:109370001A60FB7E18462837BD4680BD10000240AB
:1093800028000240400002405800024070000240A5
:1093900088000240A0000240B800024010040240D1
:1093A0002804024040040240580402407004024075
:1093B00088040240A0040240B804024080B58AB08C
:1093C00000AF78600023FB60674B1B68674AA2FB15
:1093D00003239B0A7B627B689B6D3B627B689B6D72
:1093E000FB613B6A1B68BB61FB691B687B617B6837
:1093F0001B685F4A93424AD07B681B685D4A934270
:1094000045D07B681B685C4A934240D07B681B68F0
:109410005A4A93423BD07B681B68594A934236D0E4
:109420007B681B68574A934231D07B681B68564A59
:1094300093422CD07B681B68544A934227D07B68A8
:109440001B68534A934222D07B681B68514A93425F
:109450001DD07B681B68504A934218D07B681B68FC
:109460004E4A934213D07B681B684D4A93420ED0FC
:109470007B681B684B4A934209D07B681B684A4A49
:10948000934204D07B681B68484A934201D1012370
:1094900000E00023002B00F02B847B68DB6D03F0E1
:1094A0001F0308229A40BB691340002B00F0A280E2
:1094B0007B681B682E4A93424AD07B681B682D4A02
:1094C000934245D07B681B682B4A934240D07B680F
:1094D0001B682A4A93423BD07B681B68284A934208
:1094E00036D07B681B68274A934231D07B681B6863
:1094F000254A93422CD07B681B68244A934227D08C
:109500007B681B68224A934222D07B681B68214AF1
:1095100093421DD07B681B681F4A934218D07B681A
:109520001B681E4A934213D07B681B681C4A9342F7
:109530000ED07B681B681B4A934209D07B681B686E
:10954000194A934204D07B681B68184A93422FD172
:109550007B681B681B6803F00403002B14BF012306
:109560000023DBB22EE000BF00000030B5814E1BAF
:109570001000024028000240400002405800024013
:109580007000024088000240A0000240B800024083
:1095900010040240280402404004024058040240E3
:1095A0007004024088040240A0040240B804024053
:1095B0007B681B681B6803F00803002B14BF0123A2
:1095C0000023DBB2002B15D07B681B681A687B6810
:1095D0001B6822F004021A607B68DB6D03F01F0336
:1095E00008229A403B6A9A607B685B6D43F00102F7
:1095F0007B685A657B68DB6D03F01F03BA6922FA4A
:1096000003F303F00103002B6ED07B681B68694AEB
:1096100093424AD07B681B68674A934245D07B6877
:109620001B68664A934240D07B681B68644A934239
:109630003BD07B681B68634A934236D07B681B68CB
:10964000614A934231D07B681B68604A93422CD0B8
:109650007B681B685E4A934227D07B681B685D4A23
:10966000934222D07B681B685B4A93421DD07B6883
:109670001B685A4A934218D07B681B68584A934229
:1096800013D07B681B68574A93420ED07B681B68D7
:10969000554A934209D07B681B68544A934204D0D0
:1096A0007B681B68524A93420AD17B681B685B69DE
:1096B00003F08003002B14BF01230023DBB203E07F
:1096C0007B681B681B680023002B0DD07B68DB6D5B
:1096D00003F01F0301229A403B6A9A607B685B6D2E
:1096E00043F002027B685A657B68DB6D03F01F0361
:1096F00004229A40BB691340002B00F08F807B68E6
:109700001B682C4A93424AD07B681B682A4A9342C2
:1097100045D07B681B68294A934240D07B681B6810
:10972000274A93423BD07B681B68264A934236D037
:109730007B681B68244A934231D07B681B68234AAC
:1097400093422CD07B681B68214A934227D07B68C8
:109750001B68204A934222D07B681B681E4A9342B2
:109760001DD07B681B681D4A934218D07B681B681C
:109770001B4A934213D07B681B681A4A93420ED04F
:109780007B681B68184A934209D07B681B68174A9C
:10979000934204D07B681B68154A93422AD17B68A8
:1097A0001B681B6803F00203002B14BF0123002376
:1097B000DBB223E0100002402800024040000240DB
:1097C000580002407000024088000240A0000240A1
:1097D000B800024010040240280402404004024045
:1097E000580402407004024088040240A004024071
:1097F000B80402407B681B681B680023002B0DD057
:109800007B68DB6D03F01F0304229A403B6A9A6079
:109810007B685B6D43F004027B685A657B68DB6D97
:1098200003F01F0310229A40BB691340002B00F085
:10983000A6807B681B68854A93424AD07B681B6878
:10984000834A934245D07B681B68824A934240D04A
:109850007B681B68804A93423BD07B681B687F4AC9
:10986000934236D07B681B687D4A934231D07B6837
:109870001B687C4A93422CD07B681B687A4A9342CF
:1098800027D07B681B68794A934222D07B681B688B
:10989000774A93421DD07B681B68764A934218D062
:1098A0007B681B68744A934213D07B681B68734AB9
:1098B00093420ED07B681B68714A934209D07B6843
:1098C0001B68704A934204D07B681B686E4A9342BF
:1098D0000AD17B681B681B6803F00803002B14BFC8
:1098E00001230023DBB209E07B681B681B6803F0DF
:1098F0000403002B14BF01230023DBB2002B3ED056
:109900007B68DB6D03F01F0310229A403B6A9A606C
:109910007B681B681B6803F48023002B18D07B68CE
:109920001B681B6803F40023002B08D17B681B6CA9
:10993000002B24D07B681B6C786898471FE07B68FD
:109940009B6C002B1BD07B689B6C7868984716E05B
:109950007B681B681B6803F48073002B07D17B684E
:109960001B681A687B681B6822F008021A607B6813
:109970001B6C002B03D07B681B6C786898477B6856
:10998000DB6D03F01F0320229A40BB691340002BBC
:1099900000F010817B681B682C4A93424AD07B6898
:1099A0001B682B4A934245D07B681B68294A934227
:1099B00040D07B681B68284A93423BD07B681B6879
:1099C000264A934236D07B681B68254A934231D0A1
:1099D0007B681B68234A93422CD07B681B68224A11
:1099E000934227D07B681B68204A934222D07B6831
:1099F0001B681F4A93421DD07B681B681D4A934217
:109A000018D07B681B681C4A934213D07B681B6884
:109A10001A4A93420ED07B681B68194A934209D0B8
:109A20007B681B68174A934204D07B681B68164A00
:109A300093422BD17B681B681B6803F01003002B3B
:109A400014BF01230023DBB22AE000BF1000024054
:109A500028000240400002405800024070000240CE
:109A600088000240A0000240B800024010040240FA
:109A7000280402404004024058040240700402409E
:109A800088040240A0040240B80402407B681B68BE
:109A90001B6803F00203002B14BF01230023DBB279
:109AA000002B00F087807B68DB6D03F01F03202212
:109AB0009A403B6A9A607B6893F83530DBB2042B9E
:109AC00039D17B681B681A687B681B6822F0160214
:109AD0001A607B681B685A697B681B6822F08002E9
:109AE0005A617B681B6C002B03D17B689B6C002B3D
:109AF00007D07B681B681A687B681B6822F0080225
:109B00001A607B68DB6D03F01F033F229A403B6ABB
:109B10009A607B68012283F835207B68002283F8F5
:109B200034207B681B6D002B00F04A837B681B6D23
:109B30007868984744E37B681B681B6803F48023BC
:109B4000002B18D07B681B681B6803F40023002BD4
:109B500008D17B685B6C002B2CD07B685B6C7868D1
:109B6000984727E07B68DB6B002B23D07B68DB6B9F
:109B7000786898471EE07B681B681B6803F4807355
:109B8000002B0FD17B681B681A687B681B6822F06A
:109B900010021A607B68012283F835207B6800225E
:109BA00083F834207B68DB6B002B03D07B68DB6B96
:109BB000786898477B685B6D002B00F006837B68B4
:109BC0005B6D03F00103002B00F088807B680422AA
:109BD00083F835207B681B687A4A93424AD07B68B9
:109BE0001B68794A934245D07B681B68774A934249
:109BF00040D07B681B68764A93423BD07B681B68E9
:109C0000744A934236D07B681B68734A934231D0C2
:109C10007B681B68714A93422CD07B681B68704A32
:109C2000934227D07B681B686E4A934222D07B68A0
:109C30001B686D4A93421DD07B681B686B4A934238
:109C400018D07B681B686A4A934213D07B681B68F4
:109C5000684A93420ED07B681B68674A934209D0DA
:109C60007B681B68654A934204D07B681B68644A22
:109C7000934208D17B681B681A687B681B6822F0D6
:109C800001021A6007E07B681B681A687B681B6822
:109C900022F001021A60FB680133FB607A6A9A4283
:109CA00007D37B681B681B6803F00103002BF2D10C
:109CB00000E000BF7B681B681B6803F00103002BFA
:109CC00004D07B68032283F8352003E07B680122FF
:109CD00083F835207B68002283F834207B68DB6CB6
:109CE000002B00F072827B68DB6C786898476CE22E
:109CF0007B681B68434A934222D07B681B68424AB8
:109D000093421DD07B681B68404A934218D07B6801
:109D10001B683F4A934213D07B681B683D4A9342BD
:109D20000ED07B681B683C4A934209D07B681B6855
:109D30003A4A934204D07B681B68394A934201D166
:109D4000012300E00023002B00F03F827B681B68AA
:109D50001B683B617B68DB6D03F01F0304229A40A4
:109D60007B691340002B00F0CD803B6903F00403B6
:109D7000002B00F0C7807B68DB6D03F01F0304221B
:109D80009A40FB695A603B6903F40043002B49D0B9
:109D90003B6903F48033002B09D17B689B6C002B5B
:109DA00000F010827B689B6C786898470AE27B68B9
:109DB0001B6C002B00F006827B681B6C7868984750
:109DC00000E200BF100002402800024040000240B4
:109DD000580002407000024088000240A00002408B
:109DE000B80002401004024028040240400402402F
:109DF000580402407004024088040240A00402405B
:109E0000B8040240085402581C54025830540258F6
:109E100044540258585402586C5402588054025802
:109E2000945402583B6903F02003002B60D17B68F7
:109E30001B687F4A93424AD07B681B687D4A9342E5
:109E400045D07B681B687C4A934240D07B681B6886
:109E50007A4A93423BD07B681B68794A934236D05A
:109E60007B681B68774A934231D07B681B68764ACF
:109E700093422CD07B681B68744A934227D07B683E
:109E80001B68734A934222D07B681B68714A9342D5
:109E90001DD07B681B68704A934218D07B681B6892
:109EA0006E4A934213D07B681B686D4A93420ED072
:109EB0007B681B686B4A934209D07B681B686A4ABF
:109EC000934204D07B681B68684A934208D17B6840
:109ED0001B681A687B681B6822F008021A6007E09A
:109EE0007B681B681A687B681B6822F004021A6092
:109EF0007B681B6C002B00F065817B681B6C7868AD
:109F000098475FE17B68DB6D03F01F0302229A40F4
:109F10007B691340002B00F0C5803B6903F002030E
:109F2000002B00F0BF807B68DB6D03F01F03022273
:109F30009A40FB695A603B6903F40043002B18D038
:109F40003B6903F48033002B09D17B685B6C002BE9
:109F500000F03A817B685B6C7868984734E17B68F5
:109F6000DB6B002B00F030817B68DB6B78689847F7
:109F70002AE13B6903F02003002B40F089807B68D5
:109F80001B682B4A93424AD07B681B68294A93423C
:109F900045D07B681B68284A934240D07B681B6889
:109FA000264A93423BD07B681B68254A934236D0B1
:109FB0007B681B68234A934231D07B681B68224A26
:109FC00093422CD07B681B68204A934227D07B6841
:109FD0001B681F4A934222D07B681B681D4A93422C
:109FE0001DD07B681B681C4A934218D07B681B6895
:109FF0001A4A934213D07B681B68194A93420ED0C9
:10A000007B681B68174A934209D07B681B68164A15
:10A01000934204D07B681B68144A934228D17B6822
:10A020001B681A687B681B6822F014021A6027E01C
:10A030001000024028000240400002405800024048
:10A040007000024088000240A0000240B8000240B8
:10A050001004024028040240400402405804024018
:10A060007004024088040240A0040240B804024088
:10A070007B681B681A687B681B6822F00A021A60FA
:10A080007B68012283F835207B68002283F8342026
:10A090007B68DB6B002B00F097807B68DB6B78685C
:10A0A000984791E07B68DB6D03F01F0308229A401C
:10A0B0007B691340002B00F088803B6903F00803A4
:10A0C000002B00F082807B681B68414A93424AD093
:10A0D0007B681B683F4A934245D07B681B683E4AB9
:10A0E000934240D07B681B683C4A93423BD07B68DC
:10A0F0001B683B4A934236D07B681B68394A9342BF
:10A1000031D07B681B68384A93422CD07B681B682F
:10A11000364A934227D07B681B68354A934222D047
:10A120007B681B68334A93421DD07B681B68324AA8
:10A13000934218D07B681B68304A934213D07B68E7
:10A140001B682F4A93420ED07B681B682D4A9342AE
:10A1500009D07B681B682C4A934204D07B681B683B
:10A160002A4A934208D17B681B681A687B681B687F
:10A1700022F01C021A6007E07B681B681A687B6883
:10A180001B6822F00E021A607B68DB6D03F01F0370
:10A1900001229A40FB695A607B6801225A657B68FC
:10A1A000012283F835207B68002283F834207B6805
:10A1B000DB6C002B09D07B68DB6C7868984704E087
:10A1C00000BF02E000BF00E000BF2837BD4680BDF1
:10A1D00010000240280002404000024058000240A7
:10A1E0007000024088000240A0000240B800024017
:10A1F0001004024028040240400402405804024077
:10A200007004024088040240A0040240B8040240E6
:10A2100080B487B000AFF8600B467A60FB72002311
:10A22000FB75FB68002B01D1012345E0FB6893F827
:10A230003430012B01D102233EE0FB68012283F878
:10A240003420FB6893F83530DBB2012B2DD1FB7A3B
:10A25000052B27D801A252F823F000BF75A21008E1
:10A260007DA2100885A210088DA2100895A21008E2
:10A270009DA21008FB687A68DA6318E0FB687A68C8
:10A280001A6414E0FB687A685A6410E0FB687A6824
:10A290009A640CE0FB687A68DA6408E0FB687A6824
:10A2A0001A6504E00123FB7501E00123FB75FB68DF
:10A2B000002283F83420FB7D18461C37BD465DF82C
:10A2C000047B704780B485B000AF78600B46FB70AC
:10A2D0000023FB737B68002B01D1012359E07B68CD
:10A2E00093F83430012B01D1022352E07B68012224
:10A2F00083F834207B6893F83530DBB2012B41D1F1
:10A30000FB78062B3BD801A252F823F029A31008B2
:10A3100031A3100839A3100841A3100849A310085D
:10A3200051A3100859A310087B680022DA632BE0C0
:10A330007B6800221A6427E07B6800225A6423E0CD
:10A340007B6800229A641FE07B680022DA641BE0CD
:10A350007B6800221A6517E07B680022DA637B685D
:10A3600000221A647B6800225A647B6800229A6487
:10A370007B680022DA647B6800221A6504E001230E
:10A38000FB7301E00123FB737B68002283F8342018
:10A39000FB7B18461437BD465DF8047B704780B4DC
:10A3A00083B000AF78607B6893F83530DBB2184635
:10A3B0000C37BD465DF8047B704780B483B000AFB6
:10A3C00078607B685B6D18460C37BD465DF8047B92
:10A3D000704780B487B000AFF860B9607A603B60C6
:10A3E000FB689B6D7B61FB689B6D3B61FB681B6839
:10A3F0007F4A934272D0FB681B687E4A93426DD0BD
:10A40000FB681B687C4A934268D0FB681B687B4AE8
:10A41000934263D0FB681B68794A93425ED0FB6825
:10A420001B68784A934259D0FB681B68764A93426E
:10A4300054D0FB681B68754A93424FD0FB681B6879
:10A44000734A93424AD0FB681B68724A934245D0D4
:10A45000FB681B68704A934240D0FB681B686F4AD8
:10A4600093423BD0FB681B686D4A934236D0FB6831
:10A470001B686C4A934231D0FB681B686A4A93425E
:10A480002CD0FB681B68694A934227D0FB681B6885
:10A49000674A934222D0FB681B68664A93421DD0EC
:10A4A000FB681B68644A934218D0FB681B68634AC8
:10A4B000934213D0FB681B68614A93420ED0FB683D
:10A4C0001B68604A934209D0FB681B685E4A93424E
:10A4D00004D0FB681B685D4A934201D1012300E070
:10A4E0000023002B0DD0FB685B6EFA68926E5A60F9
:10A4F000FB68DB6E002B04D0FB681B6FFA68526FA1
:10A500005A60FB681B683A4A93424AD0FB681B6852
:10A51000384A934245D0FB681B68374A934240D083
:10A52000FB681B68354A93423BD0FB681B68344A82
:10A53000934236D0FB681B68324A934231D0FB68A5
:10A540001B68314A93422CD0FB681B682F4A934208
:10A5500027D0FB681B682E4A934222D0FB681B68F9
:10A560002C4A93421DD0FB681B682B4A934218D09B
:10A57000FB681B68294A934213D0FB681B68284A72
:10A5800093420ED0FB681B68264A934209D0FB68B1
:10A590001B68254A934204D0FB681B68234A9342F8
:10A5A00001D1012300E00023002B5AD0FB68DB6DB2
:10A5B00003F01F033F229A407B699A60FB681B6887
:10A5C0001A68FB681B6822F480221A60FB681B680B
:10A5D0003A685A60FB689B68402B39D1FB681B685E
:10A5E0007A689A60FB681B68BA68DA6087E000BF27
:10A5F0001000024028000240400002405800024083
:10A600007000024088000240A0000240B8000240F2
:10A610001004024028040240400402405804024052
:10A620007004024088040240A0040240B8040240C2
:10A63000085402581C5402583054025844540258CA
:10A64000585402586C54025880540258945402587A
:10A65000FB681B68BA689A60FB681B687A68DA60F6
:10A660004DE0FB681B68294A934222D0FB681B68B7
:10A67000274A93421DD0FB681B68264A934218D094
:10A68000FB681B68244A934213D0FB681B68234A6B
:10A6900093420ED0FB681B68214A934209D0FB68A5
:10A6A0001B68204A934204D0FB681B681E4A9342F1
:10A6B00001D1012300E00023002B20D0FB68DB6DDB
:10A6C00003F01F0301229A403B695A60FB681B6834
:10A6D0003A685A60FB689B68402B08D1FB681B688E
:10A6E0007A689A60FB681B68BA68DA6007E0FB6802
:10A6F0001B68BA689A60FB681B687A68DA6000BFFA
:10A700001C37BD465DF8047B704700BF08540258F3
:10A710001C54025830540258445402585854025899
:10A720006C540258805402589454025880B485B036
:10A7300000AF78607B681B68434A93424AD07B68CD
:10A740001B68424A934245D07B681B68404A93424B
:10A7500040D07B681B683F4A93423BD07B681B68B4
:10A760003D4A934236D07B681B683C4A934231D0C5
:10A770007B681B683A4A93422CD07B681B68394A35
:10A78000934227D07B681B68374A934222D07B686C
:10A790001B68364A93421DD07B681B68344A93423B
:10A7A00018D07B681B68334A934213D07B681B68C0
:10A7B000314A93420ED07B681B68304A934209D0DD
:10A7C0007B681B682E4A934204D07B681B682D4A25
:10A7D000934201D1012300E00023002B26D07B68A7
:10A7E0001B68DBB2103B284AA2FB03231B09FB605A
:10A7F000FB6803F00703254AD35C1A467B68DA65D9
:10A80000FB68032B09D97B681B6823F47F7323F053
:10A8100003031A1D7B689A650EE07B681B6823F4AE
:10A820007F7323F003037A68936505E07B681B68F8
:10A8300023F0FF027B689A657B689B6D184614378E
:10A84000BD465DF8047B70471000024028000240BE
:10A850004000024058000240700002408800024060
:10A86000A0000240B8000240100402402804024048
:10A870004004024058040240700402408804024030
:10A88000A0040240B8040240ABAAAAAA4C4A12088B
:10A8900080B485B000AF78600023FB737B689B6950
:10A8A000002B20D17B689B6A032B58D801A252F859
:10A8B00023F000BFC5A81008D7A81008C5A8100825
:10A8C0005FA910087B68DB6A03F08073002B48D017
:10A8D0000123FB7345E07B68DB6AB3F1C07F42D1A3
:10A8E0000123FB733FE07B689B69B3F5005F23D1D5
:10A8F0007B689B6A032B38D801A252F823F000BF73
:10A9000011A9100817A9100811A9100829A91008E1
:10A910000123FB7330E07B68DB6A03F08073002B5C
:10A9200025D00123FB7322E07B68DB6AB3F1C07F93
:10A930001FD10123FB731CE07B689B6A022B02D9A9
:10A94000032B03D018E00123FB7315E07B68DB6A5F
:10A9500003F08073002B0ED00123FB730BE000BFCC
:10A960000AE000BF08E000BF06E000BF04E000BF4F
:10A9700002E000BF00E000BFFB7B18461437BD4675
:10A980005DF8047B704780B485B000AF78607B6869
:10A990001B68BB607B681B683A4A934222D07B6885
:10A9A0001B68394A93421DD07B681B68374A934223
:10A9B00018D07B681B68364A934213D07B681B68AB
:10A9C000344A93420ED07B681B68334A934209D0C5
:10A9D0007B681B68314A934204D07B681B68304A0D
:10A9E000934201D1012300E00023002B1CD07B689F
:10A9F0001B68DBB2083B2B4AA2FB03231B09FB604D
:10AA0000FB6803F1B05303F516439B001A467B68BD
:10AA10001A667B68244A5A66FB6803F01F0301220A
:10AA20009A407B689A6626E07B681B68DBB2103B25
:10AA30001E4AA2FB03231B09FB60BB681C4A93420E
:10AA400006D8BB681B4A934202D9FB680833FB60F7
:10AA5000FB6803F1805303F502439B001A467B68B1
:10AA60001A667B68144A5A66FB6803F01F030122CA
:10AA70009A407B689A6600BF1437BD465DF8047B38
:10AA8000704700BF085402581C54025830540258F2
:10AA900044540258585402586C5402588054025876
:10AAA00094540258CDCCCCCC80580258ABAAAAAA58
:10AAB000B80402400F0402408008024080B485B010
:10AAC00000AF78607B685B68DBB2FB60FB68002BE3
:10AAD0004AD0FB68082B47D87B681B68254A9342FD
:10AAE00022D07B681B68244A93421DD07B681B6878
:10AAF000224A934218D07B681B68214A934213D0A4
:10AB00007B681B681F4A93420ED07B681B681E4AF5
:10AB1000934209D07B681B681C4A934204D07B682F
:10AB20001B681B4A934201D1012300E00023002B44
:10AB30000AD0FA68174B13449B001A467B68DA6602
:10AB40007B68154A1A6709E0FA68144B13449B00A6
:10AB50001A467B68DA667B68114A1A67FB68013B14
:10AB600001229A407B685A6700BF1437BD465DF8E2
:10AB7000047B7047085402581C5402583054025841
:10AB800044540258585402586C5402588054025885
:10AB9000945402583F960016405902583F820010C4
:10ABA0004009024080B489B000AF786039607B68AA
:10ABB000002B02D03B68002B01D1012347E13B6809
:10ABC0001A687B681A603B681B681B0C03F0030360
:10ABD0003B613B681B6803F01F03FB600122FB68BD
:10ABE00002FA03F3BB603B681B6803F00073002BA1
:10ABF00065D03B695B0103F1B043FB61FB691B68F6
:10AC0000BB613B689B6803F00103002B04D0BA6969
:10AC1000BB681343BB6104E0BB68DB43BA69134004
:10AC2000BB61FB69BA691A603B695B0103F1B04320
:10AC30000433FB61FB691B68BB613B689B6803F0E5
:10AC40000203002B04D0BA69BB681343BB6104E064
:10AC5000BB68DB43BA691340BB61FB69BA691A6020
:10AC60003B681B6803F0C063B3F1C06F27D17B4A18
:10AC7000FB689B0803F00303023352F82330BB61E7
:10AC8000FB6803F003039B000F2202FA03F3DB438C
:10AC9000BA691340BB613B68DA68FB6803F00303E1
:10ACA0009B0002FA03F3BA691343BB616B49FB686B
:10ACB0009B0803F003030233BA6941F823203B6980
:10ACC0001B0103F1B0438033FB61FB691B68BB616F
:10ACD0003B685B6803F00103002B04D0BA69BB68D2
:10ACE0001343BB6104E0BB68DB43BA691340BB613B
:10ACF000FB69BA691A603B691B0103F1B0438433F5
:10AD0000FB61FB691B68BB613B685B6803F0020386
:10AD1000002B04D0BA69BB681343BB6104E0BB6875
:10AD2000DB43BA691340BB61FB69BA691A603B69CE
:10AD30001B0103F1B043C033FB61FB691B68BB61BE
:10AD40003B685B6803F01003002B04D0BA69BB6852
:10AD50001343BB6104E0BB68DB43BA691340BB61CA
:10AD6000FB69BA691A603B691B0103F1B043C43344
:10AD7000FB61FB691B68BB613B685B6803F02003F8
:10AD8000002B04D0BA69BB681343BB6104E0BB6805
:10AD9000DB43BA691340BB61FB69BA691A603B685F
:10ADA0001B6803F4E003B3F5E00F4FD13B695B018F
:10ADB00003F1B0430C33FB61FB691B68BB613B686B
:10ADC0001B69002B08D1BB68DB43BA691340BB6128
:10ADD000FB69BA691A6039E0BA69BB681343BB61A1
:10ADE000FB69BA691A60FB680F2B0BD83B695B01E2
:10ADF00003F1B0431033FB610122FB6802FA03F355
:10AE00007B610BE03B695B0103F1B0431433FB61F1
:10AE1000FB68103B012202FA03F37B61FB691968AE
:10AE20007B6903FB03F213465B001344DB4301EA37
:10AE300003027B6903FB03F339680969013901FBEC
:10AE400003F31343BB61FB69BA691A600023184618
:10AE50002437BD465DF8047B704700BF00040058EE
:10AE600080B489B000AF786039607B68002B02D075
:10AE70003B68002B01D10123EFE07B681A683B6837
:10AE80001A603B681B681B0C03F003037B613B6883
:10AE90001B6803F01F033B6101223B6902FA03F3C5
:10AEA000FB607B691B0103F1B0438033FB61FB69ED
:10AEB0001B68BB603B6800225A60BA68FB6813409D
:10AEC000002B02D03B6801225A607B691B0103F111
:10AED000B0438433FB61FB691B68BB60BA68FB68E5
:10AEE0001340002B05D03B685B6843F002023B68CF
:10AEF0005A607B691B0103F1B043C033FB61FB69FE
:10AF00001B68BB60BA68FB681340002B02D03B682B
:10AF100010225A607B691B0103F1B043C433FB610B
:10AF2000FB691B68BB60BA68FB681340002B05D047
:10AF30003B685B6843F020023B685A603B68002234
:10AF40009A603B680022DA603B681B6803F000737C
:10AF5000002B3ED07B695B0103F1B043FB61FB69D1
:10AF60001B68BB60BA68FB681340002B02D03B68CB
:10AF700001229A607B695B0103F1B0430433FB61FA
:10AF8000FB691B68BB60BA68FB681340002B05D0E7
:10AF90003B689B6843F002023B689A603B681B6811
:10AFA00003F0C063B3F1C06F13D12F4A3B699B0814
:10AFB00003F00303023352F82330BB603B6903F014
:10AFC00003039B00BA6822FA03F303F00F023B6805
:10AFD000DA603B6800221A613B681B6803F4E003F7
:10AFE000B3F5E00F38D17B695B0103F1B0430C335B
:10AFF000FB61FB691A683B691340002B2CD03B694D
:10B000000F2B0BD87B695B0103F1B0431033FB615D
:10B0100001223B6902FA03F3BB610BE07B695B0130
:10B0200003F1B0431433FB613B69103B012202FA88
:10B0300003F3BB61FB691968BB6903FB03F21346A9
:10B040005B00134401EA0302BB6903FB03F3B2FB99
:10B05000F3F35A1C3B681A61002318462437BD4697
:10B060005DF8047B704700BF0004005880B489B0CD
:10B0700000AF78607B68002B01D10123CFE07B68B3
:10B080001B681B0C03F003037B617B681B6803F0E8
:10B090001F033B6101223B6902FA03F3FB607B69FA
:10B0A0001B0103F1B0438033FB61FB691A68FB6845
:10B0B000DB431340BB60FB69BA681A607B691B0104
:10B0C00003F1B0438433FB61FB691A68FB68DB431F
:10B0D0001340BB60FB69BA681A607B691B0103F10E
:10B0E000B043C033FB61FB691A68FB68DB43134064
:10B0F000BB60FB69BA681A607B691B0103F1B0434E
:10B10000C433FB61FB691A68FB68DB431340BB6017
:10B11000FB69BA681A607B681B6803F00073002B38
:10B1200040D07B695B0103F1B043FB61FB691A68A6
:10B13000FB68DB431340BB60FB69BA681A607B693C
:10B140005B0103F1B0430433FB61FB691A68FB68E0
:10B15000DB431340BB60FB69BA681A607B681B68FD
:10B1600003F0C063B3F1C06F1CD1304A3B699B0848
:10B1700003F00303023352F82330BB603B6903F052
:10B1800003039B000F2202FA03F3DB43BA68134068
:10B19000BB6026493B699B0803F003030233BA688E
:10B1A00041F823207B681B6803F4E003B3F5E00F4C
:10B1B00034D17B695B0103F1B0430C33FB61FB6964
:10B1C0001A68FB68DB431A40FB691A603B690F2B66
:10B1D0000BD87B695B0103F1B0431033FB610122A3
:10B1E0003B6902FA03F3BB610BE07B695B0103F18E
:10B1F000B0431433FB613B69103B012202FA03F3B5
:10B20000BB61FB691968BB6903FB03F213465B0072
:10B210001344DB4301EA0302FB691A60002318466A
:10B220002437BD465DF8047B704700BF000400581A
:10B2300080B487B000AFF8600B467A60FB720023E1
:10B24000FB75FB68002B01D101230AE0FB7A002B80
:10B2500003D1FB687A685A6002E00123FB7500BFE6
:10B26000FB7D18461C37BD465DF8047B704780B4F3
:10B2700083B000AF786039607B68002B01D1012377
:10B2800003E07B683A681A60002318460C37BD4615
:10B290005DF8047B704780B586B000AF78607B684E
:10B2A0001B681B0C03F003033B617B681B6803F006
:10B2B0001F03012202FA03F3FB60FBF7C6FE0346FD
:10B2C000032B06D13B691B0103F1B04388337B613B
:10B2D00005E03B691B0103F1B043C8337B617B6927
:10B2E0001B68FA681340BB60BB68002B09D07B6900
:10B2F000FA681A607B685B68002B02D07B685B6829
:10B30000984700BF1837BD4680BD80B588B000AFF4
:10B31000786039607B681B681B0C03F00303BB611A
:10B320007B681B6803F01F037B6101227B6902FAC3
:10B3300003F33B61FBF789FE0346032B06D1BB6990
:10B340001B0103F1B0438833FB6105E0BB691B01BE
:10B3500003F1B043C833FB61FB691A683B691A40CB
:10B360007B6922FA03F3FB60FB6818462037BD4671
:10B3700080BD80B586B000AF786039607B681B689F
:10B380001B0C03F003033B617B681B6803F01F0386
:10B39000012202FA03F3FB60FBF757FE0346032B7F
:10B3A00006D13B691B0103F1B04388337B6105E0A3
:10B3B0003B691B0103F1B043C8337B617B69FA68C9
:10B3C0001A6000BF1837BD4680BD80B487B000AF9B
:10B3D00078607B681B681B0C03F003037B617B6850
:10B3E0001B6803F01F03012202FA03F33B617B6930
:10B3F0005B0103F1B0430833FB60FB683A691A60F4
:10B4000000BF1C37BD465DF8047B704780B489B02F
:10B4100000AF786039600023FB61894B7B6194E168
:10B420003B681A680121FB6901FA03F313403B6191
:10B430003B69002B00F086813B685B6803F00303E7
:10B44000012B05D03B685B6803F00303022B30D16E
:10B450007B689B68BB61FB695B00032202FA03F314
:10B46000DB43BA691340BB613B68DA68FB695B0088
:10B4700002FA03F3BA691343BB617B68BA699A6045
:10B480007B685B68BB610122FB6902FA03F3DB4363
:10B49000BA691340BB613B685B681B0903F001029A
:10B4A000FB6902FA03F3BA691343BB617B68BA69AB
:10B4B0005A603B685B6803F00303032B17D07B687B
:10B4C000DB68BB61FB695B00032202FA03F3DB4329
:10B4D000BA691340BB613B689A68FB695B0002FA7A
:10B4E00003F3BA691343BB617B68BA69DA603B68EE
:10B4F0005B6803F00303022B23D1FB69DA087B6846
:10B50000083253F82230BB61FB6903F007039B004C
:10B510000F2202FA03F3DB43BA691340BB613B68B5
:10B520001A69FB6903F007039B0002FA03F3BA6987
:10B530001343BB61FB69DA087B680832B96943F8D9
:10B5400022107B681B68BB61FB695B00032202FA67
:10B5500003F3DB43BA691340BB613B685B6803F0EC
:10B560000302FB695B0002FA03F3BA691343BB6190
:10B570007B68BA691A603B685B6803F44033002B50
:10B5800000F0E0802F4BD3F8F4302E4A43F0020352
:10B59000C2F8F4302B4BD3F8F43003F00203FB6015
:10B5A000FB68294AFB699B08023352F82330BB61D0
:10B5B000FB6903F003039B000F2202FA03F3DB4352
:10B5C000BA691340BB617B68204A934252D07B68C2
:10B5D0001F4A934231D07B681E4A93422BD07B682E
:10B5E0001D4A934225D07B681C4A93421FD07B683A
:10B5F0001B4A934219D07B681A4A934213D07B6846
:10B60000194A93420DD07B68184A934207D07B6851
:10B61000174A934201D109232DE00A232BE0082386
:10B6200029E0072327E0062325E0052323E0042360
:10B6300021E003231FE002231DE001231BE000BFE4
:10B64000C00000580044025800040058000002588E
:10B650000004025800080258000C0258001002585A
:10B660000014025800180258001C0258002002580A
:10B67000002402580023FA6902F00302920093406A
:10B68000BA691343BB613849FB699B080233BA6945
:10B6900041F823204FF0B0431B68BB613B69DB439B
:10B6A000BA691340BB613B685B6803F48013002BED
:10B6B00003D0BA693B691343BB614FF0B042BB6929
:10B6C00013604FF0B0435B68BB613B69DB43BA6911
:10B6D0001340BB613B685B6803F40013002B03D08D
:10B6E000BA693B691343BB614FF0B042BB69536019
:10B6F0007B695B68BB613B69DB43BA691340BB6133
:10B700003B685B6803F40033002B03D0BA693B69E4
:10B710001343BB617B69BA695A607B691B68BB6173
:10B720003B69DB43BA691340BB613B685B6803F468
:10B730008033002B03D0BA693B691343BB617B693B
:10B74000BA691A60FB690133FB613B681A68FB69DF
:10B7500022FA03F3002B7FF463AE00BF00BF24374F
:10B76000BD465DF8047B70470004005880B487B084
:10B7700000AF7860396000237B61754B3B61D9E095
:10B7800001227B6902FA03F33A681340FB60FB680D
:10B79000002B00F0CC806F4A7B699B08023352F883
:10B7A0002330BB607B6903F003039B000F2202FA86
:10B7B00003F3BA681340BB607B68674A934237D093
:10B7C0007B68664A934231D07B68654A93422BD0AE
:10B7D0007B68644A934225D07B68634A93421FD0BA
:10B7E0007B68624A934219D07B68614A934213D0C6
:10B7F0007B68604A93420DD07B685F4A934207D0D2
:10B800007B685E4A934201D1092312E00A2310E0CB
:10B8100008230EE007230CE006230AE0052308E0D6
:10B82000042306E0032304E0022302E0012300E0F6
:10B8300000237A6902F0030292009340BA689A42A8
:10B8400036D13B691A68FB68DB431A403B691A60D2
:10B850003B695A68FB68DB431A403B695A604FF00A
:10B86000B0435A68FB68DB434FF0B04113404B6074
:10B870004FF0B0431A68FB68DB434FF0B041134010
:10B880000B607B6903F003039B000F2202FA03F3B2
:10B89000BB60304A7B699B08023352F82310BB68B7
:10B8A000DA432C487B699B080A40023340F8232086
:10B8B0007B681A687B695B00032101FA03F31A4372
:10B8C0007B681A607B69DA087B68083253F82210BB
:10B8D0007B6903F007039B000F2202FA03F3DB43AB
:10B8E0007A69D20819407B68083243F822107B68D5
:10B8F000DA687B695B00032101FA03F3DB431A403A
:10B900007B68DA607B685A6801217B6901FA03F37E
:10B91000DB431A407B685A607B689A687B695B00EE
:10B92000032101FA03F3DB431A407B689A607B69C9
:10B9300001337B613A687B6922FA03F3002B7FF4C1
:10B940001FAF00BF00BF1C37BD465DF8047B7047CA
:10B95000C0000058000400580000025800040258BB
:10B9600000080258000C0258001002580014025837
:10B9700000180258001C02580020025800240258E7
:10B9800080B485B000AF78600B467B807B681A6915
:10B990007B881340002B02D00123FB7301E00023BE
:10B9A000FB73FB7B18461437BD465DF8047B70477C
:10B9B00080B483B000AF78600B467B8013467B7009
:10B9C0007B78002B03D07A887B689A6103E07B88C0
:10B9D0001A047B689A6100BF0C37BD465DF8047B92
:10B9E000704780B485B000AF78600B467B807B6881
:10B9F0005B69FB607A88FB6813401A04FB68D943D3
:10BA00007B880B401A437B689A6100BF1437BD46A0
:10BA10005DF8047B704780B485B000AF78600B465A
:10BA20007B804FF48033FB607A88FB681343FB60B4
:10BA3000FA687B68DA617A887B68DA61FA687B6821
:10BA4000DA617B68DB69FB607B68DB6903F4803368
:10BA5000002B01D0002300E0012318461437BD4617
:10BA60005DF8047B704780B582B000AF0346FB8071
:10BA70004FF0B043D3F8C820FB881340002B08D008
:10BA80004FF0B042FB88C2F8C830FB881846FAF77E
:10BA9000CBF800BF0837BD4680BD80B483B000AF8F
:10BAA0000346FB8000BF0C37BD465DF8047B704742
:10BAB00080B483B000AF786039600E493B6843F0D2
:10BAC000004343F480737A6841F82230094A7B6866
:10BAD00052F823203B6843F0004343F480739A42BA
:10BAE00001D1002300E0012318460C37BD465DF864
:10BAF000047B70470064025880B483B000AF786064
:10BB0000084A7B68203352F82330074A934201D118
:10BB1000002300E0012318460C37BD465DF8047B86
:10BB2000704700BF006402580001008080B483B0F9
:10BB300000AF7860074A7B6852F82330002B01DAA7
:10BB4000012300E0002318460C37BD465DF8047B56
:10BB5000704700BF0064025880B483B000AF7860C3
:10BB6000396006493B6843F480727B6841F82320C2
:10BB700000BF0C37BD465DF8047B70470064025877
:10BB800080B483B000AF786039607B681A043B688A
:10BB90001B0205491343C1F8403100BF0C37BD46B5
:10BBA0005DF8047B704700BF0064025880B483B026
:10BBB00000AF7860074BD3F844319AB27B681B041E
:10BBC00004491343C1F8443100BF0C37BD465DF84A
:10BBD000047B70470064025880B400AF044BD3F874
:10BBE00044311B0C1846BD465DF8047B704700BF0E
:10BBF0000064025880B483B000AF7860054B1A68C7
:10BC000004497B6813430B6000BF0C37BD465DF8E9
:10BC1000047B70471065025880B483B000AF786031
:10BC2000064B1A687B68DB43044913400B6000BF76
:10BC30000C37BD465DF8047B704700BF10650258A5
:10BC400080B582B000AF0A4BDB687B60084B1A6896
:10BC50007B68DB43064913400B60054A7B685360F1
:10BC6000786800F007F800BF0837BD4680BD00BF08
:10BC70001065025880B483B000AF786000BF0C3705
:10BC8000BD465DF8047B704780B582B000AF786038
:10BC90007B68002B01D101238DE07B6893F8413054
:10BCA000DBB2002B06D17B68002283F84020786845
:10BCB00000F0B4F87B68242283F841207B681B687D
:10BCC0001A687B681B6822F001021A607B685A6858
:10BCD0007B681B6822F070621A617B681B689A6837
:10BCE0007B681B6822F400429A607B68DB68012B4A
:10BCF00007D17B689A687B681B6842F400429A60AF
:10BD000006E07B689A687B681B6842F404429A608C
:10BD10007B68DB68022B08D17B681B685A687B68EC
:10BD20001B6842F400625A6007E07B681B685A682F
:10BD30007B681B6822F400625A607B681B685B6842
:10BD40007A68126843F0007343F4004353607B68E1
:10BD50001B68DA687B681B6822F40042DA607B6843
:10BD60001A697B685B6942EA03017B689B691A0276
:10BD70007B681B680A43DA607B68D9697B681A6A4A
:10BD80007B681B680A431A607B681B681A687B68BB
:10BD90001B6842F001021A607B6800225A647B68CB
:10BDA000202283F841207B6800221A637B680022EE
:10BDB00083F84220002318460837BD4680BD80B571
:10BDC00082B000AF78607B68002B01D1012321E0B5
:10BDD0007B68242283F841207B681B681A687B6893
:10BDE0001B6822F001021A60786800F021F87B6875
:10BDF00000225A647B68002283F841207B6800227D
:10BE00001A637B68002283F842207B68002283F853
:10BE10004020002318460837BD4680BD80B483B05B
:10BE200000AF786000BF0C37BD465DF8047B7047FB
:10BE300080B483B000AF786000BF0C37BD465DF8BA
:10BE4000047B704780B588B002AFF8607A601A460C
:10BE50000B467B8113463B81FB6893F84130DBB294
:10BE6000202B40F0FD80FB6893F84030012B01D17E
:10BE70000223F6E0FB68012283F84020F9F7FCFF7B
:10BE800038613B690093192301224FF40041F8689F
:10BE900005F0A2F90346002B01D00123E1E0FB6885
:10BEA000212283F84120FB68102283F84220FB689E
:10BEB00000225A64FB687A685A62FB683A895A859C
:10BEC000FB6800225A63FB685B8D9BB2FF2B06D98F
:10BED000FB68FF221A854FF080737B6107E0FB68E7
:10BEE0005B8D9AB2FB681A854FF000737B61FB682B
:10BEF0001B8D002B24D0FB685B6A1A78FB681B68DB
:10BF00009A62FB685B6A5A1CFB685A62FB685B8D2D
:10BF10009BB2013B9AB2FB685A85FB681B8D013BC3
:10BF20009AB2FB681A85FB681B8DDBB20133DAB26B
:10BF300079894E4B00937B69F86805F09DFB66E0BC
:10BF4000FB681B8DDAB27989484B00937B69F868EE
:10BF500005F092FB5BE03A69396AF86805F095F9FB
:10BF60000346002B01D001237BE0FB685B6A1A7853
:10BF7000FB681B689A62FB685B6A5A1CFB685A6222
:10BF8000FB685B8D9BB2013B9AB2FB685A85FB68EC
:10BF90001B8D013B9AB2FB681A85FB685B8D9BB2D7
:10BFA000002B34D0FB681B8D002B30D13B690093F4
:10BFB0003B6A00228021F86805F00EF90346002B49
:10BFC00001D001234DE0FB685B8D9BB2FF2B0ED9A6
:10BFD000FB68FF221A85FB681B8DDAB27989002382
:10BFE00000934FF08073F86805F046FB0FE0FB68A4
:10BFF0005B8D9AB2FB681A85FB681B8DDAB2798972
:10C00000002300934FF00073F86805F035FBFB68E0
:10C010005B8D9BB2002B9ED13A69396AF86805F0B6
:10C020007BF90346002B01D001231AE0FB681B6853
:10C030002022DA61FB681B685968FB681A680C4BA0
:10C040000B405360FB68202283F84120FB680022EC
:10C0500083F84220FB68002283F84020002300E0A0
:10C06000022318461837BD4680BD00BF002000805F
:10C0700000E800FE80B588B002AFF8607A601A462A
:10C080000B467B8113463B81FB6893F84130DBB262
:10C09000202B40F0DB80FB6893F84030012B01D16E
:10C0A0000223D4E0FB68012283F84020F9F7E4FE84
:10C0B00078617B690093192301224FF40041F868ED
:10C0C00005F08AF80346002B01D00123BFE0FB688E
:10C0D000222283F84120FB68102283F84220FB686B
:10C0E00000225A64FB687A685A62FB683A895A856A
:10C0F000FB6800225A63FB685B8D9BB2FF2B0ED955
:10C10000FB68FF221A85FB681B8DDAB27989524BD6
:10C1100000934FF08073F86805F0AEFA6DE0FB68AD
:10C120005B8D9AB2FB681A85FB681B8DDAB2798940
:10C13000494B00934FF00073F86805F09DFA5CE0FE
:10C140007A69396AF86805F02AF90346002B01D0AC
:10C1500001237CE0FB681B685A6AFB685B6AD2B209
:10C160001A70FB685B6A5A1CFB685A62FB681B8D7D
:10C17000013B9AB2FB681A85FB685B8D9BB2013B61
:10C180009AB2FB685A85FB685B8D9BB2002B34D05A
:10C19000FB681B8D002B30D17B6900933B6A00222A
:10C1A0008021F86805F018F80346002B01D0012320
:10C1B0004DE0FB685B8D9BB2FF2B0ED9FB68FF2225
:10C1C0001A85FB681B8DDAB27989002300934FF042
:10C1D0008073F86805F050FA0FE0FB685B8D9AB247
:10C1E000FB681A85FB681B8DDAB2798900230093FE
:10C1F0004FF00073F86805F03FFAFB685B8D9BB267
:10C20000002B9DD17A69396AF86805F085F80346F4
:10C21000002B01D001231AE0FB681B682022DA61A1
:10C22000FB681B685968FB681A680C4B0B4053602D
:10C23000FB68202283F84120FB68002283F842201B
:10C24000FB68002283F84020002300E00223184608
:10C250001837BD4680BD00BF0024008000E800FE06
:10C2600080B588B002AFF860B9603B601346FB80D0
:10C27000FB6893F84130DBB2202B40F03981BB687A
:10C28000002B02D0FB88002B05D1FB684FF4007215
:10C290005A6401232DE1FB6893F84030012B01D152
:10C2A000022326E1FB68012283F84020F9F7E4FD30
:10C2B0007861FB68212283F84120FB68202283F803
:10C2C0004220FB6800225A64FB68BA685A62FB6825
:10C2D000FA885A85FB6800225A63FB681B685A6813
:10C2E000FB681B6822F400425A60FB681B6AB3F5C6
:10C2F000003F11D1FB685B6A1A78FB681B689A6281
:10C30000FB685B6A5A1CFB685A62FB685B8D9BB2D8
:10C31000013B9AB2FB685A857B6900933B68002217
:10C320000821F86804F058FF0346002B0CD0FB6886
:10C330001B685A68FB681B6842F400425A60F86840
:10C3400004F065FC0123D4E0FB681B680822DA6175
:10C35000FB68DB68022B1BD17B6900933B680022E2
:10C360000821F86804F038FF0346002B0CD0FB6866
:10C370001B685A68FB681B6842F400425A60F86800
:10C3800004F045FC0123B4E0FB681B680822DA6175
:10C390007B6900933B6800224FF48031F86804F019
:10C3A0001BFF0346002B30D0FB681B685A68FB68F4
:10C3B0001B6842F400425A60F86804F028FC01232C
:10C3C00097E07A693968F86804F05FFF0346002B4C
:10C3D00009D0FB681B685A68FB681B6842F400427E
:10C3E0005A60012385E0FB685B6A1A78FB681B686A
:10C3F0009A62FB685B6A5A1CFB685A62FB685B8D39
:10C400009BB2013B9AB2FB685A85FB685B8D9BB27D
:10C41000002BD6D17B6900933B6800221021F8687D
:10C4200004F0DAFE0346FB74FB7C002B17D0FB689C
:10C430005B8D3B82FB685B6C042B06D13B8A002B37
:10C4400003D1FB6800225A6426E0FB681B685A6827
:10C45000FB681B6842F400425A60012349E0F86817
:10C4600004F0D5FBFB681B681022DA617A69396831
:10C47000F86804F051FF0346002B09D0FB681B68E5
:10C480005A68FB681B6842F400425A60012330E09E
:10C49000FB681B682022DA617B6900933B680122FC
:10C4A0004FF40041F86804F097FE0346002B09D0D2
:10C4B000FB681B685A68FB681B6842F400425A60BC
:10C4C000012316E0FB681B685A68FB681B6842F48E
:10C4D00000425A60FB68202283F84120FB6800225A
:10C4E00083F84220FB68002283F84020002300E00C
:10C4F000022318461837BD4680BD80B588B002AF0C
:10C50000F860B9603B601346FB80FB6893F84130EC
:10C51000DBB2202B40F0FC80BB68002B02D0FB88F4
:10C52000002B05D1FB684FF400725A640123F0E040
:10C53000FB6893F84030012B01D10223E9E0FB684E
:10C54000012283F84020F9F797FC7861FB682222EA
:10C5500083F84120FB68202283F84220FB680022F8
:10C560005A64FB68BA685A62FB68FA885A85FB68A5
:10C570005B8D9AB2FB681A85FB6800225A63FB68E0
:10C580001B685A68FB681B6822F400425A607B698A
:10C5900000933B6800220821F86804F01DFE034662
:10C5A000002B09D0FB681B685A68FB681B6842F4C3
:10C5B00000425A600123ACE0FB681B680822DA6184
:10C5C0007B6900933B6801224FF48031F86804F0E6
:10C5D00003FE0346002B54D0FB681B685A68FB68B7
:10C5E0001B6842F400425A60012392E07A6939687C
:10C5F000F86804F0D4FE0346002B29D0FB681B68C2
:10C600005A68FB681B6842F400425A60FB681B686A
:10C610009B6903F00403042B18D1FB681B685A6A5A
:10C62000FB685B6AD2B21A70FB685B6A5A1CFB68D3
:10C630005A62FB685B8D9BB2013B9AB2FB685A85DC
:10C64000FB681B8D013B9AB2FB681A85012360E0F1
:10C65000FB681B685A6AFB685B6AD2B21A70FB6897
:10C660005B6A5A1CFB685A62FB685B8D9BB2013B9C
:10C670009AB2FB685A85FB681B8D013B9AB2FB6836
:10C680001A85FB685B8D9BB2002BAFD17A69396844
:10C69000F86804F041FE0346002B09D0FB681B68D4
:10C6A0005A68FB681B6842F400425A60012330E07C
:10C6B000FB681B682022DA617B6900933B680122DA
:10C6C0004FF40041F86804F087FD0346002B09D0C1
:10C6D000FB681B685A68FB681B6842F400425A609A
:10C6E000012316E0FB681B685A68FB681B6842F46C
:10C6F00000425A60FB68202283F84120FB68002238
:10C7000083F84220FB68002283F84020002300E0E9
:10C71000022318461837BD4680BD80B588B002AFE9
:10C72000F8607A601A460B467B8113463B81FB68B2
:10C7300093F84130DBB2202B7CD1FB681B689B69EE
:10C7400003F40043B3F5004F01D1022373E0FB680B
:10C7500093F84030012B01D102236CE0FB680122E9
:10C7600083F84020FB68212283F84120FB681022D7
:10C7700083F84220FB6800225A64FB687A685A6298
:10C78000FB683A895A85FB682D4ADA62FB682D4AB4
:10C790005A63FB685B8D9BB2FF2B06D9FB68FF22B7
:10C7A0001A854FF080737B6107E0FB685B8D9AB25E
:10C7B000FB681A854FF000737B61FB681B8D002BB3
:10C7C00024D0FB685B6A1A78FB681B689A62FB6876
:10C7D0005B6A5A1CFB685A62FB685B8D9BB2013B2B
:10C7E0009AB2FB685A85FB681B8D013B9AB2FB68C5
:10C7F0001A85FB681B8DDBB20133DAB27989124BE3
:10C8000000937B69F86804F037FF09E0FB681B8D33
:10C81000DAB279890C4B00937B69F86804F02CFF3D
:10C82000FB68002283F840200121F86804F056FFDD
:10C83000002300E0022318461837BD4680BD00BF24
:10C840000000FFFF7BF010080020008080B588B05A
:10C8500002AFF8607A601A460B467B8113463B8133
:10C86000FB6893F84130DBB2202B53D1FB681B6887
:10C870009B6903F40043B3F5004F01D102234AE062
:10C88000FB6893F84030012B01D1022343E0FB68A1
:10C89000012283F84020FB68222283F84120FB68B4
:10C8A000102283F84220FB6800225A64FB687A68F1
:10C8B0005A62FB683A895A85FB68194ADA62FB6852
:10C8C000184A5A63FB685B8D9BB2FF2B06D9FB6845
:10C8D000FF221A854FF080737B6107E0FB685B8D58
:10C8E0009AB2FB681A854FF000737B61FB681B8D61
:10C8F000DAB279890C4B00937B69F86804F0BCFECE
:10C90000FB68002283F840200221F86804F0E6FE6C
:10C91000002300E0022318461837BD4680BD00BF43
:10C920000000FFFF7BF010080024008080B584B079
:10C9300000AFF860B9601346FB80FB6893F84130A4
:10C94000DBB2202B56D1FB6893F84030012B01D18C
:10C95000022350E0FB68012283F84020FB6821227B
:10C9600083F84120FB68202283F84220FB680022E4
:10C970005A64FB681B685A68FB681B6822F4004213
:10C980005A60FB68BA685A62FB68FA885A85FB6885
:10C990005B8D9AB2FB681A85FB68194ADA62FB68FC
:10C9A000184A5A63FB681B6AB3F5003F17D1FB684E
:10C9B0005B6A1A78FB681B689A62FB685B6A5A1CA0
:10C9C000FB685A62FB685B8D9BB2013B9AB2FB68C5
:10C9D0005A85FB681B8D013B9AB2FB681A85FB6880
:10C9E000002283F8402048F20101F86804F076FE46
:10C9F000002300E0022318461037BD4680BD00BF6B
:10CA00000000FFFF49F5100880B584B000AFF86062
:10CA1000B9601346FB80FB6893F84130DBB2202BF2
:10CA200039D1FB6893F84030012B01D1022333E068
:10CA3000FB68012283F84020FB68222283F8412012
:10CA4000FB68202283F84220FB6800225A64FB68BE
:10CA50001B685A68FB681B6822F400425A60FB6836
:10CA6000BA685A62FB68FA885A85FB685B8D9AB28D
:10CA7000FB681A85FB680A4ADA62FB68094A5A634E
:10CA8000FB68002283F8402048F20201F86804F0B5
:10CA900025FE002300E0022318461037BD4680BD66
:10CAA0000000FFFF49F5100880B58AB002AFF860BA
:10CAB0007A601A460B467B8113463B810023BB619B
:10CAC000FB6893F84130DBB2202B40F0EF80FB682D
:10CAD0001B689B6903F40043B3F5004F01D10223A7
:10CAE000E5E0FB6893F84030012B01D10223DEE042
:10CAF000FB68012283F84020FB68212283F8412053
:10CB0000FB68102283F84220FB6800225A64FB680D
:10CB10007A685A62FB683A895A85FB68664ADA6223
:10CB2000FB68664A5A63FB685B8D9BB2FF2B06D994
:10CB3000FB68FF221A854FF08073FB6107E0FB68FA
:10CB40005B8D9AB2FB681A854FF00073FB61FB683E
:10CB50001B8D002B1AD0FB685B6A1A78FB681B6878
:10CB60009A62FB685B6A5A1CFB685A62FB681B8D01
:10CB7000BB61FB685B8D9BB2013B9AB2FB685A8537
:10CB8000FB681B8D013B9AB2FB681A85FB681B8D05
:10CB9000002B74D0FB689B6B002B22D0FB689B6B37
:10CBA000474ADA63FB689B6B464ADA64FB689B6B17
:10CBB00000221A64FB689B6B00221A65FB68986B65
:10CBC000FB685B6A1946FB681B6828331A46FB68DA
:10CBD0001B8DFBF77DF80346FB75FB7D002B3AD1DF
:10CBE00013E0FB68202283F84120FB68002283F8D1
:10CBF0004220FB685B6C43F08002FB685A64FB6870
:10CC0000002283F84020012351E0FB681B8DDBB23A
:10CC10000133DAB279892C4B0093FB69F86804F090
:10CC20002BFDFB685B8D9AB2FB681B8DD31A9AB201
:10CC3000FB685A85FB68002283F840201021F868C1
:10CC400004F04CFDFB681B681A68FB681B6842F423
:10CC500080421A6028E0FB68202283F84120FB68AC
:10CC6000002283F84220FB685B6C43F01002FB68F3
:10CC70005A64FB68002283F84020012317E0FB6818
:10CC8000124A5A63BB69DAB279890F4B00934FF0AD
:10CC90000073F86804F0F0FCFB68002283F8402081
:10CCA0000121F86804F01AFD002300E00223184671
:10CCB0002037BD4680BD00BF0000FFFF51F71008C0
:10CCC000570C1108290F1108002000807BF0100874
:10CCD00080B588B002AFF8607A601A460B467B8157
:10CCE00013463B81FB6893F84130DBB2202B40F0C8
:10CCF000CD80FB681B689B6903F40043B3F5004FCC
:10CD000001D10223C3E0FB6893F84030012B01D12D
:10CD10000223BCE0FB68012283F84020FB6822224A
:10CD200083F84120FB68102283F84220FB68002230
:10CD30005A64FB687A685A62FB683A895A85FB68CC
:10CD4000554ADA62FB68554A5A63FB685B8D9BB2B1
:10CD5000FF2B06D9FB68FF221A854FF080737B6199
:10CD600007E0FB685B8D9AB2FB681A854FF0007391
:10CD70007B61FB681B8D002B70D0FB68DB6B002B8D
:10CD800020D0FB68DB6B464ADA63FB68DB6B454A05
:10CD9000DA64FB68DB6B00221A64FB68DB6B002241
:10CDA0001A65FB68D86BFB681B68243319467A68E0
:10CDB000FB681B8DFAF78CFF0346FB74FB7C002B92
:10CDC00038D113E0FB68202283F84120FB68002261
:10CDD00083F84220FB685B6C43F08002FB685A6476
:10CDE000FB68002283F84020012350E0FB681B8D84
:10CDF000DAB279892C4B00937B69F86804F03CFC2B
:10CE0000FB685B8D9AB2FB681B8DD31A9AB2FB68E4
:10CE10005A85FB68002283F840201021F86804F04E
:10CE20005DFCFB681B681A68FB681B6842F40042E3
:10CE30001A6029E0FB68202283F84120FB68002269
:10CE400083F84220FB685B6C43F01002FB685A6475
:10CE5000FB68002283F84020012318E0FB68134A96
:10CE60005A63FB681B8DDAB279890F4B00934FF040
:10CE70000073F86804F000FCFB68002283F840208F
:10CE80000221F86804F02AFC002300E0022318467F
:10CE90001837BD4680BD00BF0000FFFF51F71008E6
:10CEA0002D0D1108290F1108002400807BF01008B7
:10CEB00080B586B000AFF860B9601346FB80FB68B0
:10CEC00093F84130DBB2202B40F0D180BB68002BBF
:10CED00002D0FB88002B05D1FB684FF400725A6426
:10CEE0000123C5E0FB6893F84030012B01D10223F8
:10CEF000BEE0FB68012283F84020FB68212283F812
:10CF00004120FB68202283F84220FB6800225A64FB
:10CF1000FB68BA685A62FB68FA885A85FB685B8DC1
:10CF20009AB2FB681A85FB68534ADA62FB68534A77
:10CF30005A63FB681B6AB3F5003F17D1FB685B6A55
:10CF40001A78FB681B689A62FB685B6A5A1CFB686C
:10CF50005A62FB685B8D9BB2013B9AB2FB685A85B3
:10CF6000FB681B8D013B9AB2FB681A85FB685B8DE1
:10CF70009BB2002B68D0FB689B6B002B22D0FB6818
:10CF80009B6B3F4ADA63FB689B6B3E4ADA64FB6843
:10CF90009B6B00221A64FB689B6B00221A65FB687E
:10CFA000986BFB685B6A1946FB681B6828331A4656
:10CFB000FB681B8DFAF78CFE0346FB75FB7D002B8F
:10CFC0002ED113E0FB68282283F84120FB68002261
:10CFD00083F84220FB685B6C43F08002FB685A6474
:10CFE000FB68002283F84020012341E0FB681B68B6
:10CFF0005A68FB681B6822F400425A60FB680022F2
:10D0000083F840204FF40041F86804F067FBFB68A8
:10D010001B681A68FB681B6842F480421A6024E0AF
:10D02000FB68282283F84120FB68002283F8422015
:10D03000FB685B6C43F01002FB685A64FB680022DB
:10D0400083F84020012313E0FB681B685A68FB68E3
:10D050001B6822F400425A60FB68002283F84020DB
:10D060004FF40041F86804F039FB002300E002238C
:10D0700018461837BD4680BD0000FFFF99FB100819
:10D08000ED0C1108290F110880B586B000AFF860CB
:10D09000B9601346FB80FB6893F84130DBB2202B6C
:10D0A00040F09B80BB68002B02D0FB88002B05D191
:10D0B000FB684FF400725A6401238FE0FB6893F819
:10D0C0004030012B01D1022388E0FB68012283F864
:10D0D0004020FB68222283F84120FB68202283F84D
:10D0E0004220FB6800225A64FB68BA685A62FB68F7
:10D0F000FA885A85FB685B8D9AB2FB681A85FB68D3
:10D10000384ADA62FB68384A5A63FB68DB6B002BEB
:10D1100020D0FB68DB6B354ADA63FB68DB6B344A93
:10D12000DA64FB68DB6B00221A64FB68DB6B0022AD
:10D130001A65FB68D86BFB681B6824331946BA680C
:10D14000FB681B8DFAF7C4FD0346FB75FB7D002BC6
:10D150002FD113E0FB68282283F84120FB680022CE
:10D1600083F84220FB685B6C43F08002FB685A64E2
:10D17000FB68002283F8402001232FE0FB681B6836
:10D180005A68FB681B6822F400425A60FB68002260
:10D1900083F840204FF40041F86804F09FFAFB68E0
:10D1A0001B681A68FB681B6842F400421A6000237F
:10D1B00014E0FB68282283F84120FB68002283F8F2
:10D1C0004220FB685B6C43F01002FB685A64FB680A
:10D1D000002283F84020012300E00223184618377C
:10D1E000BD4680BD0000FFFF99FB1008C30D11086C
:10D1F000290F110880B588B002AFF86008461146C3
:10D200001A4603467B810B463B811346FB80FB6835
:10D2100093F84130DBB2202B40F0F9803B6A002BC1
:10D2200002D0BB8C002B05D1FB684FF400725A640E
:10D230000123EDE0FB6893F84030012B01D102237C
:10D24000E6E0FB68012283F84020F8F715FE7861DC
:10D250007B690093192301224FF40041F86803F021
:10D26000BBFF0346002B01D00123D1E0FB68212244
:10D2700083F84120FB68402283F84220FB680022AB
:10D280005A64FB683A6A5A62FB68BA8C5A85FB6832
:10D2900000225A63F8883A8979897B690193BB6ACD
:10D2A00000930346F86802F05AFE0346002B05D0AF
:10D2B000FB68002283F840200123A9E0FB685B8D16
:10D2C0009BB2FF2B0ED9FB68FF221A85FB681B8DD2
:10D2D000DAB27989002300934FF08073F86804F084
:10D2E000CBF90FE0FB685B8D9AB2FB681A85FB688F
:10D2F0001B8DDAB27989002300934FF00073F86830
:10D3000004F0BAF97A69B96AF86803F0BEFF034617
:10D31000002B01D001237BE0FB685B6A1A78FB6875
:10D320001B689A62FB685B6A5A1CFB685A62FB685E
:10D330005B8D9BB2013B9AB2FB685A85FB681B8DE3
:10D34000013B9AB2FB681A85FB685B8D9BB2002B90
:10D3500034D0FB681B8D002B30D17B690093BB6AF6
:10D3600000228021F86803F037FF0346002B01D02C
:10D3700001234DE0FB685B8D9BB2FF2B0ED9FB6850
:10D38000FF221A85FB681B8DDAB27989002300938E
:10D390004FF08073F86804F06FF90FE0FB685B8D65
:10D3A0009AB2FB681A85FB681B8DDAB27989002373
:10D3B00000934FF00073F86804F05EF9FB685B8D32
:10D3C0009BB2002B9ED17A69B96AF86803F0A4FF7A
:10D3D0000346002B01D001231AE0FB681B682022C2
:10D3E000DA61FB681B685968FB681A680A4B0B40D6
:10D3F0005360FB68202283F84120FB68002283F8F9
:10D400004220FB68002283F84020002300E0022332
:10D4100018461837BD4680BD00E800FE80B588B0CC
:10D4200002AFF860084611461A4603467B810B4658
:10D430003B811346FB80FB6893F84130DBB2202B25
:10D4400040F0FD803B6A002B02D0BB8C002B05D145
:10D45000FB684FF400725A640123F1E0FB6893F813
:10D460004030012B01D10223EAE0FB68012283F85E
:10D470004020F8F701FD78617B69009319230122B0
:10D480004FF40041F86803F0A7FE0346002B01D0DB
:10D490000123D5E0FB68222283F84120FB6840226B
:10D4A00083F84220FB6800225A64FB683A6A5A6299
:10D4B000FB68BA8C5A85FB6800225A63F8883A895F
:10D4C00079897B690193BB6A00930346F86802F08F
:10D4D0009BFD0346002B05D0FB68002283F840200B
:10D4E0000123ADE0FB685B8D9BB2FF2B0ED9FB687F
:10D4F000FF221A85FB681B8DDAB27989524B0093A3
:10D500004FF08073F86804F0B7F80FE0FB685B8DAC
:10D510009AB2FB681A85FB681B8DDAB279894A4B8F
:10D5200000934FF00073F86804F0A6F87B6900934D
:10D53000BB6A00220421F86803F04EFE0346002B6C
:10D5400001D001237CE0FB681B685A6AFB685B6AB8
:10D55000D2B21A70FB685B6A5A1CFB685A62FB689D
:10D560001B8D013B9AB2FB681A85FB685B8D9BB2F1
:10D57000013B9AB2FB685A85FB685B8D9BB2002B1E
:10D5800034D0FB681B8D002B30D17B690093BB6AC4
:10D5900000228021F86803F01FFE0346002B01D013
:10D5A00001234DE0FB685B8D9BB2FF2B0ED9FB681E
:10D5B000FF221A85FB681B8DDAB27989002300935C
:10D5C0004FF08073F86804F057F80FE0FB685B8D4C
:10D5D0009AB2FB681A85FB681B8DDAB27989002341
:10D5E00000934FF00073F86804F046F8FB685B8D19
:10D5F0009BB2002B9AD17A69B96AF86803F08CFE65
:10D600000346002B01D001231AE0FB681B6820228F
:10D61000DA61FB681B685968FB681A680B4B0B40A2
:10D620005360FB68202283F84120FB68002283F8C6
:10D630004220FB68002283F84020002300E0022300
:10D6400018461837BD4680BD0024008000E800FE63
:10D6500080B586B002AFF860084611461A46034608
:10D660007B810B463B811346FB80FB6893F841307E
:10D67000DBB2202B6AD1BB69002B02D0BB8B002B05
:10D6800005D1FB684FF400725A6401235FE0FB6828
:10D690001B689B6903F40043B3F5004F01D10223DB
:10D6A00055E0FB6893F84030012B01D102234EE096
:10D6B000FB68012283F84020FB68212283F8412087
:10D6C000FB68402283F84220FB6800225A64FB6812
:10D6D00000221A85FB68BA695A62FB68BA8B5A85C0
:10D6E000FB681D4ADA62FB681C4A5A637A89FB6848
:10D6F000DA64FB88012B09D13B89DAB2FB681B682D
:10D700009A62FB684FF0FF321A650BE03B891B0AF7
:10D710009BB2DAB2FB681B689A623B89DBB21A469D
:10D72000FB681A65FB88DAB279890D4B00934FF0DC
:10D730008073F86803F0A0FFFB68002283F84020A4
:10D740000121F86803F0CAFF002300E00223184615
:10D750001037BD4680BD00BF0000FFFFE3F2100898
:10D760000020008080B586B002AFF8600846114600
:10D770001A4603467B810B463B811346FB80FB68C0
:10D7800093F84130DBB2202B66D1BB69002B02D06D
:10D79000BB8B002B05D1FB684FF400725A64012348
:10D7A0005BE0FB681B689B6903F40043B3F5004F23
:10D7B00001D1022351E0FB6893F84030012B01D1E5
:10D7C00002234AE0FB68012283F84020FB68222202
:10D7D00083F84120FB68402283F84220FB68002246
:10D7E0005A64FB68BA695A62FB68BA8B5A85FB684F
:10D7F0001C4ADA62FB681C4A5A637A89FB68DA645D
:10D80000FB88012B09D13B89DAB2FB681B689A625D
:10D81000FB684FF0FF321A650BE03B891B0A9BB295
:10D82000DAB2FB681B689A623B89DBB21A46FB6876
:10D830001A65FB88DAB279890C4B00930023F868EB
:10D8400003F01AFFFB68002283F840200121F868EA
:10D8500003F044FF002300E0022318461037BD46C2
:10D8600080BD00BF0000FFFFE3F210080020008031
:10D8700080B588B002AFF860084611461A460346E4
:10D880007B810B463B811346FB80FB6893F841305C
:10D89000DBB2202B40F0C3803B6A002B02D0BB8C54
:10D8A000002B05D1FB684FF400725A640123B7E0E6
:10D8B000FB681B689B6903F40043B3F5004F01D17B
:10D8C0000223ADE0FB6893F84030012B01D1022325
:10D8D000A6E0FB68012283F84020FB68212283F840
:10D8E0004120FB68402283F84220FB6800225A64F2
:10D8F000FB683A6A5A62FB68BA8C5A85FB684A4AE6
:10D90000DA62FB68494A5A637A89FB68DA64FB6821
:10D910005B8D9BB2FF2B03D9FB68FF221A8504E0C5
:10D92000FB685B8D9AB2FB681A85FB88012B09D1D5
:10D930003B89DAB2FB681B689A62FB684FF0FF32E2
:10D940001A650BE03B891B0A9BB2DAB2FB681B68C5
:10D950009A623B89DBB21A46FB681A65FB689B6BCF
:10D96000002B20D0FB689B6B314ADA63FB689B6B12
:10D97000304ADA64FB689B6B00221A64FB689B6B7D
:10D9800000221A65FB68986B396AFB681B682833AC
:10D990001A46FB681B8DFAF79BF90346FB75FB7D66
:10D9A000002B28D113E0FB68202283F84120FB687C
:10D9B000002283F84220FB685B6C43F08002FB6826
:10D9C0005A64FB68002283F84020012328E0FB888A
:10D9D000DAB27989184B00934FF08073F86803F03E
:10D9E0004BFEFB68002283F840200121F86803F019
:10D9F00075FE002314E0FB68202283F84120FB68B9
:10DA0000002283F84220FB685B6C43F01002FB6845
:10DA10005A64FB68002283F84020012300E00223BF
:10DA200018461837BD4680BD0000FFFF37F91008C3
:10DA3000570C1108290F11080020008080B588B00C
:10DA400002AFF860084611461A4603467B810B4632
:10DA50003B811346FB80FB6893F84130DBB2202BFF
:10DA600040F0C2803B6A002B02D0BB8C002B05D15A
:10DA7000FB684FF400725A640123B6E0FB681B6830
:10DA80009B6903F40043B3F5004F01D10223ACE0DE
:10DA9000FB6893F84030012B01D10223A5E0FB681D
:10DAA000012283F84020FB68222283F84120FB6892
:10DAB000402283F84220FB6800225A64FB683A6ADD
:10DAC0005A62FB68BA8C5A85FB684A4ADA62FB687C
:10DAD000494A5A637A89FB68DA64FB685B8D9BB2BA
:10DAE000FF2B03D9FB68FF221A8504E0FB685B8DDE
:10DAF0009AB2FB681A85FB88012B09D13B89DAB2FF
:10DB0000FB681B689A62FB684FF0FF321A650BE0F6
:10DB10003B891B0A9BB2DAB2FB681B689A623B899D
:10DB2000DBB21A46FB681A65FB68DB6B002B20D062
:10DB3000FB68DB6B314ADA63FB68DB6B304ADA6423
:10DB4000FB68DB6B00221A64FB68DB6B00221A6542
:10DB5000FB68D86BFB681B68243319463A6AFB687C
:10DB60001B8DFAF7B5F80346FB75FB7D002B27D11B
:10DB700013E0FB68202283F84120FB68002283F831
:10DB80004220FB685B6C43F08002FB685A64FB68D0
:10DB9000002283F84020012327E0FB88DAB279894C
:10DBA000184B00930023F86803F066FDFB68002221
:10DBB00083F840200121F86803F090FD002314E071
:10DBC000FB68202283F84120FB68002283F8422072
:10DBD000FB685B6C43F01002FB685A64FB68002230
:10DBE00083F84020012300E0022318461837BD4681
:10DBF00080BD00BF0000FFFF37F910082D0D110890
:10DC0000290F11080020008080B58AB002AFF860AB
:10DC10007A603B600B467B8100237B610023FB77AE
:10DC2000FB6893F84130DBB2202B40F0ED80FB68BD
:10DC30001B689B6903F40043B3F5004F01D1022335
:10DC4000E3E0FB6893F84030012B01D10223DCE0D4
:10DC5000FB68012283F84020FB68242283F84120DE
:10DC6000FB6800225A64FB68DB68012B07D17B89C3
:10DC7000C3F3090343F0007343F4005306E07B89C8
:10DC8000C3F3090343F0007343F42053FA681268A6
:10DC90005360F8F7F1F8B861FB681B689B6903F003
:10DCA0002003202B0CBF01230023DBB2BB77FB68D2
:10DCB0001B689B6903F01003102B0CBF012300238A
:10DCC000DBB27B7734E03B68B3F1FF3F1AD0F8F763
:10DCD000D3F80246BB69D31A3A689A4202D33B682A
:10DCE000002B0FD1FB68202283F84120FB685B6C7E
:10DCF00043F02002FB685A64FB68002283F840204E
:10DD0000012382E0FB681B689B6903F02003202B42
:10DD10000CBF01230023DBB2BB77FB681B689B6948
:10DD200003F01003102B0CBF01230023DBB27B7721
:10DD3000BB7F002B02D17B7F002BC4D0FB681B680C
:10DD40009B6903F01003102B27D0BB6900933B683D
:10DD500000222021F86803F03FFA0346002B0ED082
:10DD6000FB685B6C042B07D1FB681B682022DA611F
:10DD7000FB6800225A6426E00123FB7723E0FB685E
:10DD80001B682022DA61FB68202283F84120FB68AF
:10DD9000002283F84020002337E0FB681B68102234
:10DDA000DA61BB6900933B6800222021F86803F028
:10DDB00013FA0346002B02D00123FB7703E0FB6834
:10DDC0001B682022DA617B6901337B617B697A6899
:10DDD0009A4204D9FB7F012B01D10023FB777B6999
:10DDE0007A689A423FF63FAFFB68202283F84120D1
:10DDF000FB685B6C43F02002FB685A64FB680022FE
:10DE000083F84020012300E0022318462037BD4656
:10DE100080BD80B58AB002AFF8607A601A460B46C2
:10DE20007B8113463B81574BBB6100237B61FB68C1
:10DE300093F84130DBB2202B40F09F80FB6893F8D1
:10DE40004030012B01D1022398E0FB68012283F8C6
:10DE50004020FB68212283F84120FB68102283F8D0
:10DE60004220FB6800225A64FB687A685A62FB68A9
:10DE70003A895A85FB68BA6ADA62FB68424A5A6391
:10DE8000FB685B8D9BB2FF2B06D9FB68FF221A85CE
:10DE90004FF08073FB6107E0FB685B8D9AB2FB6813
:10DEA0001A85FB68DB6AFB61FB681B8D002B21D0A8
:10DEB000BB6A002B03D0BB6AB3F1007F1AD1FB68A9
:10DEC0005B6A1A78FB681B689A62FB685B6A5A1C7B
:10DED000FB685A62FB681B8D7B61FB685B8D9BB2A4
:10DEE000013B9AB2FB685A85FB681B8D013B9AB2D5
:10DEF000FB681A85FB681B6B112B0ED1BB6AAA2B22
:10DF000003D0BB6AB3F52A4F01D1012300E00023FF
:10DF1000002B02D10023BB610AE0F86803F0C0FCCB
:10DF2000FB685B8D9BB2FF2B02D8FB68DB6AFB6151
:10DF3000BB6A002B03D0BB6AB3F1007F09D17B69B8
:10DF4000DAB27989BB690093FB69F86803F094FB46
:10DF500009E0FB681B8DDAB27989BB690093FB6924
:10DF6000F86803F089FBFB68002283F84020012158
:10DF7000F86803F0B3FB002300E0022318462037C3
:10DF8000BD4680BD002000807BF0100880B58AB0BF
:10DF900002AFF8607A601A460B467B8113463B81DC
:10DFA000904BBB6100237B61FB6893F84130DBB28F
:10DFB000202B40F03581FB6893F84030012B01D1D4
:10DFC00002232EE1FB68012283F84020FB68212216
:10DFD00083F84120FB68102283F84220FB6800226E
:10DFE0005A64FB687A685A62FB683A895A85FB680A
:10DFF000BA6ADA62FB687C4A5A63FB685B8D9BB243
:10E00000FF2B06D9FB68FF221A854FF08073FB6156
:10E0100007E0FB685B8D9AB2FB681A85FB68DB6AD8
:10E02000FB61FB681B8D002B21D0BB6A002B03D04A
:10E03000BB6AB3F1007F1AD1FB685B6A1A78FB6890
:10E040001B689A62FB685B6A5A1CFB685A62FB6831
:10E050001B8D7B61FB685B8D9BB2013B9AB2FB68B9
:10E060005A85FB681B8D013B9AB2FB681A85FB68D9
:10E070001B6B112B0ED1BB6AAA2B03D0BB6AB3F565
:10E080002A4F01D1012300E00023002B02D10023FD
:10E09000BB610AE0F86803F003FCFB685B8D9BB290
:10E0A000FF2B02D8FB68DB6AFB61FB681B8D002B32
:10E0B00000F08480FB689B6B002B22D0FB689B6B7D
:10E0C0004A4ADA63FB689B6B494ADA64FB689B6BDC
:10E0D00000221A64FB689B6B00221A65FB68986B30
:10E0E000FB685B6A1946FB681B6828331A46FB68A5
:10E0F0001B8DF9F7EDFD0346FB74FB7C002B49D12A
:10E1000013E0FB68202283F84120FB68002283F89B
:10E110004220FB685B6C43F08002FB685A64FB683A
:10E12000002283F8402001237BE0BB6A002B03D050
:10E13000BB6AB3F1007F09D17B69DAB27989BB6927
:10E140000093FB69F86803F097FA09E0FB681B8D00
:10E15000DAB27989BB690093FB69F86803F08CFA3D
:10E16000FB685B8D9AB2FB681B8DD31A9AB2FB6871
:10E170005A85FB68002283F840201021F86803F0DC
:10E18000ADFAFB681B681A68FB681B6842F48042A2
:10E190001A6043E0FB68202283F84120FB680022DC
:10E1A00083F84220FB685B6C43F01002FB685A6402
:10E1B000FB68002283F84020012332E0FB680D4A0F
:10E1C0005A63BB6A002B03D0BB6AB3F1007F13D143
:10E1D0007B69DAB27989BB690093FB69F86803F05F
:10E1E0004BFA13E00020008051F71008570C11087B
:10E1F000290F11087BF01008FB681B8DDAB27989B2
:10E20000BB690093FB69F86803F036FAFB680022EB
:10E2100083F840200121F86803F060FA002300E051
:10E22000022318462037BD4680BD80B588B002AFB6
:10E23000F8607A601A460B467B8113463B813A4B65
:10E240003B61FB6893F84130DBB2202B67D1FB6860
:10E2500093F84030012B01D1022361E0FB680122D9
:10E2600083F84020FB68222283F84120FB681022BB
:10E2700083F84220FB6800225A64FB687A685A627D
:10E28000FB683A895A85FB683A6ADA62FB68274A72
:10E290005A63FB685B8D9BB2FF2B06D9FB68FF229C
:10E2A0001A854FF080737B6107E0FB685B8D9AB243
:10E2B000FB681A85FB68DB6A7B61FB681B6B122BB2
:10E2C0000ED13B6AAA2B03D03B6AB3F52A4F01D18A
:10E2D000012300E00023002B02D100233B610AE070
:10E2E000F86803F0DDFAFB685B8D9BB2FF2B02D868
:10E2F000FB68DB6A7B61FB681B8DDAB279893B695D
:10E3000000937B69F86803F0B7F9FB68002283F893
:10E3100040200221F86803F0E1F9002300E0022325
:10E3200018461837BD4680BD002400807BF01008D9
:10E3300080B58AB002AFF8607A601A460B467B81DE
:10E3400013463B81774BBB61FB6893F84130DBB2EE
:10E35000202B40F0E180FB6893F84030012B01D185
:10E360000223DAE0FB68012283F84020FB682222C6
:10E3700083F84120FB68102283F84220FB680022CA
:10E380005A64FB687A685A62FB683A895A85FB6866
:10E39000BA6ADA62FB68644A5A63FB685B8D9BB2B7
:10E3A000FF2B06D9FB68FF221A854FF08073FB61B3
:10E3B00007E0FB685B8D9AB2FB681A85FB68DB6A35
:10E3C000FB61FB681B6B122B0ED1BB6AAA2B03D01F
:10E3D000BB6AB3F52A4F01D1012300E00023002BD3
:10E3E00002D10023BB610AE0F86803F059FAFB6828
:10E3F0005B8D9BB2FF2B02D8FB68DB6AFB61FB687D
:10E400001B8D002B70D0FB68DB6B002B20D0FB68D2
:10E41000DB6B464ADA63FB68DB6B454ADA64FB6810
:10E42000DB6B00221A64FB68DB6B00221A65FB6859
:10E43000D86BFB681B68243319467A68FB681B8D10
:10E44000F9F746FC0346FB75FB7D002B38D113E042
:10E45000FB68202283F84120FB68002283F84220D9
:10E46000FB685B6C43F08002FB685A64FB68002227
:10E4700083F84020012350E0FB681B8DDAB27989D4
:10E48000BB690093FB69F86803F0F6F8FB685B8DE5
:10E490009AB2FB681B8DD31A9AB2FB685A85FB6847
:10E4A000002283F840201021F86803F017F9FB6878
:10E4B0001B681A68FB681B6842F400421A6029E076
:10E4C000FB68202283F84120FB68002283F8422069
:10E4D000FB685B6C43F01002FB685A64FB68002227
:10E4E00083F84020012318E0FB68124A5A63FB6856
:10E4F0001B8DDAB279890B4B00934FF00073F868EB
:10E5000003F0BAF8FB68002283F840200221F86883
:10E5100003F0E4F8002300E0022318462037BD464C
:10E5200080BD00BF0024008051F710082D0D110898
:10E53000290F11087BF0100880B586B000AFF86095
:10E54000B9603B601346FB80FB6893F84130DBB257
:10E5500003F02803282B40F09880BB68002B02D0E2
:10E56000FB88002B05D1FB684FF400725A6401232D
:10E570008CE048F20101F86803F034F9FB6893F885
:10E580004030012B01D1022380E0FB68012283F897
:10E590004020FB6893F84130DBB22A2B2AD10221BC
:10E5A000F86803F01FF9FB681B681B6803F400435D
:10E5B000B3F5004F1ED1FB681B681A68FB681B6827
:10E5C00022F400421A60FB68DB6B002B12D0FB6860
:10E5D000DB6B304A1A65FB68DB6B1846FAF700F90B
:10E5E0000346002B06D0FB68DB6B1B6DFA68D26B11
:10E5F00010469847FB68292283F84120FB682022B7
:10E6000083F84220FB6800225A64FB681B685A6842
:10E61000FB681B6822F400425A60FB68BA685A62C1
:10E62000FB68FA885A85FB685B8D9AB2FB681A858D
:10E63000FB683A68DA62FB68174A5A63FB681B6832
:10E640009B6903F00803082B0CBF01230023DBB2F6
:10E65000FB75FB681B689B691B0CDBB203F00103B5
:10E66000DBB2012B06D1FB7D002B03D0FB681B68BE
:10E670000822DA61FB68002283F8402048F2010199
:10E68000F86803F02BF8002300E001231846183740
:10E69000BD4680BD9D11110849F5100880B586B0B2
:10E6A00000AFF860B9603B601346FB80FB6893F8ED
:10E6B0004130DBB203F02803282B40F02881BB68EF
:10E6C000002B02D0FB88002B05D1FB684FF40072B1
:10E6D0005A6401231CE1FB6893F84030012B01D1FF
:10E6E000022315E1FB68012283F8402048F2010172
:10E6F000F86803F077F8FB6893F84130DBB22A2B17
:10E700002BD10221F86803F06DF8FB681B681B68C9
:10E7100003F40043B3F5004F4CD1FB68DB6B002BD7
:10E7200048D0FB681B681A68FB681B6822F400422B
:10E730001A60FB68DB6B784A1A65FB68DB6B18466E
:10E74000FAF74EF80346002B34D0FB68DB6B1B6DE9
:10E75000FA68D26B104698472CE0FB6893F841307A
:10E76000DBB2292B26D1FB681B681B6803F48043AE
:10E77000B3F5804F1ED1FB681B681A68FB681B68E5
:10E7800022F480421A60FB689B6B002B12D0FB685E
:10E790009B6B614A1A65FB689B6B1846FAF720F879
:10E7A0000346002B06D0FB689B6B1B6DFA68926BCF
:10E7B00010469847FB68292283F84120FB682022F5
:10E7C00083F84220FB6800225A64FB681B685A6881
:10E7D000FB681B6822F400425A60FB68BA685A6200
:10E7E000FB68FA885A85FB685B8D9AB2FB681A85CC
:10E7F000FB683A68DA62FB68484A5A63FB689B6BBD
:10E80000002B20D0FB689B6B454ADA63FB689B6B4F
:10E81000444ADA64FB689B6B00221A64FB689B6BBA
:10E8200000221A65FB68986BB968FB681B6828337F
:10E830001A46FB681B8DF9F74BFA0346FB75FB7D07
:10E84000002B36D113E0FB68282283F84120FB68B7
:10E85000002283F84220FB685B6C43F08002FB6877
:10E860005A64FB68002283F84020012350E0FB68D3
:10E870005B8D9AB2FB681B8DD31A9AB2FB685A85DE
:10E88000FB6800221A85FB681B689B6903F008037C
:10E89000082B0CBF01230023DBB2BB75FB681B6890
:10E8A0009B691B0CDBB203F00103DBB2012B1BD114
:10E8B00013E0FB68282283F84120FB68002283F8DC
:10E8C0004220FB685B6C43F01002FB685A64FB68F3
:10E8D000002283F8402001231AE0BB7D002B03D0E7
:10E8E000FB681B680822DA61FB68002283F840207D
:10E8F000FB681B681A68FB681B6842F480421A6058
:10E900004FF40041F86802F0E9FE002300E0012323
:10E9100018461837BD4680BD9D11110899FB100897
:10E92000ED0C1108290F110880B586B000AFF86012
:10E93000B9603B601346FB80FB6893F84130DBB263
:10E9400003F02803282B40F09880BB68002B02D0EE
:10E95000FB88002B05D1FB684FF400725A64012339
:10E960008CE048F20201F86802F03CFFFB6893F883
:10E970004030012B01D1022380E0FB68012283F8A3
:10E980004020FB6893F84130DBB2292B2AD10121CA
:10E99000F86802F027FFFB681B681B6803F48043DC
:10E9A000B3F5804F1ED1FB681B681A68FB681B68B3
:10E9B00022F480421A60FB689B6B002B12D0FB682C
:10E9C0009B6B304A1A65FB689B6B1846F9F708FF8A
:10E9D0000346002B06D0FB689B6B1B6DFA68926B9D
:10E9E00010469847FB682A2283F84120FB682022C2
:10E9F00083F84220FB6800225A64FB681B685A684F
:10EA0000FB681B6822F400425A60FB68BA685A62CD
:10EA1000FB68FA885A85FB685B8D9AB2FB681A8599
:10EA2000FB683A68DA62FB68174A5A63FB681B683E
:10EA30009B6903F00803082B0CBF01230023DBB202
:10EA4000FB75FB681B689B691B0CDBB203F00103C1
:10EA5000DBB2002B06D1FB7D002B03D0FB681B68CB
:10EA60000822DA61FB68002283F8402048F20201A4
:10EA7000F86802F033FE002300E00123184618373F
:10EA8000BD4680BD9D11110849F5100880B586B0BE
:10EA900000AFF860B9603B601346FB80FB6893F8F9
:10EAA0004130DBB203F02803282B40F02881BB68FB
:10EAB000002B02D0FB88002B05D1FB684FF40072BD
:10EAC0005A6401231CE148F20201F86802F08AFE50
:10EAD000FB6893F84030012B01D1022310E1FB6861
:10EAE000012283F84020FB6893F84130DBB2292BE8
:10EAF0002BD10121F86802F075FEFB681B681B68CA
:10EB000003F48043B3F5804F4CD1FB689B6B002B23
:10EB100048D0FB681B681A68FB681B6822F48042B7
:10EB20001A60FB689B6B784A1A65FB689B6B1846FA
:10EB3000F9F756FE0346002B34D0FB689B6B1B6D28
:10EB4000FA68926B104698472CE0FB6893F84130C6
:10EB5000DBB22A2B26D1FB681B681B6803F4004339
:10EB6000B3F5004F1ED1FB681B681A68FB681B6871
:10EB700022F400421A60FB68DB6B002B12D0FB68AA
:10EB8000DB6B614A1A65FB68DB6B1846F9F728FEF8
:10EB90000346002B06D0FB68DB6B1B6DFA68D26B5B
:10EBA00010469847FB682A2283F84120FB68202200
:10EBB00083F84220FB6800225A64FB681B685A688D
:10EBC000FB681B6822F400425A60FB68BA685A620C
:10EBD000FB68FA885A85FB685B8D9AB2FB681A85D8
:10EBE000FB683A68DA62FB68484A5A63FB68DB6B89
:10EBF000002B20D0FB68DB6B454ADA63FB68DB6BDC
:10EC0000444ADA64FB68DB6B00221A64FB68DB6B46
:10EC100000221A65FB68D86BFB681B682433194611
:10EC2000BA68FB681B8DF9F753F80346FB75FB7D4B
:10EC3000002B36D113E0FB68282283F84120FB68C3
:10EC4000002283F84220FB685B6C43F08002FB6883
:10EC50005A64FB68002283F84020012350E0FB68DF
:10EC60005B8D9AB2FB681B8DD31A9AB2FB685A85EA
:10EC7000FB6800221A85FB681B689B6903F0080388
:10EC8000082B0CBF01230023DBB2BB75FB681B689C
:10EC90009B691B0CDBB203F00103DBB2002B1BD121
:10ECA00013E0FB68282283F84120FB68002283F8E8
:10ECB0004220FB685B6C43F01002FB685A64FB68FF
:10ECC000002283F8402001231AE0BB7D002B03D0F3
:10ECD000FB681B680822DA61FB68002283F8402089
:10ECE000FB681B681A68FB681B6842F400421A60E4
:10ECF00048F20201F86802F0F1FC002300E0012371
:10ED000018461837BD4680BD9D11110899FB1008A3
:10ED1000C30D1108290F110880B582B000AF7860CB
:10ED20007B6893F84130DBB2202B0DD17B68282221
:10ED300083F841207B68074A5A634FF400417868A2
:10ED400002F0CCFC002300E0022318460837BD4641
:10ED500080BD00BF49F5100880B584B000AF786071
:10ED60007B6893F84130DBB2282B21D17B6893F884
:10ED70004130DBB203F00303FB607B6893F8423061
:10ED8000DBB21A46FB681A437B681A637B68202251
:10ED900083F841207B68002283F842207B680022B0
:10EDA0005A634FF40041786802F01CFD002300E034
:10EDB000022318461037BD4680BD80B586B002AF2D
:10EDC00078600B467B807B6893F84230FB73FB7B5B
:10EDD000102B02D0FB7B402B3CD17B6893F840305A
:10EDE000012B01D1022336E07B68012283F8402009
:10EDF0007B6893F84130DBB2212B07D10121786881
:10EE000002F0F0FC7B6811221A630CE07B6893F837
:10EE10004130DBB2222B06D10221786802F0E2FCFD
:10EE20007B6812221A637B68602283F8412079880C
:10EE30000B4B00934FF000730122786802F01CFC2A
:10EE40007B68002283F840202021786802F046FC8D
:10EE5000002300E0012318461037BD4680BD00BFE7
:10EE60000040008080B584B000AF78607B681B688C
:10EE70009B69FB607B681B681B68BB607B685B6B86
:10EE8000002B05D07B685B6BBA68F9687868984797
:10EE900000BF1037BD4680BD80B586B000AF78603A
:10EEA0007B681B689B697B617B681B681B683B6197
:10EEB0007B691B0A03F00103002B10D03B69DB09BF
:10EEC00003F00103002B0AD07B685B6C43F0010266
:10EED0007B685A647B681B684FF48072DA617B69D7
:10EEE0009B0A03F00103002B10D03B69DB0903F000
:10EEF0000103002B0AD07B685B6C43F008027B683F
:10EF00005A647B681B684FF48062DA617B695B0A34
:10EF100003F00103002B10D03B69DB0903F0010370
:10EF2000002B0AD07B685B6C43F002027B685A645A
:10EF30007B681B684FF40072DA617B685B6CFB6076
:10EF4000FB6803F00B03002B03D0F968786801F02D
:10EF500047FD00BF1837BD4680BD80B483B000AF09
:10EF6000786000BF0C37BD465DF8047B704780B405
:10EF700083B000AF786000BF0C37BD465DF8047BFE
:10EF8000704780B483B000AF786000BF0C37BD46D7
:10EF90005DF8047B704780B483B000AF786000BF39
:10EFA0000C37BD465DF8047B704780B483B000AF7A
:10EFB00078600B46FB7013463B8000BF0C37BD46A4
:10EFC0005DF8047B704780B483B000AF786000BF09
:10EFD0000C37BD465DF8047B704780B483B000AF4A
:10EFE000786000BF0C37BD465DF8047B704780B485
:10EFF00083B000AF786000BF0C37BD465DF8047B7E
:10F00000704780B483B000AF786000BF0C37BD4656
:10F010005DF8047B704780B483B000AF786000BFB8
:10F020000C37BD465DF8047B704780B483B000AFF9
:10F0300078607B6893F84130DBB218460C37BD46E8
:10F040005DF8047B704780B483B000AF78607B6864
:10F0500093F84230DBB218460C37BD465DF8047BAE
:10F06000704780B483B000AF78607B685B6C1846F3
:10F070000C37BD465DF8047B704780B588B002AFA1
:10F08000F860B9607A60BB687B61FB6893F84030D8
:10F09000012B01D1022320E1FB68012283F84020EB
:10F0A0007B691B0903F00103002B13D07B681B094C
:10F0B00003F00103002B0DD0FB681B681022DA61FE
:10F0C000FB685B6C43F00402FB685A64F86801F06B
:10F0D0009EFDEDE07B699B0803F00103002B23D02C
:10F0E0007B689B0803F00103002B1DD07B6923F094
:10F0F00004037B61FB681B685A6AFB685B6AD2B2D7
:10F100001A70FB685B6A5A1CFB685A62FB681B8DAD
:10F11000013B9AB2FB681A85FB685B8D9BB2013B91
:10F120009AB2FB685A85C3E07B699B0903F001032F
:10F13000002B2AD17B695B0803F00103002B24D04C
:10F140007B685B0803F00103002B1ED0FB685B8D1E
:10F150009BB2002B00F0AC80FB685B6A1A78FB68FE
:10F160001B689A62FB685B6A5A1CFB685A62FB6800
:10F170001B8D013B9AB2FB681A85FB685B8D9BB2C5
:10F18000013B9AB2FB685A8592E07B69DB0903F088
:10F190000103002B5DD07B689B0903F00103002B6A
:10F1A00057D0FB685B8D9BB2002B40D0FB681B8D5A
:10F1B000002B3CD1FB681B685B689BB2C3F309035F
:10F1C0007B82FB685B8D9BB2FF2B0ED9FB68FF2215
:10F1D0001A85FB681B8DDAB2798A002300934FF001
:10F1E0008073F86802F048FA32E0FB685B8D9AB2EF
:10F1F000FB681A85FB68DB6A13F5803F0BD0FB6860
:10F200001B8DDAB2FB68DB6A798A00200090F8680F
:10F2100002F032FA1CE0FB681B8DDAB2798A002317
:10F2200000934FF00073F86802F026FA10E0FB68D4
:10F230001B685B6803F00073B3F1007F03D0F868CC
:10F2400000F0BAFF34E04021F86801F0C9FB2FE07C
:10F250002EE07B699B0903F00103002B28D07B681B
:10F260009B0903F00103002B22D0FB685B8D9BB24E
:10F27000002B19D1FB681B685B6803F00073B3F1C6
:10F28000007F15D0FB68DB6A13F5803F08D1FB686F
:10F290001B685A68FB681B6842F480425A6007E0AA
:10F2A000F86800F089FF03E04021F86801F098FB5E
:10F2B0007B695B0903F00103002B09D07B685B09C4
:10F2C00003F00103002B03D07969F86801F00FF80F
:10F2D000FB68002283F84020002318461837BD46FB
:10F2E00080BD80B588B002AFF860B9607A60944B99
:10F2F0007B61BB683B61FB6893F84030012B01D117
:10F30000022318E1FB68012283F840203B691B09B6
:10F3100003F00103002B13D07B681B0903F00103EA
:10F32000002B0DD0FB681B681022DA61FB685B6C58
:10F3300043F00402FB685A64F86801F068FCE5E0F9
:10F340003B699B0803F00103002B23D07B689B08DB
:10F3500003F00103002B1DD03B6923F004033B6144
:10F36000FB681B685A6AFB685B6AD2B21A70FB685A
:10F370005B6A5A1CFB685A62FB681B8D013B9AB2A0
:10F38000FB681A85FB685B8D9BB2013B9AB2FB68F8
:10F390005A85BBE03B695B0803F00103002B2DD0CD
:10F3A0007B685B0803F00103002B27D0FB681B6D13
:10F3B000B3F1FF3F18D1FB685B6A1A78FB681B68E2
:10F3C0009A62FB685B6A5A1CFB685A62FB681B8D79
:10F3D000013B9AB2FB681A85FB685B8D9BB2013BCF
:10F3E0009AB2FB685A8591E0FB681B68FA68126D57
:10F3F0009A62FB684FF0FF321A6587E03B69DB09D0
:10F4000003F00103002B3DD07B689B0903F001034F
:10F41000002B37D0FB685B8D9BB2002B2CD0FB6898
:10F420001B8D002B28D1FB685B8D9BB2FF2B10D965
:10F43000FB68FF221A85FB68DB6C99B2FB681B8DA9
:10F44000DAB2002300934FF08073F86802F014F9E9
:10F4500017E0FB685B8D9AB2FB681A85FB68DB6C72
:10F4600099B2FB681B8DDAB2002300934FF0007352
:10F47000F86802F001F904E04021F86801F0B0FA00
:10F4800044E043E03B699B0903F00103002B3DD0BE
:10F490007B689B0903F00103002B37D00121F8683A
:10F4A00002F0A0F90221F86802F018F9FB6893F85D
:10F4B0004130DBB2222B01D1224B7B61FB685B8D9B
:10F4C0009BB2FF2B10D9FB68FF221A85FB68DB6C0F
:10F4D00099B2FB681B8DDAB27B6900934FF08073A1
:10F4E000F86802F0C9F811E0FB685B8D9AB2FB681E
:10F4F0001A85FB68DB6C99B2FB681B8DDAB27B69FD
:10F5000000934FF00073F86802F0B6F83B695B09AE
:10F5100003F00103002B09D07B685B0903F00103B2
:10F52000002B03D03969F86800F0E1FEFB68002287
:10F5300083F84020002318461837BD4680BD00BF21
:10F54000002000800024008080B586B000AFF86005
:10F55000B9607A60FB68DB6A7B61BB683B61FB6812
:10F5600093F84030012B01D10223EDE0FB6801222A
:10F5700083F840203B695B0903F00103002B0AD0AC
:10F580007B685B0903F00103002B04D03969F8683C
:10F5900000F076FFD3E03B691B0903F00103002B69
:10F5A0004DD07B681B0903F00103002B47D0FB689B
:10F5B0005B8D9BB2002B28D1FB6893F84130DBB206
:10F5C000282B08D17B69B3F1007F04D13969F86831
:10F5D00001F0B0F932E0FB6893F84130DBB2292B3F
:10F5E0000ED17B6913F5803F0AD0FB681B6810229F
:10F5F000DA61F86801F00BFBF86800F01AFE1DE014
:10F60000FB681B681022DA6196E0FB681B68102219
:10F61000DA61FB685B6C43F00402FB685A647B6947
:10F62000002B04D07B69B3F1807F40F08580FB68BC
:10F630005B6C1946F86801F0D3F97DE07CE03B692A
:10F640009B0803F00103002B30D07B689B0803F07C
:10F650000103002B2AD0FB685B8D9BB2002B18D0D6
:10F66000FB681B685A6AFB685B6AD2B21A70FB6857
:10F670005B6A5A1CFB685A62FB681B8D013B9AB29D
:10F68000FB681A85FB685B8D9BB2013B9AB2FB68F5
:10F690005A85FB685B8D9BB2002B4FD17B6913F5BC
:10F6A000803F4BD0F86800F0C4FD47E03B69DB08C1
:10F6B00003F00103002B0AD07B68DB0803F0010391
:10F6C000002B04D03969F86800F0F2FC37E03B69A0
:10F6D0005B0803F00103002B31D07B685B0803F06B
:10F6E0000103002B2BD0FB685B8D9BB2002B18D045
:10F6F000FB685B6A1A78FB681B689A62FB685B6A46
:10F700005A1CFB685A62FB685B8D9BB2013B9AB244
:10F71000FB685A85FB681B8D013B9AB2FB681A8512
:10F720000DE07B69B3F1807F02D07B69002B06D1AD
:10F73000F86800F07EFD02E000BF00E000BFFB685B
:10F74000002283F84020002318461837BD4680BDAC
:10F7500080B588B002AFF860B9607A60FB6893F852
:10F760004030012B01D10223E1E0FB68012283F844
:10F770004020BB681B0903F00103002B17D07B68F6
:10F780001B0903F00103002B11D0FB681B6810223A
:10F79000DA61FB685B6C43F00402FB685A64202169
:10F7A000F86801F09BFFF86801F031FABAE0BB6835
:10F7B000DB0903F00103002B72D07B689B0903F087
:10F7C0000103002B6CD0FB681B681A68FB681B6880
:10F7D00022F040021A60FB685B8D9BB2002B4ED07A
:10F7E000FB681B685B689BB2C3F309037B82FB6801
:10F7F0005B8D9BB2FF2B06D9FB68FF221A854FF069
:10F8000080737B6110E0FB685B8D9AB2FB681A85A0
:10F81000FB68DB6A13F5803F03D0FB68DB6A7B6122
:10F8200002E04FF000737B61FB681B8DDAB2798ACE
:10F83000002300937B69F86801F01EFFFB685B8D75
:10F840009AB2FB681B8DD31A9AB2FB685A85FB6883
:10F8500093F84130DBB2222B08D1FB681B681A6891
:10F86000FB681B6842F400421A605BE0FB681B689F
:10F870001A68FB681B6842F480421A6052E0FB6819
:10F880001B685B6803F00073B3F1007F03D0F86876
:10F8900000F092FC46E04021F86801F0A1F841E058
:10F8A000BB689B0903F00103002B29D07B689B09EF
:10F8B00003F00103002B23D0FB685B8D9BB2002B70
:10F8C00019D1FB681B685B6803F00073B3F1007F1C
:10F8D00027D0FB68DB6A13F5803F08D1FB681B6803
:10F8E0005A68FB681B6842F480425A6019E0F86865
:10F8F00000F062FC15E04021F86801F071F810E0BA
:10F90000BB685B0903F00103002B0BD07B685B092C
:10F9100003F00103002B05D0B968F86800F0E7FC9C
:10F9200000E000BFFB68002283F840200023184657
:10F930001837BD4680BD80B588B002AFF860B960A9
:10F940007A60934B7B61FB6893F84030012B01D1C7
:10F95000022318E1FB68012283F84020BB681B09E1
:10F9600003F00103002B17D07B681B0903F0010390
:10F97000002B11D0FB681B681022DA61FB685B6CFE
:10F9800043F00402FB685A642021F86801F0A6FEE7
:10F99000F86801F03CF9F1E0BB685B0803F0010393
:10F9A000002B0FD07B685B0803F00103002B09D00C
:10F9B000FB681B68FA68126D9A62FB684FF0FF32B1
:10F9C0001A65DBE0BB68DB0903F00103002B60D0A4
:10F9D0007B689B0903F00103002B5AD00121F868D2
:10F9E00001F000FF1021F86801F078FEFB685B8DE4
:10F9F0009BB2002B48D0FB685B8D9BB2FF2B10D9CC
:10FA0000FB68FF221A85FB68DB6C99B2FB681B8DD3
:10FA1000DAB2002300934FF08073F86801F02CFEF7
:10FA200011E0FB685B8D9AB2FB681A85FB68DB6CA2
:10FA300099B2FB681B8DDAB2002300934FF000737C
:10FA4000F86801F019FEFB685B8D9AB2FB681B8DAC
:10FA5000D31A9AB2FB685A85FB6893F84130DBB23F
:10FA6000222B08D1FB681B681A68FB681B6842F4EC
:10FA700000421A6082E0FB681B681A68FB681B681A
:10FA800042F480421A6079E04021F86800F0A8FF53
:10FA900074E0BB689B0903F00103002B5ED07B6818
:10FAA0009B0903F00103002B58D00121F86801F0F5
:10FAB00099FE1021F86801F011FEFB6893F84130BF
:10FAC000DBB2222B01D1334B7B61FB685B8D9BB298
:10FAD000FF2B10D9FB68FF221A85FB68DB6C99B2FB
:10FAE000FB681B8DDAB27B6900934FF08073F86876
:10FAF00001F0C2FD11E0FB685B8D9AB2FB681A85CC
:10FB0000FB68DB6C99B2FB681B8DDAB27B690093F2
:10FB10004FF00073F86801F0AFFDFB685B8D9AB29F
:10FB2000FB681B8DD31A9AB2FB685A85FB6893F861
:10FB30004130DBB2222B08D1FB681B681A68FB68D6
:10FB40001B6842F400421A6018E0FB681B681A68E0
:10FB5000FB681B6842F480421A600FE0BB685B09D7
:10FB600003F00103002B09D07B685B0903F001035C
:10FB7000002B03D0B968F86800F0B9FBFB680022DD
:10FB800083F84020002318461837BD4680BD00BFCB
:10FB9000002000800024008080B588B000AFF860AD
:10FBA000B9607A60FB68DB6ABB610023FB61FB68BC
:10FBB00093F84030012B01D10223CCE1FB680122F4
:10FBC00083F84020BB685B0903F00103002B0AD0D7
:10FBD0007B685B0903F00103002B04D0B968F86867
:10FBE00000F04EFCB2E1BB681B0903F00103002BDF
:10FBF00000F09C817B681B0903F00103002B00F0DF
:10FC000095817B689B0B03F00103002B06D17B6879
:10FC1000DB0B03F00103002B00F08181FB68DB6B41
:10FC2000002B7CD07B68DB0B03F00103002B76D02C
:10FC3000FB68DB6B1B68754A934259D0FB68DB6B32
:10FC40001B68734A934253D0FB68DB6B1B68714A95
:10FC500093424DD0FB68DB6B1B686F4A934247D0E1
:10FC6000FB68DB6B1B686D4A934241D0FB68DB6B22
:10FC70001B686B4A93423BD0FB68DB6B1B68694A8D
:10FC8000934235D0FB68DB6B1B68674A93422FD0E9
:10FC9000FB68DB6B1B68654A934229D0FB68DB6B12
:10FCA0001B68634A934223D0FB68DB6B1B68614A85
:10FCB00093421DD0FB68DB6B1B685F4A934217D0F1
:10FCC000FB68DB6B1B685D4A934211D0FB68DB6B02
:10FCD0001B685B4A93420BD0FB68DB6B1B68594A7D
:10FCE000934205D0FB68DB6B1B68574A934209D1EE
:10FCF000FB68DB6B1B685B68002B0CBF01230023D8
:10FD0000DBB208E0FB68DB6B1B685B68002B0CBF99
:10FD100001230023DBB2002B01D00123FB61FB6830
:10FD20009B6B002B00F09F807B689B0B03F0010313
:10FD3000002B00F09880FB689B6B1B68334A934252
:10FD400059D0FB689B6B1B68314A934253D0FB68C8
:10FD50009B6B1B682F4A93424DD0FB689B6B1B68C3
:10FD60002D4A934247D0FB689B6B1B682B4A9342FA
:10FD700041D0FB689B6B1B68294A93423BD0FB68D0
:10FD80009B6B1B68274A934235D0FB689B6B1B68B3
:10FD9000254A93422FD0FB689B6B1B68234A9342F2
:10FDA00029D0FB689B6B1B68214A934223D0FB68D8
:10FDB0009B6B1B681F4A93421DD0FB689B6B1B68A3
:10FDC0001D4A934217D0FB689B6B1B681B4A9342EA
:10FDD00011D0FB689B6B1B68194A93420BD0FB68E0
:10FDE0009B6B1B68174A934205D0FB689B6B1B6893
:10FDF000154A93422AD1FB689B6B1B685B68002BFA
:10FE00000CBF01230023DBB229E000BF1000024039
:10FE100028000240400002405800024070000240AA
:10FE200088000240A0000240B800024010040240D6
:10FE3000280402404004024058040240700402407A
:10FE400088040240A0040240B8040240FB689B6B97
:10FE50001B685B68002B0CBF01230023DBB2002B67
:10FE600001D00123FB61FB69012B28D1FB6893F8CA
:10FE70004130DBB2282B08D1BB69B3F1007F04D13C
:10FE8000B968F86800F056FD48E0FB6893F8413027
:10FE9000DBB2292B0ED1BB6913F5803F0AD0FB687A
:10FEA0001B681022DA61F86800F0B1FEF86800F013
:10FEB000C0F933E0FB681B681022DA6134E0FB68AC
:10FEC0001B681022DA61FB685B6C43F00402FB687C
:10FED0005A64FB6893F84130FB75BB69002B03D073
:10FEE000BB69B3F1807F1FD1FB7D212B02D0FB7D4D
:10FEF000292B03D1FB6821221A6308E0FB7D222B0A
:10FF000002D0FB7D2A2B02D1FB6822221A63FB68F8
:10FF10005B6C1946F86800F063FD05E004E0FB68DF
:10FF20001B681022DA6111E000BF0FE0BB68DB083C
:10FF300003F00103002B09D07B68DB0803F0010309
:10FF4000002B03D0B968F86800F0B2F8FB68002213
:10FF500083F84020002318462037BD4680BD80B579
:10FF600086B002AFF860084611461A4603467B8108
:10FF70000B463B811346FB80FB88DAB27989214B23
:10FF800000934FF08073F86801F076FBFA69B96965
:10FF9000F86801F07AF90346002B01D001232CE028
:10FFA000FB88012B05D13B89DAB2FB681B689A629A
:10FFB00015E03B891B0A9BB2DAB2FB681B689A62A8
:10FFC000FA69B969F86801F060F90346002B01D0BD
:10FFD000012312E03B89DAB2FB681B689A62FB6975
:10FFE0000093BB6900228021F86801F0F5F8034610
:10FFF000002B01D0012300E0002318461037BD4636
:020000040811E1
:1000000080BD00BF0020008080B586B002AFF860E0
:10001000084611461A4603467B810B463B81134630
:10002000FB80FB88DAB27989204B00930023F868C3
:1000300001F022FBFA69B969F86801F026F9034674
:10004000002B01D001232CE0FB88012B05D13B893B
:10005000DAB2FB681B689A6215E03B891B0A9BB207
:10006000DAB2FB681B689A62FA69B969F86801F04C
:100070000CF90346002B01D0012312E03B89DAB2D0
:10008000FB681B689A62FB690093BB6900224021F0
:10009000F86801F0A1F80346002B01D0012300E02D
:1000A000002318461037BD4680BD00BF00200080E9
:1000B00080B584B000AF786039607B6893F84130D8
:1000C000DBB203F02803282B6AD17B681B689B698D
:1000D0001B0CDBB203F00103FB737B681B689B699D
:1000E0001B0C9BB203F0FE03BB817B681B689B6803
:1000F0009BB2C3F309037B817B681B68DB689BB2FF
:1001000003F0FE033B817B68DB68022B38D17B89DF
:10011000DB099AB2BB8953409BB203F00603002B64
:100120001CD17B89BB817B689B6C5A1C7B689A6461
:100130007B689B6C022B3BD17B6800229A647B68B6
:100140001B680822DA617B68002283F84020BA89A4
:10015000FB7B19467868FEF728FF29E03B89BB81C5
:100160004FF40041786801F03DFB7B68002283F882
:100170004020BA89FB7B19467868FEF716FF17E026
:100180004FF40041786801F02DFB7B68002283F872
:100190004020BA89FB7B19467868FEF706FF07E026
:1001A0007B681B680822DA617B68002283F84020A4
:1001B00000BF1037BD4680BD80B582B000AF78600B
:1001C0007B68002283F842207B6893F84130DBB2E1
:1001D000212B15D17B68202283F841207B681122D6
:1001E0001A637B6800225A630121786801F0FAFAE9
:1001F0007B68002283F840207868FEF7AEFE14E0AA
:100200007B68202283F841207B6812221A637B6876
:1002100000225A630221786801F0E4FA7B68002228
:1002200083F840207868FEF7A2FE00BF0837BD467D
:1002300080BD80B584B000AF78607B681B681B68A8
:10024000FB607B68002283F84220FB689B0B03F075
:100250000103002B08D07B681B681A687B681B6849
:1002600022F480421A600DE0FB68DB0B03F001030F
:10027000002B07D07B681B681A687B681B6822F418
:1002800000421A607B6893F84130DBB2292B12D10F
:100290007B68282283F841207B6821221A63012190
:1002A000786801F09FFA7B68002283F84020786824
:1002B000FEF767FE17E07B6893F84130DBB22A2B2C
:1002C00011D17B68282283F841207B6822221A639F
:1002D0000221786801F086FA7B68002283F84020CA
:1002E0007868FEF758FE00BF1037BD4680BD80B568
:1002F00086B000AF786039603B687B617B681B68C3
:100300002022DA617B6893F84130DBB2212B07D1E0
:100310000121786801F066FA7B6811221A630CE00B
:100320007B6893F84130DBB2222B06D1022178683A
:1003300001F058FA7B6812221A637B681B685968BF
:100340007B681A684C4B0B4053607B6800225A63F1
:100350007B684A4ADA627B691B0903F00103002BC0
:1003600009D07B681B681022DA617B685B6C43F004
:1003700004027B685A647B6893F84130DBB2602BDF
:100380000BD17B699B0803F00103002B05D07B6830
:100390001B685B6ADBB2FB60FB68786800F037FCC7
:1003A0007B685B6C3B617B6893F84130DBB2602B10
:1003B00002D03B69002B06D07B685B6C19467868DD
:1003C00000F00EFB54E07B6893F84130DBB2212B48
:1003D00024D17B68202283F841207B6800221A63A5
:1003E0007B6893F84230DBB2402B0BD17B68002254
:1003F00083F842207B68002283F840207868FEF76B
:10040000ECFD35E07B68002283F842207B68002207
:1004100083F840207868FEF7A0FD29E07B6893F818
:100420004130DBB2222B23D17B68202283F841208C
:100430007B6800221A637B6893F84230DBB2402B62
:100440000BD17B68002283F842207B68002283F86E
:1004500040207868FEF7CBFD0AE07B68002283F835
:1004600042207B68002283F840207868FEF77FFDF9
:1004700000BF1837BD4680BD00E800FE0000FFFF4A
:1004800080B586B000AF786039607B681B681B68F8
:100490003B613B687B617B68DB6AFB607B6893F850
:1004A0004130FB727B681B682022DA61FB7A212BCA
:1004B00002D0FB7A292B08D148F20101786801F0BB
:1004C00091F97B6821221A6319E0FB7A222B02D072
:1004D000FB7A2A2B08D148F20201786801F082F9F0
:1004E0007B6822221A630AE0FB7A282B07D148F2A4
:1004F0000301786801F076F97B6800221A637B6853
:100500001B685A687B681B6842F400425A607B682B
:100510001B6859687B681A68804B0B405360786889
:1005200000F075FB3B699B0B03F00103002B7AD0B5
:100530007B681B681A687B681B6822F480421A601B
:100540007B689B6B002B00F012817B689B6B1B68A8
:10055000734A934259D07B689B6B1B68714A9342E4
:1005600053D07B689B6B1B686F4A93424DD07B686E
:100570009B6B1B686D4A934247D07B689B6B1B68E3
:100580006B4A934241D07B689B6B1B68694A9342DC
:100590003BD07B689B6B1B68674A934235D07B6876
:1005A0009B6B1B68654A93422FD07B689B6B1B68D3
:1005B000634A934229D07B689B6B1B68614A9342D4
:1005C00023D07B689B6B1B685F4A93421DD07B687E
:1005D0009B6B1B685D4A934217D07B689B6B1B68C3
:1005E0005B4A934211D07B689B6B1B68594A9342CC
:1005F0000BD07B689B6B1B68574A934205D07B6886
:100600009B6B1B68554A934205D17B689B6B1B68AB
:100610005B689BB204E07B689B6B1B685B689BB26A
:100620007A685385A3E03B69DB0B03F00103002BE1
:1006300000F09D807B681B681A687B681B6822F449
:1006400000421A607B68DB6B002B00F090807B68B7
:10065000DB6B1B68324A934259D07B68DB6B1B68AB
:10066000304A934253D07B68DB6B1B682E4A93421F
:100670004DD07B68DB6B1B682C4A934247D07B686C
:10068000DB6B1B682A4A934241D07B68DB6B1B689B
:10069000284A93423BD07B68DB6B1B68264A934217
:1006A00035D07B68DB6B1B68244A93422FD07B6874
:1006B000DB6B1B68224A934229D07B68DB6B1B688B
:1006C000204A934223D07B68DB6B1B681E4A93420F
:1006D0001DD07B68DB6B1B681C4A934217D07B687C
:1006E000DB6B1B681A4A934211D07B68DB6B1B687B
:1006F000184A93420BD07B68DB6B1B68164A934207
:1007000005D07B68DB6B1B68144A934228D17B6859
:10071000DB6B1B685B689BB227E000BF00E800FE54
:1007200010000240280002404000024058000240F1
:100730007000024088000240A0000240B800024061
:1007400010040240280402404004024058040240C1
:100750007004024088040240A0040240B804024031
:100760007B68DB6B1B685B689BB27A6853857B692F
:100770009B0803F00103002B20D07B6923F00403C6
:100780007B617B681B685A6A7B685B6AD2B21A70AD
:100790007B685B6A5A1C7B685A627B681B8D002BE6
:1007A0000CD07B681B8D013B9AB27B681A857B68F5
:1007B0005B8D9BB2013B9AB27B685A857B685B8DEF
:1007C0009BB2002B05D07B685B6C43F004027B6816
:1007D0005A647B691B0903F00103002B4AD03B6973
:1007E0001B0903F00103002B44D07B685B8D9BB297
:1007F000002B28D17B6893F84130DBB2282B08D13D
:10080000FB68B3F1007F04D17969786800F092F851
:1008100030E07B6893F84130DBB2292B0ED1FB68C6
:1008200013F5803F0AD07B681B681022DA61786874
:1008300000F0EDF97868FFF7FCFC1BE07B681B68B3
:100840001022DA6116E07B681B681022DA617B688F
:100850005B6C43F004027B685A64FB68002B03D096
:10086000FB68B3F1807F05D17B685B6C19467868C3
:1008700000F0B6F87B68002283F842207B680022F3
:100880005A637B685B6C002B10D07B685B6C1946ED
:10089000786800F0A5F87B6893F84130DBB2282B2C
:1008A00041D17969786800F045F83CE07B68DB6A03
:1008B00013F5803F14D07868FFF7BBFC7B681C4AB7
:1008C000DA627B68202283F841207B6800221A6369
:1008D0007B68002283F840207868FEF774FB22E0F2
:1008E0007B6893F84130DBB2222B0ED17B6820224B
:1008F00083F841207B6800221A637B68002283F81A
:1009000040207868FEF747FB0DE07B68202283F8E3
:1009100041207B6800221A637B68002283F8402014
:100920007868FEF72EFB00BF1837BD4680BD00BFBC
:100930000000FFFF80B582B000AF786039607B684F
:10094000264ADA627B6800221A637B68202283F8D9
:1009500041207B68002283F842207B6800225A6392
:100960003B689B0803F00103002B22D07B681B68C7
:100970005A6A7B685B6AD2B21A707B685B6A5A1CDF
:100980007B685A627B681B8D002B12D07B681B8DA5
:10099000013B9AB27B681A857B685B8D9BB2013BF9
:1009A0009AB27B685A857B685B6C43F004027B6873
:1009B0005A6448F20301786800F014FF7B681B68F2
:1009C0001022DA617B68002283F840207868FEF705
:1009D000FAFA00BF0837BD4680BD00BF0000FFFF28
:1009E00080B584B000AF786039607B6893F841309F
:1009F000FB737B68002283F842207B686D4ADA62D1
:100A00007B6800225A857B685A6C3B681A437B6876
:100A10005A64FB7B282B05D0FB7B292B02D0FB7B68
:100A20002A2B0BD10321786800F0DCFE7B6828229A
:100A300083F841207B68604A5A6330E048F2030142
:100A4000786800F0CFFE786800F0E1F87B6893F8F2
:100A50004130DBB2602B1FD07B68202283F841201D
:100A60007B681B689B6903F02003202B14D17B68F3
:100A70001B689B6903F01003102B09D17B681B686E
:100A80001022DA617B685B6C43F004027B685A6475
:100A90007B681B682022DA617B6800225A637B68CE
:100AA0001B6BBB607B689B6B002B39D0BB68112B29
:100AB00002D0BB68212B33D17B681B681B6803F411
:100AC0008043B3F5804F07D17B681B681A687B6849
:100AD0001B6822F480421A607B689B6B1846F9F70A
:100AE0005EFC0346012B17D07B689B6B334A1A656B
:100AF0007B68002283F840207B689B6B1846F7F7E1
:100B00006FFE0346002B4DD07B689B6B1B6D7A6894
:100B1000926B1046984745E0786800F051F841E044
:100B20007B68DB6B002B39D0BB68122B02D0BB6813
:100B3000222B33D17B681B681B6803F40043B3F599
:100B4000004F07D17B681B681A687B681B6822F41A
:100B500000421A607B68DB6B1846F9F720FC0346FD
:100B6000012B17D07B68DB6B144A1A657B68002267
:100B700083F840207B68DB6B1846F7F731FE0346AD
:100B8000002B11D07B68DB6B1B6D7A68D26B104633
:100B9000984709E0786800F013F805E0786800F0FD
:100BA0000FF802E000BF00E000BF00BF1037BD46F5
:100BB00080BD00BF0000FFFF49F510089D1111081E
:100BC00080B582B000AF78607B6893F84130DBB2CB
:100BD000602B0ED17B68202283F841207B680022A5
:100BE0001A637B68002283F840207868FEF713FAC6
:100BF00009E07B6800221A637B68002283F84020AA
:100C00007868FEF7FEF900BF0837BD4680BD80B4A6
:100C100083B000AF78607B681B689B6903F00203B8
:100C2000022B03D17B681B6800229A627B681B68D9
:100C30009B6903F00103012B07D07B681B689A694D
:100C40007B681B6842F001029A6100BF0C37BD4609
:100C50005DF8047B704780B584B000AF78607B6836
:100C60009B6BFB60FB681B681A68FB681B6822F4BF
:100C700080421A60FB685B8D9BB2002B04D120215F
:100C8000F86800F02BFD2DE0FB685B6AFA68128DB6
:100C90001A44FB685A62FB685B8D9BB2FF2B03D939
:100CA000FB68FF221A8504E0FB685B8D9AB2FB6843
:100CB0001A85FB68986BFB685B6A1946FB681B68C2
:100CC00028331A46FB681B8DF7F702F80346002B02
:100CD00004D01021F868FFF783FE03E04021F86894
:100CE00000F0FCFC00BF1037BD4680BD80B584B06D
:100CF00000AF78607B689B6BFB60FB68DB6ABB6066
:100D0000BB68B3F1807F02D0BB68002B0AD1FB68BF
:100D10001B681A68FB681B6822F480421A60F86836
:100D2000FFF787FA00BF1037BD4680BD80B584B09D
:100D300000AF78607B689B6BFB60FB681B681A6880
:100D4000FB681B6822F400421A60FB685B8D9BB253
:100D5000002B04D12021F86800F0C0FC2DE0FB68D6
:100D60005B6AFA68128D1A44FB685A62FB685B8DF5
:100D70009BB2FF2B03D9FB68FF221A8504E0FB68B6
:100D80005B8D9AB2FB681A85FB68D86BFB681B68A1
:100D900024331946FB685B6A1A46FB681B8DF6F71D
:100DA00097FF0346002B04D01021F868FFF718FEC8
:100DB00003E04021F86800F091FC00BF1037BD4609
:100DC00080BD80B584B000AF78607B689B6BFB60B2
:100DD000FB68DB6ABB60FB68DB6B1B68424A9342C3
:100DE00059D0FB68DB6B1B68404A934253D0FB68C9
:100DF000DB6B1B683E4A93424DD0FB68DB6B1B6884
:100E00003C4A934247D0FB68DB6B1B683A4A9342EB
:100E100041D0FB68DB6B1B68384A93423BD0FB68D0
:100E2000DB6B1B68364A934235D0FB68DB6B1B6873
:100E3000344A93422FD0FB68DB6B1B68324A9342E3
:100E400029D0FB68DB6B1B68304A934223D0FB68D8
:100E5000DB6B1B682E4A93421DD0FB68DB6B1B6863
:100E60002C4A934217D0FB68DB6B1B682A4A9342DB
:100E700011D0FB68DB6B1B68284A93420BD0FB68E0
:100E8000DB6B1B68264A934205D0FB68DB6B1B6853
:100E9000244A934209D1FB68DB6B1B685B68002B1B
:100EA0000CBF01230023DBB208E0FB68DB6B1B688F
:100EB0005B68002B0CBF01230023DBB2002B0ED09C
:100EC000BB6813F5803F0AD0FB681B681A68FB6893
:100ED0001B6822F400421A60F868FFF7AAF900BF05
:100EE0001037BD4680BD00BF100002402800024000
:100EF000400002405800024070000240880002405A
:100F0000A0000240B8000240100402402804024041
:100F10004004024058040240700402408804024029
:100F2000A0040240B804024080B584B000AF7860ED
:100F30000023FB607B689B6BBB60BB689B6B002BDB
:100F400076D0BB689B6B1B68714A934259D0BB68D3
:100F50009B6B1B686F4A934253D0BB689B6B1B68AB
:100F60006D4A93424DD0BB689B6B1B686B4A9342A2
:100F700047D0BB689B6B1B68694A934241D0BB68F2
:100F80009B6B1B68674A93423BD0BB689B6B1B689B
:100F9000654A934235D0BB689B6B1B68634A93429A
:100FA0002FD0BB689B6B1B68614A934229D0BB68FA
:100FB0009B6B1B685F4A934223D0BB689B6B1B688B
:100FC0005D4A93421DD0BB689B6B1B685B4A934292
:100FD00017D0BB689B6B1B68594A934211D0BB6802
:100FE0009B6B1B68574A93420BD0BB689B6B1B687B
:100FF000554A934205D0BB689B6B1B68534A93428A
:1010000009D1BB689B6B1B685B68002B0CBF01237D
:101010000023DBB208E0BB689B6B1B685B68002B9E
:101020000CBF01230023DBB2002B01D00123FB60A6
:10103000BB68DB6B002B00F09880BB68DB6B1B6828
:10104000334A934259D0BB68DB6B1B68314A9342E9
:1010500053D0BB68DB6B1B682F4A93424DD0BB68F3
:10106000DB6B1B682D4A934247D0BB68DB6B1B6868
:101070002B4A934241D0BB68DB6B1B68294A9342E1
:101080003BD0BB68DB6B1B68274A934235D0BB68FB
:10109000DB6B1B68254A93422FD0BB68DB6B1B6858
:1010A000234A934229D0BB68DB6B1B68214A9342D9
:1010B00023D0BB68DB6B1B681F4A93421DD0BB6803
:1010C000DB6B1B681D4A934217D0BB68DB6B1B6848
:1010D0001B4A934211D0BB68DB6B1B68194A9342D1
:1010E0000BD0BB68DB6B1B68174A934205D0BB680B
:1010F000DB6B1B68154A93422AD1BB68DB6B1B680C
:101100005B68002B0CBF01230023DBB229E000BF8A
:1011100010000240280002404000024058000240F7
:101120007000024088000240A0000240B800024067
:1011300010040240280402404004024058040240C7
:101140007004024088040240A0040240B804024037
:10115000BB68DB6B1B685B68002B0CBF01230023A3
:10116000DBB2002B01D00123FB607868F9F725F989
:101170000346022B0ED0FB68002B0BD0BB681B680C
:101180005A68BB681B6842F400425A601021B86874
:10119000FFF726FC00BF1037BD4680BD80B584B088
:1011A00000AF78607B689B6BFB60FB689B6B002BE0
:1011B00003D0FB689B6B00221A65FB68DB6B002B7E
:1011C00003D0FB68DB6B00221A65F868FFF7F8FCB8
:1011D00000BF1037BD4680BD80B584B000AFF86059
:1011E000B9603B601346FB713BE0BA693968F86847
:1011F00000F062F90346002B01D0012341E03B6877
:10120000B3F1FF3F2DD0F4F737FE0246BB69D31A86
:101210003A689A4202D33B68002B22D1FB681B68D4
:101220009A69BB681340BA689A420CBF0123002335
:10123000DBB21A46FB799A4213D1FB685B6C43F030
:101240002002FB685A64FB68202283F84120FB6877
:10125000002283F84220FB68002283F8402001230B
:101260000FE0FB681B689A69BB681340BA689A4232
:101270000CBF01230023DBB21A46FB799A42B4D09B
:10128000002318461037BD4680BD80B584B000AF3E
:10129000F860B9607A6033E07A68B968F86800F09D
:1012A0000BF90346002B01D0012331E0BB68B3F1F9
:1012B000FF3F25D0F4F7E0FD02467B68D31ABA68F9
:1012C0009A4202D3BB68002B1AD1FB681B689B694A
:1012D00003F00203022B13D0FB685B6C43F0200287
:1012E000FB685A64FB68202283F84120FB680022D7
:1012F00083F84220FB68002283F84020012307E0A6
:10130000FB681B689B6903F00203022BC4D1002316
:1013100018461037BD4680BD80B584B000AFF86078
:10132000B9607A602FE07A68B968F86800F0C4F8AC
:101330000346002B01D001232DE0F4F79DFD02466A
:101340007B68D31ABA689A4202D3BB68002B1AD1C1
:10135000FB681B689B6903F02003202B13D0FB68FC
:101360005B6C43F02002FB685A64FB68202283F820
:101370004120FB68002283F84220FB68002283F8AA
:101380004020012307E0FB681B689B6903F02003F2
:10139000202BC8D1002318461037BD4680BD80B52C
:1013A00086B000AFF860B9607A600023FB7571E029
:1013B0007A68B968F86800F07FF80346002B01D01E
:1013C0000123FB75FB681B689B6903F02003202B3E
:1013D0003BD1FB7D002B38D1FB681B689B6903F078
:1013E0000403042B05D1FB681B8D002B01D00023C7
:1013F000FB75FB681B689B6903F01003102B21D160
:10140000FB681B681022DA61FB6804225A64FB68DF
:101410001B682022DA61FB681B685968FB681A6840
:10142000244B0B405360FB68202283F84120FB686B
:10143000002283F84220FB68002283F84020012329
:10144000FB7502E0FB6800225A64F4F715FD0246C2
:101450007B68D31ABA689A4202D3BB68002B19D1B1
:10146000FB7D002B16D1FB681B689B6903F004030E
:10147000042B0FD0FB685B6C43F02002FB685A64BE
:10148000FB68202283F84120FB68002283F840207B
:101490000123FB75FB681B689B6903F00403042BA5
:1014A00002D0FB7D002B83D0FB7D18461837BD464C
:1014B00080BD00BF00E800FE80B58AB000AFF860D4
:1014C000B9607A60002387F82730FB681B689B6946
:1014D000BB6100233B627B68FB61BB6903F01003C7
:1014E000002B68D0FB681B681022DA6149E0BB68FA
:1014F000B3F1FF3F45D0F4F7BFFC0246FB69D31AB6
:10150000BA689A4202D3BB68002B3AD1FB681B68C9
:101510005B6803F480437B61FB6893F84230FB74A3
:10152000FB681B689B6903F40043B3F5004F21D1AE
:101530007B69B3F5804F1DD0FB7C202B1AD0FB6854
:101540001B685A68FB681B6842F480425A60F4F7D3
:1015500093FCF8610EE0F4F78FFC0246FB69D31AA6
:10156000192B07D93B6A43F020033B62012387F81C
:10157000273006E0FB681B689B6903F02003202BE3
:10158000E9D1FB681B689B6903F02003202B03D083
:1015900097F82730002BAAD097F82730002B03D1DB
:1015A000FB681B682022DA613B6A43F004033B625C
:1015B000012387F82730FB681B689B69BB61BB6907
:1015C00003F48073002B0BD03B6A43F001033B62B2
:1015D000FB681B684FF48072DA61012387F82730BB
:1015E000BB6903F48063002B0BD03B6A43F0080314
:1015F0003B62FB681B684FF48062DA61012387F865
:101600002730BB6903F40073002B0BD03B6A43F017
:1016100002033B62FB681B684FF40072DA6101232E
:1016200087F8273097F82730002B1CD0F868FFF791
:10163000EEFAFB681B685968FB681A680D4B0B4093
:101640005360FB685A6C3B6A1A43FB685A64FB6838
:10165000202283F84120FB68002283F84220FB68A7
:10166000002283F8402097F8273018462837BD46D7
:1016700080BD00BF00E800FE80B487B000AFF86016
:101680007B600B467B8113467B727B89C3F3090227
:101690007B7A1B0403F47F031A437B681A433B6A7B
:1016A000134323F000437B61FB681B685A683B6A65
:1016B0005B0D03F48061084B0B43DB4302EA03013B
:1016C000FB681B687A690A435A6000BF1C37BD4635
:1016D0005DF8047B704700BFFF63FF0380B485B0F3
:1016E00000AF78600B467B800023FB607B685B6B00
:1016F000394A934232D07B685B6B384A93422DD093
:101700007B685B6B364A934228D0B7F90230002BD6
:1017100003DAFB6843F0B803FB607B8803F0010346
:10172000002B03D0FB6843F0F203FB607B8803F0DF
:101730000203002B03D0FB6843F0F403FB607B88BB
:10174000102B03D1FB6843F09003FB607B88202BB8
:1017500033D1FB6843F02003FB602EE0B7F9023081
:10176000002B03DAFB6843F0B803FB607B8803F0CF
:101770000103002B03D0FB6843F0F203FB607B887E
:1017800003F00203002B03D0FB6843F0F403FB607B
:101790007B88102B03D1FB6843F09003FB607B88B0
:1017A000202B03D1FB6843F06003FB607B88402B58
:1017B00003D1FB6843F04003FB607B681B6819683A
:1017C0007B681B68FA680A431A6000BF1437BD467D
:1017D0005DF8047B704700BF51F7100899FB1008B3
:1017E00037F9100880B485B000AF78600B467B8075
:1017F0000023FB607B8803F00103002B0FD0FB6804
:1018000043F04203FB607B6893F84130DBB203F0A6
:101810002803282B03D0FB6843F0B003FB607B88D0
:1018200003F00203002B0FD0FB6843F04403FB607E
:101830007B6893F84130DBB203F02803282B03D0F8
:10184000FB6843F0B003FB60B7F90230002B03DA0A
:10185000FB6843F0B803FB607B88102B03D1FB6867
:1018600043F09003FB607B88202B03D1FB6843F09F
:101870002003FB607B88402B03D1FB6843F04003CF
:10188000FB607B681B681968FB68DA437B681B6830
:101890000A401A6000BF1437BD465DF8047B7047EC
:1018A00080B483B000AF78607B68DB6AAA2B03D179
:1018B0007B680022DA6208E07B68DB6AB3F52A4FB6
:1018C00003D17B684FF00072DA6200BF0C37BD466F
:1018D0005DF8047B704700BF80B483B000AF7860D0
:1018E00039607B6893F84130DBB2202B38D17B68BC
:1018F00093F84030012B01D1022332E07B680122B2
:1019000083F840207B68242283F841207B681B6891
:101910001A687B681B6822F001021A607B681B68EA
:101920001A687B681B6822F480521A607B681B6807
:1019300019687B681B683A680A431A607B681B68F1
:101940001A687B681B6842F001021A607B682022DB
:1019500083F841207B68002283F84020002300E0C8
:10196000022318460C37BD465DF8047B704780B4EF
:1019700085B000AF786039607B6893F84130DBB2A6
:10198000202B39D17B6893F84030012B01D1022301
:1019900033E07B68012283F840207B68242283F8AF
:1019A00041207B681B681A687B681B6822F0010273
:1019B0001A607B681B681B68FB60FB6823F470631C
:1019C000FB603B681B02FA681343FB607B681B6883
:1019D000FA681A607B681B681A687B681B6842F0AB
:1019E00001021A607B68202283F841207B68002274
:1019F00083F84020002300E0022318461437BD4638
:101A00005DF8047B704780B483B000AF78607B687A
:101A100093F84130DBB2202B30D17B6893F8403013
:101A2000012B01D102232AE07B68012283F84020A8
:101A30007B68242283F841207B681B681A687B68D6
:101A40001B6822F001021A607B681B681A687B68B9
:101A50001B6842F480221A607B681B681A687B68E6
:101A60001B6842F001021A607B68202283F8412043
:101A70007B68002283F84020002300E00223184600
:101A80000C37BD465DF8047B704780B483B000AF6F
:101A900078607B6893F84130DBB2202B30D17B68D3
:101AA00093F84030012B01D102232AE07B68012208
:101AB00083F840207B68242283F841207B681B68E0
:101AC0001A687B681B6822F001021A607B681B6839
:101AD0001A687B681B6822F480221A607B681B6886
:101AE0001A687B681B6842F001021A607B6820223A
:101AF00083F841207B68002283F84020002300E027
:101B0000022318460C37BD465DF8047B704780B44D
:101B100085B000AF78600D4BD3F8F4300B4A43F03A
:101B20000203C2F8F430094BD3F8F43003F0020397
:101B3000FB60FB68064B5A6805497B6813434B60A2
:101B400000BF1437BD465DF8047B7047004402585F
:101B50000004005880B485B000AF78600D4BD3F816
:101B6000F4300C4A43F00203C2F8F430094BD3F8C6
:101B7000F43003F00203FB60FB68074B5A687B6894
:101B8000DB43054913404B6000BF1437BD465DF889
:101B9000047B7047004402580004005880B400AF32
:101BA00000BFBD465DF8047B704780B400AF054BB5
:101BB0001B68044A43F48073136000BFBD465DF8A0
:101BC000047B70470048025880B400AF054B1B6887
:101BD000044A23F48073136000BFBD465DF8047BA4
:101BE000704700BF0048025880B483B000AF7860EF
:101BF0007B68002B35D01E4B1B6823F0E0027B680E
:101C00001B681B4913430B604FF0B0431B684FF038
:101C1000B04223F4803313604FF0B0435B684FF061
:101C2000B04223F4803353607B685B6803F00103A8
:101C3000002B07D04FF0B0431B684FF0B04243F485
:101C4000803313607B685B6803F00203002B09D0CC
:101C50004FF0B0435B684FF0B04243F480335360C1
:101C600000E000BF0C37BD465DF8047B704700BF45
:101C70000048025880B400AF054B1B68044A43F08B
:101C80001003136000BFBD465DF8047B704700BFC2
:101C90000048025880B400AF054B1B68044A23F08B
:101CA0001003136000BFBD465DF8047B704700BFA2
:101CB0000048025880B483B000AF7860064B9A6A3F
:101CC000064B134004497A6813438B6200BF0C37FC
:101CD000BD465DF8047B704700480258C0C000F064
:101CE00080B483B000AF7860074B9A6A7B6803F0DA
:101CF0003F03DB43044913408B6200BF0C37BD46F2
:101D00005DF8047B704700BF0048025880B483B080
:101D100000AF78600B46FB70084B1B69074A23F045
:101D200004031361FB78012B01D130BF00E020BF19
:101D300000BF0C37BD465DF8047B704700ED00E046
:101D400080B582B000AF78600B46FB701A4B1B6801
:101D500023F0010218497B6813430B60F5F775F90E
:101D60000346032B06D1144B1B69134A23F00503CA
:101D7000136105E0104B1B690F4A23F00603136142
:101D80000E4B1B690D4A43F004031361BFF34F8FE1
:101D900000BFBFF36F8F00BFFB78012B01D130BFB5
:101DA00000E020BF054B1B69044A23F004031361C4
:101DB00000BF0837BD4680BD0048025800ED00E076
:101DC00080B500AFF5F741F90346032B0CD1144B56
:101DD0001B69134A43F005031361114B5B69104AF9
:101DE00043F0050353610BE00D4B1B690C4A43F0B4
:101DF000060313610A4B5B69094A43F0060353610A
:101E0000084B1B69074A43F004031361BFF34F8F6C
:101E100000BFBFF36F8F00BF30BF00BF80BD00BFEA
:101E20000048025800ED00E080B400AF054B1B698C
:101E3000044A43F00203136100BFBD465DF8047B12
:101E4000704700BF00ED00E080B400AF054B1B6998
:101E5000044A23F00203136100BFBD465DF8047B12
:101E6000704700BF00ED00E080B400AF054B1B6978
:101E7000044A43F01003136100BFBD465DF8047BC4
:101E8000704700BF00ED00E080B400AF054B1B6958
:101E9000044A23F01003136100BFBD465DF8047BC4
:101EA000704700BF00ED00E080B500AFF5F7CDF85A
:101EB0000346032B15D14FF0B043D3F8883003F419
:101EC0008033B3F5803F1BD14FF0B043D3F8883057
:101ED0004FF0B04243F48033C2F8883000F014F879
:101EE0000EE0084B9B6803F48033B3F5803F07D1C5
:101EF000044B9B68034A43F48033936000F004F87A
:101F000000BF80BDC000005880B400AF00BFBD4618
:101F10005DF8047B704700BF80B584B000AF786087
:101F2000294BDB6803F00703062B0AD0264BDB683E
:101F300003F03F037A689A4201D0012340E0002376
:101F40003EE0214BDB6823F03F021F497B681343CF
:101F5000CB60F3F791FFF86009E0F3F78DFF0246DD
:101F6000FB68D31AB3F57A7F01D9012328E0164B19
:101F70005B6803F40053B3F5005FEED17B681E2B62
:101F800008D07B682E2B05D07B681D2B02D07B6888
:101F90002D2B14D1F3F770FFF86009E0F3F76CFF15
:101FA0000246FB68D31AB3F57A7F01D9012307E013
:101FB000054BDB6803F48033B3F5803FEED100239B
:101FC00018461037BD4680BD0048025880B400AFA7
:101FD000044BDB6803F03F031846BD465DF8047B05
:101FE000704700BF0048025880B584B000AF7860E9
:101FF0003F4B5B6803F440437A689A4201D1002367
:1020000072E07B68002B29D1394BDB6803F00203B7
:10201000022B21D1364B9B69354A43F440439361EF
:10202000F3F72AFFF86009E0F3F726FF0246FB68A2
:10203000D31AB3F57A7F01D9012355E02C4B5B68A5
:1020400003F40053B3F5005FEED12A4BDB6A294A53
:1020500043F00103D36231E0012345E0244B5B6888
:1020600003F44043B3F5404F20D1224BDB6A03F029
:102070000103002B1AD01F4BDB6A1E4A23F0010319
:10208000D362F3F7F9FEF86009E0F3F7F5FE0246D4
:10209000FB68D31AB3F57A7F01D9012324E0144BEE
:1020A0005B6803F40053B3F5005FEED1104B9B69FE
:1020B00023F440420E497B6813438B61F3F7DCFE47
:1020C000F86009E0F3F7D8FE0246FB68D31AB3F5CF
:1020D0007A7F01D9012307E0054B5B6803F40053C5
:1020E000B3F5005FEED1002318461037BD4680BD22
:1020F000004802580004005880B400AF044B5B68ED
:1021000003F440431846BD465DF8047B704700BFAA
:102110000048025880B483B000AF7860074B1B685A
:1021200023F4404205497B6813430B6000231846A3
:102130000C37BD465DF8047B704700BF004802586D
:1021400080B400AF044B1B6803F440431846BD46FF
:102150005DF8047B704700BF0048025880B584B02A
:1021600000AFF8600B467A60FB72374B1B6823F0B8
:1021700001023549FB6813430B607B68002B23D1B8
:10218000F4F763FF0346032B58D12F4B1B692E4AEC
:1021900023F0010313612D4B1B692C4A43F0040308
:1021A0001361BFF34F8F00BFBFF36F8F00BFFB7A88
:1021B000012B01D130BF00E020BF244B1B69234A13
:1021C00023F0040313613CE07B68012B23D1F4F777
:1021D0003CFF0346012B33D11B4B5B691A4A23F0AA
:1021E00002035361194B1B69184A43F0040313613E
:1021F000BFF34F8F00BFBFF36F8F00BFFB7A012B80
:1022000001D130BF00E020BF104B1B690F4A23F003
:102210000403136115E0F4F718FF0346032B06D1FE
:10222000094B1B69084A23F00403136109E0064BBC
:102230005B69054A23F00403536102E000BF00E03C
:1022400000BF1037BD4680BD0048025800ED00E0D9
:1022500080B500AFF4F7F9FE0346032B01D120BF90
:1022600001E040BF20BF00BF80BD80B582B000AF9D
:1022700078607B68002B18D1F4F7E7FE0346032B48
:102280003CD1214B1B69204A43F0010313611E4BD3
:102290005B691D4A43F0010353611C4B1B691B4AD8
:1022A00043F00403136130BF2BE07B68012B18D18E
:1022B000154B1B69144A43F002031361F4F7C5FE82
:1022C0000346012B1CD1104B5B690F4A43F00203FC
:1022D00053610E4B1B690D4A43F00403136130BF79
:1022E0000FE0094B1B69084A43F004031361064BD6
:1022F0005B69054A43F00403536102E000BF00E05C
:1023000000BF0837BD4680BD0048025800ED00E020
:1023100080B483B000AF7860064B1B6923F4006281
:1023200004497B6813430B6100BF0C37BD465DF861
:10233000047B70470048025880B483B000AF7860D7
:102340007B68002B06D1114B1B69104A43F40073C4
:10235000136115E07B68012B06D10C4B5B690B4ABE
:1023600043F4007353610BE0084B1B69074A43F4C5
:1023700000731361054B5B69044A43F400735361B6
:1023800000BF0C37BD465DF8047B7047004802581B
:1023900080B485B000AF78600023FB737B68012BAD
:1023A00010D1144B5B6903F48063B3F5806F06D0E2
:1023B000104B1B690F4A43F48063136112E0012341
:1023C000FB730FE00B4B1B6903F48063B3F5806F65
:1023D00006D0084B5B69074A43F48063536101E010
:1023E0000123FB73FB7B18461437BD465DF8047B65
:1023F000704700BF0048025880B483B000AF7860D7
:102400007B68012B06D1094B1B69084A23F48063C2
:10241000136105E0054B5B69044A23F48063536153
:1024200000BF0C37BD465DF8047B7047004802587A
:1024300080B400AF054B1B68044A43F4007313607B
:1024400000BFBD465DF8047B704700BF00480258DE
:1024500080B400AF054B1B68044A23F4007313607B
:1024600000BFBD465DF8047B704700BF00480258BE
:1024700080B493B000AF78604FF440337B647B68E6
:102480001A687B6859687B681B683B613B6993FAF3
:10249000A3F3FB60FB687B617B69002B01D12023E8
:1024A00003E07B69B3FA83F3DBB2083303F01F0365
:1024B00001FA03F31A437B6899687B681B68FB6128
:1024C000FB6993FAA3F3BB61BB693B623B6A002BD8
:1024D00001D1202303E03B6AB3FA83F3DBB2083374
:1024E0005B0003F01E0301FA03F313433B647B68B4
:1024F0001A687B681B68BB62BB6A93FAA3F37B62B2
:102500007B6AFB62FB6A002B01D1202303E0FB6A9C
:10251000B3FA83F3DBB203F01F034FF4807101FAC7
:1025200003F31A437B681B687B637B6B93FAA3F30B
:102530003B633B6BBB63BB6B002B01D1202303E0F0
:10254000BB6BB3FA83F3DBB25B0003F01E03796C61
:1025500001FA03F31343FB63074B9A6AFB6BDB43FC
:102560001A4005493B6C13438B6200BF4C37BD4694
:102570005DF8047B704700BF0048025880B483B008
:1025800000AF7860064B9A6A7B68DB4304491340CE
:102590008B6200BF0C37BD465DF8047B704700BFFF
:1025A0000048025880B483B000AF7860044B5A6A88
:1025B0007B68134018460C37BD465DF8047B7047B6
:1025C0000048025880B483B000AF78600A4B1A6AA2
:1025D00009497B6813430B62074B5A6A7B681340B7
:1025E000002B01D0012300E0002318460C37BD4624
:1025F0005DF8047B704700BF0048025880B500AF0B
:102600002A4B5B6A03F00103002B08D0274B1B6A9F
:10261000264A43F00103136200F04AF843E0234BDB
:102620005B6A03F00203002B08D0204B1B6A1F4A91
:1026300043F00203136200F042F834E01B4B5B6A84
:1026400003F00403002B08D0184B1B6A174A43F011
:102650000403136200F03AF825E0144B5B6A03F0C0
:102660000803002B08D0114B1B6A104A43F00803E3
:10267000136200F032F816E00C4B5B6A03F01003B3
:10268000002B08D0094B1B6A084A43F01003136261
:1026900000F02AF807E0054B1B6A044A43F02003C8
:1026A000136200F028F800BF80BD00BF0048025848
:1026B00080B400AF00BFBD465DF8047B704780B4B6
:1026C00000AF00BFBD465DF8047B704780B400AF2B
:1026D00000BFBD465DF8047B704780B400AF00BF0B
:1026E000BD465DF8047B704780B400AF00BFBD46B7
:1026F0005DF8047B704780B400AF00BFBD465DF855
:10270000047B704780B582B000AF104B9B680F4AC6
:1027100043F001039360F3F7AFFB786009E0F3F750
:10272000ABFB02467B68D31AB3F57A7F01D901234C
:1027300007E0064B9B6803F48033B3F5803FEED18E
:10274000002318460837BD4680BD00BF0048025828
:1027500080B582B000AF104B9B680F4A23F0010395
:102760009360F3F789FB786009E0F3F785FB024695
:102770007B68D31AB3F57A7F01D9012307E0064BB2
:102780009B6803F48033B3F5803FEED000231846F6
:102790000837BD4680BD00BF0048025880B582B0F2
:1027A00000AF104BDB680F4A43F00073D360F3F7C0
:1027B00063FB786009E0F3F75FFB02467B68D31A9E
:1027C000B3F57A7F01D9012307E0064BDB6803F0FC
:1027D0008063B3F1806FEED1002318460837BD4601
:1027E00080BD00BF0048025880B582B000AF104BDA
:1027F000DB680F4A23F00073D360F3F73DFB78608A
:1028000009E0F3F739FB02467B68D31AB3F57A7F08
:1028100001D9012307E0064BDB6803F08063B3F1C5
:10282000806FEED0002318460837BD4680BD00BF3C
:102830000048025880B400AF054BDB68044A43F0FF
:102840008073D36000BFBD465DF8047B704700BF56
:102850000048025880B400AF054BDB68044A23F0FF
:102860008073D36000BFBD465DF8047B704700BF36
:102870000048025880B483B000AF7860094BDB6831
:1028800023F4007207497B681343CB60054BDB6878
:10289000044A43F48073D36000BF0C37BD465DF833
:1028A000047B70470048025880B400AF054BDB68DA
:1028B000044A23F48073D36000BFBD465DF8047BF7
:1028C000704700BF0048025880B400AF054B9B68BA
:1028D000044A43F01003936000BFBD465DF8047BDB
:1028E000704700BF0048025880B400AF054B9B689A
:1028F000044A23F01003936000BFBD465DF8047BDB
:10290000704700BF0048025880B483B000AF0F4B3F
:102910009B6803F440033B603B68B3F5800F03D131
:102920004FF480037B6009E03B68B3F5000F03D1EF
:102930004FF400037B6001E000237B607B68184656
:102940000C37BD465DF8047B704700BF0048025855
:1029500080B483B000AF0F4B9B6803F440133B601F
:102960003B68B3F5801F03D14FF480137B6009E00F
:102970003B68B3F5001F03D14FF400137B6001E007
:1029800000237B607B6818460C37BD465DF8047BEE
:10299000704700BF0048025880B483B000AF786031
:1029A0001D4B1B6823F4C0227B681B681A49134324
:1029B0000B604FF0B0431B684FF0B04223F48033FC
:1029C00013604FF0B0435B684FF0B04223F48033A4
:1029D00053607B685B6803F00103002B07D04FF066
:1029E000B0431B684FF0B04243F4803313607B6800
:1029F0005B6803F00203002B07D04FF0B0435B6825
:102A00004FF0B04243F48033536000BF0C37BD46F3
:102A10005DF8047B704700BF0048025880B400AFE7
:102A2000054B1B68044A43F48033136000BFBD4666
:102A30005DF8047B704700BF0048025880B400AFC7
:102A4000054B1B68044A23F48033136000BFBD4666
:102A50005DF8047B704700BF0048025880B500AFA6
:102A60003D4B1B6803F01003002B37D0F4F7EDFA51
:102A70000346032B1CD14FF0B043D3F8883003F446
:102A80008033B3F5803F29D1FFF73EFA324B5B68C4
:102A900003F48033B3F5803F20D04FF0B043D3F838
:102AA00088304FF0B04243F48033C2F8883015E0EC
:102AB0002A4B9B6803F48033B3F5803F0ED1FFF7B8
:102AC00023FA254B5B6803F48033B3F5803F05D0D0
:102AD000224B9B68214A43F4803393601E4B1B6852
:102AE00003F48033002B35D0F4F7AFFA0346032B01
:102AF0001BD14FF0B043D3F8883003F48033B3F5E3
:102B0000803F27D100F02CF8134B5B6803F01003D3
:102B1000102B1FD04FF0B043D3F888304FF0B042A5
:102B200043F48033C2F8883014E00C4B9B6803F404
:102B30008033B3F5803F0DD100F012F8064B5B688F
:102B400003F01003102B05D0044B9B68034A43F499
:102B50008033936000BF80BD00480258C000005819
:102B600080B400AF00BFBD465DF8047B704700BF76
:102B700080B582B000AF894B1B6803F00F03062BB2
:102B80000FD8864B1B6823F00F03844A43F00703DA
:102B90001360824B1B6803F00F03072B01D0012346
:102BA000F7E0F3F769F978607D4B1B687C4A43F0E6
:102BB0000103136008E0F3F75FF902467B68D31A5C
:102BC000022B01D90323E4E0754B1B6803F00403D7
:102BD000002BF0D0724B5B68714A43F08043536026
:102BE0006F4B00221A616F4B6F4A1A606F4B6E4A2F
:102BF0001A606F4B1B681846F3F7F4F80346002B76
:102C000001D00123C5E0F3F737F978600AE0F3F764
:102C100033F902467B68D31A41F28832934201D9D4
:102C20000323B6E05E4B1B6903F03803002BEED1A3
:102C3000F3F722F978605A4B1A6859495D4B1340F3
:102C40000B6008E0F3F718F902467B68D31A642B8F
:102C500001D903239DE0524B1B6803F40033002B82
:102C6000F0D1F3F709F978604D4B1B684C4A23F01B
:102C70008073136008E0F3F7FFF802467B68D31A0D
:102C8000022B01D9032384E0454B1B6803F000733A
:102C9000002BF0D1F3F7F0F87860414B1B68404A05
:102CA00023F08063136008E0F3F7E6F802467B68E0
:102CB000D31A022B01D903236BE0394B1B6803F0B5
:102CC0000063002BF0D1F3F7D7F87860344B1B6822
:102CD000334A23F08053136008E0F3F7CDF802463F
:102CE0007B68D31A022B01D9032352E02C4B1B68BB
:102CF00003F00053002BF0D1294B00229A61284B9E
:102D00000022DA61264B00221A62254B2A4A9A6277
:102D1000234B2A4ADA62224B294A1A63204B0022AB
:102D20005A631F4B264A9A631D4B0022DA631C4BE1
:102D3000234A1A641A4B00225A64194B1B68184A1A
:102D400023F480231360164B00221A66144B4FF0B5
:102D5000FF329A66124BD3F8D030114A43F48033D5
:102D6000C2F8D0300D4B1B6803F00803002B0FD0C6
:102D70000A4B1B6823F00F03084A43F00703136054
:102D8000064B1B6803F00F03072B01D0012300E063
:102D9000002318460837BD4680BD00BF0020005202
:102DA00000440258000000300090D00304000030BE
:102DB0000C00003045EDF6FF000202020000FF01AA
:102DC0008002010180B58CB000AF78607B68002B79
:102DD00002D1012300F04ABC7B681B6803F00103A9
:102DE000002B00F08880994B1B6903F03803FB62CD
:102DF000964B9B6ABB62FB6A102B07D0FB6A182BB1
:102E000011D1BB6A03F00303022B0CD18F4B1B685B
:102E100003F40033002B6DD07B685B68002B69D115
:102E2000012300F023BC7B685B68B3F5803F06D1CB
:102E3000864B1B68854A43F4803313602EE07B6821
:102E40005B68002B0CD1814B1B68804A23F48033D4
:102E500013607E4B1B687D4A23F4802313601DE0C2
:102E60007B685B68B3F5A02F0CD1784B1B68774A61
:102E700043F480231360754B1B68744A43F480331A
:102E800013600BE0714B1B68704A23F480331360AE
:102E90006E4B1B686D4A23F4802313607B685B686C
:102EA000002B13D0F2F7E8FF786208E0F2F7E4FFB6
:102EB00002467B6AD31A642B01D90323D6E3634B02
:102EC0001B6803F40033002BF0D014E0F2F7D4FFBA
:102ED000786208E0F2F7D0FF02467B6AD31A642BCF
:102EE00001D90323C2E3594B1B6803F40033002BC1
:102EF000F0D100E000BF7B681B6803F00203002BE9
:102F000000F0CA80514B1B6903F038033B624F4B02
:102F10009B6AFB613B6A002B07D03B6A182B56D19A
:102F2000FB6903F00303002B51D1484B1B6803F0EE
:102F30000403002B05D07B68DB68002B01D1012343
:102F400094E3424B1B6823F019027B68DB683F491E
:102F500013430B60F2F790FF786208E0F2F78CFF02
:102F600002467B6AD31A022B01D903237EE3374B37
:102F70001B6803F00403002BF0D0F3F717F80346A7
:102F800041F20302934217D87B681B69402B08D19A
:102F90002E4B5B6823F47C332C4A43F4003353609C
:102FA0007AE02A4B5B6823F47C327B681B691B0345
:102FB000264913434B606FE0244B5B6823F0FE42CD
:102FC0007B681B691B06214913434B6064E07B68E7
:102FD000DB68002B47D01D4B1B6823F019027B6870
:102FE000DB681A4913430B60F2F746FF786208E08A
:102FF000F2F742FF02467B6AD31A022B01D9032360
:1030000034E3124B1B6803F00403002BF0D0F2F7FB
:10301000CDFF034641F20302934219D87B681B6936
:10302000402B08D1094B5B6823F47C33074A43F4F7
:103030000033536030E0054B5B6823F47C327B68DF
:103040001B691B03014913434B6025E000440258F0
:103050009A4B5B6823F0FE427B681B691B0697490D
:1030600013434B6018E0954B1B68944A23F001030F
:103070001360F2F701FF786208E0F2F7FDFE024606
:103080007B6AD31A022B01D90323EFE28B4B1B6817
:1030900003F00403002BF0D17B681B6803F01003DE
:1030A000002B00F0A980854B1B6903F03803BB613E
:1030B000824B9B6A7B61BB69082B07D0BB69182BCD
:1030C0003AD17B6903F00303012B35D17B4B1B689D
:1030D00003F48073002B05D07B68DB69802B01D063
:1030E0000123C3E2F2F762FF034641F20302934277
:1030F00017D87B681B6A202B08D1704B5B6823F0C4
:10310000F8436E4A43F08043536075E06B4B5B6855
:1031100023F0F8427B681B6A9B06684913434B60A7
:103120006AE0664BDB6823F07C527B681B6A1B06F7
:1031300062491343CB605FE07B68DB69002B42D0C0
:103140005E4B1B685D4A43F080031360F2F794FE08
:10315000786208E0F2F790FE02467B6AD31A022BEF
:1031600001D9032382E2554B1B6803F48073002BC3
:10317000F0D0F2F71BFF034641F20302934217D847
:103180007B681B6A202B08D14C4B5B6823F0F8430B
:103190004A4A43F0804353602EE0484B5B6823F07B
:1031A000F8427B681B6A9B06444913434B6023E04B
:1031B000424BDB6823F07C527B681B6A1B063F494D
:1031C0001343CB6018E03D4B1B683C4A23F080035F
:1031D0001360F2F751FE786208E0F2F74DFE024606
:1031E0007B6AD31A022B01D903233FE2334B1B68BE
:1031F00003F48073002BF0D17B681B6803F0080395
:10320000002B36D07B685B69002B19D02B4B5B6F92
:103210002A4A43F001035367F2F72EFE786208E072
:10322000F2F72AFE02467B6AD31A022B01D9032346
:103230001CE2224B5B6F03F00203002BF0D018E07E
:103240001E4B5B6F1D4A23F001035367F2F714FE18
:10325000786208E0F2F710FE02467B6AD31A022B6E
:1032600001D9032302E2154B5B6F03F00203002B2D
:10327000F0D17B681B6803F02003002B39D07B68FA
:103280009B69002B1CD00D4B1B680C4A43F48053E8
:103290001360F2F7F1FD786208E0F2F7EDFD024607
:1032A0007B6AD31A022B01D90323DFE1034B1B688E
:1032B00003F40053002BF0D01BE000BF0044025881
:1032C0009D4B1B689C4A23F480531360F2F7D4FD96
:1032D000786208E0F2F7D0FD02467B6AD31A022B2F
:1032E00001D90323C2E1944B1B6803F40053002B64
:1032F000F0D17B681B6803F00403002B00F0818091
:103300008E4B1B688D4A43F480731360F2F7B4FD53
:10331000786208E0F2F7B0FD02467B6AD31A642BAC
:1033200001D90323A2E1854B1B6803F48073002BB2
:10333000F0D07B689B68012B06D17F4B1B6F7E4AC8
:1033400043F0010313672DE07B689B68002B0CD1D1
:10335000794B1B6F784A23F001031367764B1B6F81
:10336000754A23F0040313671CE07B689B68052BF8
:103370000CD1714B1B6F704A43F0040313676E4B03
:103380001B6F6D4A43F0010313670BE06A4B1B6F21
:10339000694A23F001031367674B1B6F664A23F0EA
:1033A000040313677B689B68002B15D0F2F764FD5C
:1033B00078620AE0F2F760FD02467B6AD31A41F2B6
:1033C0008832934201D9032350E15B4B1B6F03F01A
:1033D0000203002BEED014E0F2F74EFD78620AE013
:1033E000F2F74AFD02467B6AD31A41F288329342D1
:1033F00001D903233AE1504B1B6F03F00203002B6A
:10340000EED17B685B6A002B00F02F814A4B1B6971
:1034100003F03803182B00F0BD807B685B6A022B39
:1034200040F09E80444B1B68434A23F08073136036
:10343000F2F722FD786208E0F2F71EFD02467B6A91
:10344000D31A022B01D9032310E13B4B1B6803F075
:103450000073002BF0D1384B9B6A23F47C7323F06C
:1034600003037A68916A7A68D26A12010A43324980
:1034700013438B627B681B6B013BC3F308027B68C1
:103480005B6B013B5B029BB21A437B689B6B013B0E
:103490001B0403F4FE031A437B68DB6B013B1B0632
:1034A00003F0FE43244913430B63234BDB6A224A98
:1034B00023F00103D362204B5B6B23F47F4323F0A3
:1034C000F8037A68926CD2001B4913434B631A4B82
:1034D000DB6A23F00C027B681B6C17491343CB6239
:1034E000154BDB6A23F002027B685B6C12491343C5
:1034F000CB62114BDB6A104A43F48033D3620E4B2C
:10350000DB6A0D4A43F40033D3620B4BDB6A0A4A91
:1035100043F48023D362084BDB6A074A43F001037C
:10352000D362054B1B68044A43F080731360F2F7C3
:10353000A3FC78620DE000BF004402580048025826
:10354000F2F79AFC02467B6AD31A022B01D90323B5
:103550008CE0484B1B6803F00073002BF0D084E034
:10356000444B1B68434A23F080731360F2F784FCDA
:10357000786208E0F2F780FC02467B6AD31A022BDD
:1035800001D9032372E03B4B1B6803F00073002B4F
:10359000F0D16AE0374B9B6A3B61364B1B6BFB609B
:1035A0007B685B6A012B31D03B6903F003027B68C7
:1035B0009B6A9A422AD13B691B0903F03F027B6850
:1035C000DB6A9A4222D1FB68C3F308027B681B6B5B
:1035D000013B9A421AD1FB685B0A03F07F027B68C9
:1035E0005B6B013B9A4211D1FB681B0C03F07F021D
:1035F0007B689B6B013B9A4208D1FB681B0E03F072
:103600007F027B68DB6B013B9A4201D001232DE0F6
:10361000184B5B6BDB08C3F30C033B617B689B6C53
:103620003A699A4221D0134BDB6A124A23F0010314
:10363000D362F2F721FC786200BFF2F71DFC02466C
:103640007B6A9342F9D00B4B5B6B23F47F4323F0EF
:10365000F8037A68926CD200064913434B63054B1A
:10366000DB6A044A43F00103D36200231846303773
:10367000BD4680BD0044025880B586B000AF78607A
:1036800039607B68002B01D101239DE18A4B1B68C7
:1036900003F00F033A689A4210D9874B1B6823F056
:1036A0000F0285493B6813430B60834B1B6803F093
:1036B0000F033A689A4201D0012385E17B681B68B9
:1036C00003F00403002B10D07B681A697B4B9B69C5
:1036D00003F070039A4208D9784B9B6923F070027B
:1036E0007B681B69754913438B617B681B6803F01A
:1036F0000803002B10D07B685A69704BDB6903F01C
:1037000070039A4208D96D4BDB6923F070027B6825
:103710005B696A491343CB617B681B6803F0100344
:10372000002B10D07B689A69644BDB6903F4E0637B
:103730009A4208D9614BDB6923F4E0627B689B699C
:103740005E491343CB617B681B6803F02003002BA9
:1037500010D07B68DA69594B1B6A03F070039A42F8
:1037600008D9564B1B6A23F070027B68DB6953490A
:1037700013430B627B681B6803F00203002B10D01D
:103780007B68DA684D4B9B6903F00F039A4208D9B6
:103790004A4B9B6923F00F027B68DB684749134360
:1037A0008B617B681B6803F00103002B55D0434BF2
:1037B0009B6923F470627B689B68404913438B616B
:1037C0007B685B68022B07D13C4B1B6803F400331A
:1037D000002B21D10123F7E07B685B68032B07D125
:1037E000364B1B6803F00073002B15D10123EBE06F
:1037F0007B685B68012B07D1304B1B6803F4807337
:10380000002B09D10123DFE02C4B1B6803F00403DC
:10381000002B01D10123D7E0284B1B6923F00702BD
:103820007B685B68254913430B61F2F725FB7861E0
:103830000AE0F2F721FB02467B69D31A41F2883293
:10384000934201D90323BFE01C4B1B6903F03802EC
:103850007B685B68DB009A42EBD17B681B6803F0F6
:103860000203002B10D07B68DA68144B9B6903F0CD
:103870000F039A4208D2114B9B6923F00F027B6819
:10388000DB680E4913438B610B4B1B6803F00F037E
:103890003A689A4214D2084B1B6823F00F0206497B
:1038A0003B6813430B60044B1B6803F00F033A683B
:1038B0009A4205D0012387E00020005200440258BC
:1038C0007B681B6803F00403002B10D07B681A6927
:1038D0003F4B9B6903F070039A4208D23C4B9B69B3
:1038E00023F070027B681B69394913438B617B6845
:1038F0001B6803F00803002B10D07B685A69344B17
:10390000DB6903F070039A4208D2314BDB6923F084
:1039100070027B685B692E491343CB617B681B682F
:1039200003F01003002B10D07B689A69284BDB69E9
:1039300003F4E0639A4208D2254BDB6923F4E0628A
:103940007B689B6922491343CB617B681B6803F04A
:103950002003002B10D07B68DA691D4B1B6A03F033
:1039600070039A4208D21A4B1B6A23F070027B68DC
:10397000DB69174913430B6200F0BEF80246144B93
:103980009B691B0A03F00F031249CB5C03F01F0372
:1039900022FA03F33B610E4B9B6903F00F030D4AC0
:1039A000D35C03F01F033A6922FA03F30A4A136057
:1039B000094B1B68094A1360094B1B681846F2F74C
:1039C00011FA0346FB73FB7B18461837BD4680BDD2
:1039D00000440258D84812080400003000000030AB
:1039E0000C00003080B58CB000AFF860B9607A6030
:1039F000FB68002B2AD12D4BD3F8E0302B4A43F043
:103A00000103C2F8E030294BD3F8E03003F00103A2
:103A1000BB61BB694FF48073FB6102233B620323EC
:103A2000BB6200237B620023FB6207F11C03194683
:103A30001F48F7F7EBFC1D4B1B6923F0FE72B968BA
:103A40007B680B43194913430B612AE0174BD3F8EA
:103A5000E030164A43F00403C2F8E030134BD3F8C9
:103A6000E03003F004037B617B694FF40073FB617A
:103A700002233B620323BB6200237B620023FB62C1
:103A800007F11C0319460B48F7F7C0FC074B1B69ED
:103A900023F07E427B68D901BB680B430349134383
:103AA0000B6100BF3037BD4680BD00BF00440258E7
:103AB000000002580008025880B400AF054B1B6894
:103AC000044A43F40023136000BFBD465DF8047B45
:103AD000704700BF0044025880B400AF054B1B681C
:103AE000044A23F40023136000BFBD465DF8047B45
:103AF000704700BF0044025880B489B000AFB34B98
:103B00001B6903F03803182B00F2558101A252F80B
:103B100023F000BF793B1108B73D1108B73D1108EC
:103B2000B73D1108B73D1108B73D1108B73D110861
:103B3000B73D11089F3B1108B73D1108B73D11086B
:103B4000B73D1108B73D1108B73D1108B73D110841
:103B5000B73D1108A53B1108B73D1108B73D110845
:103B6000B73D1108B73D1108B73D1108B73D110821
:103B7000B73D1108AB3B1108944B1B6803F02003C1
:103B8000002B09D0914B1B68DB0803F00303904A1C
:103B900022FA03F3BB6111E18D4BBB610EE18D4B4A
:103BA000BB610BE18C4BBB6108E1884B9B6A03F066
:103BB00003037B61854B9B6A1B0903F03F033B6159
:103BC000824BDB6A03F00103FB60804B5B6BDB081D
:103BD000C3F30C03FA6802FB03F307EE903AF8EE26
:103BE000677AC7ED027A3B69002B00F0E1807B69C0
:103BF000022B00F083807B69022B00F2A1807B699D
:103C0000002B03D07B69012B56D099E06F4B1B68CA
:103C100003F02003002B2DD06C4B1B68DB0803F056
:103C200003036B4A22FA03F37B607B6807EE903A4A
:103C3000F8EE676A3B6907EE903AF8EE677A86EE2F
:103C4000A77A624B1B6BC3F3080307EE903AF8EEBA
:103C5000676A97ED026ADFED615AC6EE257A76EE65
:103C6000A77AF7EE006A77EEA67A67EE277AC7EDB5
:103C7000077A87E03B6907EE903AF8EE677ADFED66
:103C8000586A86EEA77A514B1B6BC3F3080307EE05
:103C9000903AF8EE676A97ED026ADFED505AC6EE89
:103CA000257A76EEA77AF7EE006A77EEA67A67EEC7
:103CB000277AC7ED077A65E03B6907EE903AF8EEA0
:103CC000677ADFED486A86EEA77A404B1B6BC3F339
:103CD000080307EE903AF8EE676A97ED026ADFEDA7
:103CE0003F5AC6EE257A76EEA77AF7EE006A77EEAF
:103CF000A67A67EE277AC7ED077A43E03B6907EEBD
:103D0000903AF8EE677ADFED386A86EEA77A2F4BA5
:103D10001B6BC3F3080307EE903AF8EE676A97ED62
:103D2000026ADFED2E5AC6EE257A76EEA77AF7EE16
:103D3000006A77EEA67A67EE277AC7ED077A21E068
:103D40003B6907EE903AF8EE677ADFED266A86EE79
:103D5000A77A1E4B1B6BC3F3080307EE903AF8EEED
:103D6000676A97ED026ADFED1D5AC6EE257A76EE98
:103D7000A77AF7EE006A77EEA67A67EE277AC7EDA4
:103D8000077A00BF114B1B6B5B0A03F07F03013303
:103D90003B603B6807EE903AB8EE677AD7ED076A6A
:103DA000C6EE877AFCEEE77A17EE903ABB6105E043
:103DB0000023BB6102E0074BBB6100BFBB69184633
:103DC0002437BD465DF8047B704700BF00440258AD
:103DD0000090D00300093D0040787D0100000046BE
:103DE0000024744C0024744A20BCBE4B80B582B0C1
:103DF00000AFFFF781FE0246114B9B691B0A03F0DF
:103E00000F031049CB5C03F01F0322FA03F37B601E
:103E10000B4B9B6903F00F030A4AD35C03F01F03AB
:103E20007A6822FA03F3084A1360074B1B68074AB3
:103E30001360054B1B6818460837BD4680BD00BFA0
:103E400000440258D8481208040000300000003036
:103E500080B500AFFFF7CAFF0246064BDB691B09BE
:103E600003F007030449CB5C03F01F0322FA03F3BA
:103E7000184680BD00440258D848120880B500AFEB
:103E8000FFF7B4FF0246064BDB691B0A03F007038A
:103E90000449CB5C03F01F0322FA03F3184680BDEC
:103EA00000440258D848120880B582B000AF78604C
:103EB0007B683F221A60724B1B6803F48023B3F5C2
:103EC000802F04D17B684FF4A0225A600EE06C4B27
:103ED0001B6803F48033B3F5803F04D17B684FF453
:103EE00080325A6002E07B6800225A60644B1B6893
:103EF00003F08003802B03D17B688022DA6102E02B
:103F00007B680022DA61F2F751F8034641F20302BE
:103F1000934207D85A4B5B689B0E03F01F027B68E5
:103F20001A6206E0564BDB681B0E03F03F027B680B
:103F30001A62534B1B6803F00103012B03D17B680A
:103F40000122DA6002E07B680022DA60F2F72EF8E4
:103F5000034641F20302934207D8494B5B681B0BAF
:103F600003F03F027B681A6106E0454B5B681B0E5D
:103F700003F07F027B681A61414B1B6F03F004035F
:103F8000042B03D17B6805229A600CE03C4B1B6F2D
:103F900003F00103012B03D17B6801229A6002E048
:103FA0007B6800229A60364B5B6F03F00103012BA4
:103FB00003D17B6801225A6102E07B6800225A61CA
:103FC0002F4B1B6803F48053B3F5805F03D17B68EC
:103FD00001229A6102E07B6800229A61284B1B68EB
:103FE00003F08073B3F1807F03D17B6802225A62B1
:103FF00002E07B6801225A62214B9B6A03F00302B4
:104000007B689A621E4B9B6A1B0903F03F027B6828
:10401000DA621B4B1B6BC3F308035A1C7B681A63E1
:10402000174B1B6B1B0E03F07F035A1C7B68DA6374
:10403000134B1B6B5B0A03F07F035A1C7B685A63AC
:104040000F4B1B6B1B0C03F07F035A1C7B689A639E
:104050000B4BDB6A03F00C027B681A64084BDB6ACB
:104060005B0803F001027B685A64054B5B6BDB085D
:10407000C3F30C027B689A6400BF0837BD4680BD5D
:104080000044025880B483B000AF786039607B6828
:104090003F221A601A4B1B6903F007027B685A60C3
:1040A000174B9B6903F470627B689A60144B9B69A1
:1040B00003F00F027B68DA60114B9B6903F070021A
:1040C0007B681A610E4BDB6903F070027B685A61F2
:1040D0000B4BDB6903F4E0627B689A61084B1B6A57
:1040E00003F070027B68DA61064B1B6803F00F0275
:1040F0003B681A6000BF0C37BD465DF8047B704713
:10410000004402580020005280B500AF074B5B6EA0
:1041100003F48063B3F5806F05D100F009F8034B19
:104120004FF480629A6600BF80BD00BF0044025811
:1041300080B400AF00BFBD465DF8047B704700BF90
:104140002DE9B04FCAB000AFC7F81401002387F8BB
:104150002731002387F82631D7F81431D3E900231B
:1041600002F00064002554EA050349D0D7F8143161
:104170009B6EB3F5401F2FD0B3F5401F28D8B3F581
:10418000001F1AD0B3F5001F22D8002B03D0B3F5BF
:10419000801F07D01CE0B84BDB6AB74A43F40033FA
:1041A000D3621AE0D7F8143108330221184602F01E
:1041B00060FF034687F827310FE0D7F81431283322
:1041C0000221184603F006F8034687F8273104E079
:1041D000012387F8273100E000BF97F82731002B33
:1041E0000AD1A54B1B6D23F44011D7F814319B6EF7
:1041F000A14A0B43136503E097F8273187F826316E
:10420000D7F81431D3E9002302F480784FF0000985
:1042100058EA090347D0D7F814319B6D042B2AD8EC
:1042200001A252F823F000BF3D4211084B42110891
:10423000614211087F4211087F4211088E4BDB6AF0
:104240008D4A43F40033D3621AE0D7F814310833AF
:104250000021184602F00DFF034687F827310FE0D2
:10426000D7F8143128330021184602F0B3FF034673
:1042700087F8273104E0012387F8273100E000BFE9
:1042800097F82731002B0AD17B4B1B6D23F00701D8
:10429000D7F814319B6D784A0B43136503E097F808
:1042A000273187F82631D7F81431D3E9002302F4F7
:1042B000007A4FF0000B5AEA0B034CD0D7F81431B8
:1042C000DB6DB3F5807F30D0B3F5807F29D8C02B6C
:1042D0002DD0C02B25D8802B18D0802B21D8002B97
:1042E00002D0402B07D01CE0634BDB6A624A43F4E8
:1042F0000033D3621CE0D7F814310833002118468C
:1043000002F0B7FE034687F8273111E0D7F81431E1
:1043100028330021184602F05DFF034687F8273155
:1043200006E0012387F8273102E000BF00E000BF6C
:1043300097F82731002B0AD14F4B1B6D23F4E07106
:10434000D7F81431DB6D4C4A0B43136503E097F843
:10435000273187F82631D7F81431D3E9002302F446
:104360008063C7F808310023C7F80C31D7E942123F
:104370000B46134353D0D7F81431D3F8A830B3F514
:10438000000F35D0B3F5000F2ED8B3F5C00F31D0E4
:10439000B3F5C00F28D8B3F5800F1AD0B3F5800F4E
:1043A00022D8002B03D0B3F5001F07D01CE0324BFE
:1043B000DB6A314A43F40033D3621CE0D7F814318E
:1043C00008330021184602F054FE034687F82731CF
:1043D00011E0D7F8143128330021184602F0FAFE14
:1043E000034687F8273106E0012387F8273102E0EA
:1043F00000BF00E000BF97F82731002B0BD11E4B08
:104400009B6D23F46001D7F81431D3F8A8301A4A11
:104410000B43936503E097F8273187F82631D7F8E7
:104420001431D3E9002302F40063C7F800310023FC
:10443000C7F80431D7E940120B46134356D0D7F8DA
:104440001431D3F8AC30B3F1806F38D0B3F1806F52
:1044500031D8B3F1407F34D0B3F1407F2BD8B3F1E2
:10446000007F1DD0B3F1007F25D8002B06D0B3F11B
:10447000807F0AD01FE000BF00440258A24BDB6AD5
:10448000A14A43F40033D3621CE0D7F81431083357
:104490000021184602F0EDFD034687F8273111E0B0
:1044A000D7F8143128330021184602F093FE034652
:1044B00087F8273106E0012387F8273102E000BFA3
:1044C00000E000BF97F82731002B0BD18E4B9B6D7E
:1044D00023F0E061D7F81431D3F8AC308A4A0B43AB
:1044E000936503E097F8273187F82631D7F8143120
:1044F000D3E9002302F00073C7F8F8300023C7F8AF
:10450000FC30D7E93E120B4613433AD0D7F81431AA
:10451000DB6C302B1FD0302B19D8202B0CD0202B4C
:1045200015D8002B19D0102B11D1774BDB6A764AA6
:1045300043F40033D36211E0D7F814310833022179
:10454000184602F096FD034687F8273106E001235E
:1045500087F8273102E000BF00E000BF97F827315D
:10456000002B0AD1684BDB6C23F03001D7F81431F3
:10457000DB6C654A0B43D36403E097F8273187F877
:104580002631D7F81431D3E9002302F48053C7F859
:10459000F0300023C7F8F430D7E93C120B46134340
:1045A00051D0D7F814311B6EB3F5804F35D0B3F529
:1045B000804F2ED8B3F5405F31D0B3F5405F28D897
:1045C000B3F5005F1AD0B3F5005F22D8002B03D0FB
:1045D000B3F5805F07D01CE04B4BDB6A4A4A43F4DB
:1045E0000033D3621CE0D7F8143108330021184699
:1045F00002F03FFD034687F8273111E0D7F8143168
:1046000028330021184602F0E5FD034687F82731DC
:1046100006E0012387F8273102E000BF00E000BF79
:1046200097F82731002B0AD1374B1B6D23F4E0415B
:10463000D7F814311B6E344A0B43136503E097F827
:10464000273187F82631D7F81431D3E9002302F453
:104650000053C7F8E8300023C7F8EC30D7E93A1226
:104660000B46134356D0D7F814315B6EB3F5A02F29
:1046700033D0B3F5A02F2CD8B3F5802F2FD0B3F5BE
:10468000802F26D8B3F5403F2BD0B3F5403F20D83C
:10469000B3F5003F12D0B3F5003F1AD8002B22D05B
:1046A000B3F5803F15D1D7F81431083301211846EE
:1046B00002F0DFFC034687F8273115E0D7F8143104
:1046C00028330121184602F085FD034687F827317B
:1046D0000AE0012387F8273106E000BF04E000BFAD
:1046E00002E000BF00E000BF97F82731002B0DD19A
:1046F000054B1B6D23F4E021D7F814315B6E024AA1
:104700000B43136506E000BF0044025897F82731B9
:1047100087F82631D7F81431D3E9002302F4804317
:10472000C7F8E0300023C7F8E430D7E938120B4669
:10473000134355D0D7F81431D3F8B030B3F1A04FAC
:1047400033D0B3F1A04F2CD8B3F1804F2FD0B3F1B9
:10475000804F26D8B3F1405F2BD0B3F1405F20D813
:10476000B3F1005F12D0B3F1005F1AD8002B22D052
:10477000B3F1805F15D1D7F8143108330121184601
:1047800002F077FC034687F8273115E0D7F814319B
:1047900028330121184602F01DFD034687F8273112
:1047A0000AE0012387F8273106E000BF04E000BFDC
:1047B00002E000BF00E000BF97F82731002B0BD1CB
:1047C000A44B9B6D23F0E041D7F81431D3F8B030FF
:1047D000A04A0B43936503E097F8273187F8263109
:1047E000D7F81431D3E9002302F40043C7F8D830D6
:1047F0000023C7F8DC30D7E936120B46134337D015
:10480000D7F814311B6FB3F1005F0ED0B3F1005F26
:1048100016D8002B18D0B3F1805F11D18D4BDB6A15
:104820008C4A43F40033D3620FE0D7F814310833D5
:104830000121184602F01DFC034687F8273104E0E9
:10484000012387F8273100E000BF97F82731002BBC
:104850000AD1804B1B6D23F04051D7F814311B6FE8
:104860007C4A0B43136503E097F8273187F826311C
:10487000D7F81431D3E9002302F08073C7F8D030A1
:104880000023C7F8D430D7E934120B46134339D08C
:10489000D7F814319B6C032B1CD801A252F823F0DB
:1048A000DD481108B1481108BF481108DD4811085A
:1048B000684BDB6A674A43F40033D3620FE0D7F8F2
:1048C000143108330221184602F0D3FB034687F85F
:1048D000273104E0012387F8273100E000BF97F873
:1048E0002731002B0AD15B4BDB6C23F00301D7F897
:1048F00014319B6C574A0B43D36403E097F827317C
:1049000087F82631D7F81431D3E9002302F4800365
:10491000C7F8C8300023C7F8CC30D7E932120B46AD
:10492000134300F09F804C4B1B684B4A43F4807349
:104930001360F1F7A1FAC7F820010BE0F1F79CFA38
:104940000246D7F82031D31A642B03D9032387F802
:10495000273105E0404B1B6803F48073002BEDD03A
:1049600097F82731002B79D13A4B1A6FD7F81431C9
:10497000D3F8B430534003F44073002B15D0354BBB
:104980001B6F23F44073C7F81C31324B1B6F314A45
:1049900043F4803313672F4B1B6F2E4A23F480336D
:1049A00013672C4AD7F81C311367D7F81431D3F8A2
:1049B000B430B3F5807F18D1F1F75EFAC7F8200163
:1049C0000DE0F1F759FA0246D7F82031D21A41F238
:1049D00088339A4203D9032387F8273105E01D4B1A
:1049E0001B6F03F00203002BEBD097F82731002B4D
:1049F0002BD1D7F81431D3F8B43003F44073B3F5A6
:104A0000407F10D1134B1B6923F47C51D7F814312C
:104A1000D3F8B4301B0923F07F4323F030030D4A51
:104A20000B43136105E00B4B1B690A4A23F47C53CB
:104A30001361084B196FD7F81431D3F8B430C3F3AE
:104A40000B03044A0B4313670CE097F8273187F8F0
:104A5000263107E0004402580048025897F82731F1
:104A600087F82631D7F81431D3E9002302F0010387
:104A7000C7F8C0300023C7F8C430D7E930120B465E
:104A8000134300F08980D7F81431DB6F282B6BD8E3
:104A900001A252F823F000BF714B1108694B1108B5
:104AA000694B1108694B1108694B1108694B1108D2
:104AB000694B1108694B11083D4B1108694B1108EE
:104AC000694B1108694B1108694B1108694B1108B2
:104AD000694B1108694B1108534B1108694B1108B8
:104AE000694B1108694B1108694B1108694B110892
:104AF000694B1108694B1108714B1108694B11087A
:104B0000694B1108694B1108694B1108694B110871
:104B1000694B1108694B1108714B1108694B110859
:104B2000694B1108694B1108694B1108694B110851
:104B3000694B1108694B1108714B1108D7F81431F2
:104B400008330121184602F094FA034687F827310A
:104B50000FE0D7F8143128330121184602F03AFB50
:104B6000034687F8273104E0012387F8273100E066
:104B700000BF97F82731002B0AD1BF4B5B6D23F0A4
:104B80003801D7F81431DB6FBB4A0B43536503E0A0
:104B900097F8273187F82631D7F81431D3E9002365
:104BA00002F00203C7F8B8300023C7F8BC30D7E9D9
:104BB0002E120B46134341D0D7F814319B6F052BAF
:104BC00024D801A252F823F0154C1108E14B11082A
:104BD000F74B1108154C1108154C1108154C11080C
:104BE000D7F8143108330121184602F042FA03467F
:104BF00087F827310FE0D7F8143128330121184600
:104C000002F0E8FA034687F8273104E0012387F829
:104C1000273100E000BF97F82731002B0AD1964BCF
:104C20005B6D23F00701D7F814319B6F924A0B4359
:104C3000536503E097F8273187F82631D7F8143108
:104C4000D3E9002302F00403C7F8B0300023C7F80B
:104C5000B430D7E92C120B46134344D0D7F81431A3
:104C6000D3F89430052B25D801A252F823F000BFC9
:104C7000BD4C1108894C11089F4C1108BD4C1108FE
:104C8000BD4C1108BD4C1108D7F81431083301216F
:104C9000184602F0EEF9034687F827310FE0D7F8FF
:104CA000143128330121184602F094FA034687F89C
:104CB000273104E0012387F8273100E000BF97F88F
:104CC0002731002B0BD16C4B9B6D23F00701D7F8DC
:104CD0001431D3F89430684A0B43936503E097F896
:104CE000273187F82631D7F81431D3E9002302F0B1
:104CF0002003C7F8A8300023C7F8AC30D7E92A1240
:104D00000B46134355D0D7F81431D3F89030B3F194
:104D1000A04F33D0B3F1A04F2CD8B3F1804F2FD098
:104D2000B3F1804F26D8B3F1405F2BD0B3F1405F91
:104D300020D8B3F1005F12D0B3F1005F1AD8002B76
:104D400022D0B3F1805F15D1D7F814310833002198
:104D5000184602F08EF9034687F8273115E0D7F898
:104D6000143128330221184602F034FA034687F83A
:104D700027310AE0012387F8273106E000BF04E06D
:104D800000BF02E000BF00E000BF97F82731002B12
:104D90000BD1394B5B6D23F0E041D7F81431D3F8D8
:104DA0009030354A0B43536503E097F8273187F875
:104DB0002631D7F81431D3E9002302F04003C7F8B5
:104DC000A0300023C7F8A430D7E928120B461343BC
:104DD00058D0D7F81431D3F89C30B3F5A05F33D056
:104DE000B3F5A05F2CD8B3F5805F2FD0B3F5805F0B
:104DF00026D8B3F5406F2BD0B3F5406F20D8B3F56C
:104E0000006F12D0B3F5006F1AD8002B22D0B3F583
:104E1000806F15D1D7F8143108330021184602F0FD
:104E200028F9034687F8273115E0D7F814312833DD
:104E30000221184602F0CEF9034687F827310AE02E
:104E4000012387F8273106E000BF04E000BF02E03D
:104E500000BF00E000BF97F82731002B0ED1064BB2
:104E60009B6D23F4E051D7F81431D3F89C30024AFB
:104E70000B43936506E000BF0044025897F82731C2
:104E800087F82631D7F81431D3E9002302F08003E4
:104E9000C7F898300023C7F89C30D7E926120B4694
:104EA000134355D0D7F81431D3F8A030B3F5204FC1
:104EB00033D0B3F5204F2CD8B3F5004F2FD0B3F536
:104EC000004F26D8B3F5C04F2BD0B3F5C04F20D834
:104ED000B3F5804F12D0B3F5804F1AD8002B22D0F3
:104EE000B3F5005F15D1D7F8143108330021184607
:104EF00002F0BFF8034687F8273115E0D7F81431E0
:104F000028330221184602F065F9034687F8273155
:104F10000AE0012387F8273106E000BF04E000BF64
:104F200002E000BF00E000BF97F82731002B0BD153
:104F3000A14B9B6D23F46041D7F81431D3F8A03016
:104F40009D4A0B43936503E097F8273187F8263194
:104F5000D7F81431D3E9002302F00803C7F89030E2
:104F60000023C7F89430D7E924120B4613431ED010
:104F7000D7F81431D3F88430B3F5805F0CD1D7F86B
:104F8000143128330221184602F024F90346002B7D
:104F900002D0012387F82631874B5B6D23F4405103
:104FA000D7F81431D3F88430834A0B435365D7F8CC
:104FB0001431D3E9002302F01003C7F8883000232E
:104FC000C7F88C30D7E922120B4613431ED0D7F80E
:104FD0001431D3F89830B3F5807F0CD1D7F8143161
:104FE00028330221184602F0F5F80346002B02D0C0
:104FF000012387F82631704B9B6D23F44071D7F85D
:105000001431D3F898306C4A0B439365D7F81431B8
:10501000D3E9002302F40023C7F880300023C7F847
:105020008430D7E920120B4613433ED0D7F8143111
:10503000D3F8A430B3F5003F22D0B3F5003F1BD81E
:10504000002B03D0B3F5803F0BD015E0D7F8143117
:1050500008330021184602F00CF8034687F8273180
:105060000FE0D7F8143128330221184602F0B2F8C5
:10507000034687F8273104E0012387F8273100E051
:1050800000BF97F82731002B0BD14B4B9B6D23F4BE
:105090004031D7F81431D3F8A430474A0B43936515
:1050A00003E097F8273187F82631D7F81431D3E990
:1050B000002302F48023BB670023FB67D7E91E129D
:1050C0000B4613433BD0D7F81431D3F88830B3F5EF
:1050D000401F1FD0B3F5401F18D8B3F5801F03D071
:1050E000B3F5001F07D011E0334BDB6A324A43F4BB
:1050F0000033D3620FE0D7F814312833012118466A
:1051000002F068F8034687F8273104E0012387F8A6
:10511000273100E000BF97F82731002B0BD1264B39
:105120005B6D23F44011D7F81431D3F88830224A4C
:105130000B43536503E097F8273187F82631D7F8FA
:105140001431D3E9002302F480333B6700237B67EB
:10515000D7E91C120B46134334D0D7F814311B6D1A
:10516000002B03D0B3F5803F07D011E0124BDB6A70
:10517000114A43F40033D3620EE0D7F814310833F8
:105180000221184601F075FF034687F8273103E036
:10519000012387F8273100BF97F82731002B0DD165
:1051A000054BDB6C23F48031D7F814311B6D024AB8
:1051B0000B43D36406E000BF0044025897F8273140
:1051C00087F82631D7F81431D3E9002302F00053D1
:1051D000BB660023FB66D7E91A120B4613430CD0BB
:1051E000D7F8143128330221184601F0F3FF0346A3
:1051F000002B02D0012387F82631D7F81431D3E9E8
:10520000002302F400333B6600237B66D7E91812C3
:105210000B46134338D0D7F81431D3F88030B3F5A8
:10522000407F18D0B3F5407F11D8B3F5007F14D07C
:10523000B3F5007F0BD8002B11D0B3F5807F06D1DA
:10524000C34BDB6AC24A43F40033D36208E0012354
:1052500087F8273104E000BF02E000BF00E000BF94
:1052600097F82731002B0BD1B94B5B6D23F44071BC
:10527000D7F81431D3F88030B54A0B43536503E0B7
:1052800097F8273187F82631D7F81431D3E900236E
:1052900002F48013BB650023FB65D7E916120B46A9
:1052A000134309D0AA4B1B6D23F00041D7F81431EA
:1052B0005B6FA74A0B431365D7F81431D3E900237A
:1052C00002F080533B6500237B65D7E914120B463F
:1052D00013430AD09E4B1B6923F48041D7F8143145
:1052E000D3F8B8309A4A0B431361D7F81431D3E995
:1052F000002302F40013BB640023FB64D7E91212FD
:105300000B46134309D0924B1B6D23F08071D7F8E5
:105310001431DB6E8E4A0B431365D7F81431D3E991
:10532000002302F080433B6400237B64D7E9101222
:105330000B4613430ED0864B1B69854A23F400436A
:105340001361834B1969D7F81431D3F8BC30804A04
:105350000B431361D7F81431D3E9002302F0004363
:10536000BB630023FB63D7E90E120B46134309D03E
:10537000774BDB6C23F04051D7F814315B6D744AE6
:105380000B43D364D7F81431D3E9002302F40003AC
:105390003B6300237B63D7E90C120B4613430AD00F
:1053A0006B4B5B6D23F44001D7F81431D3F88C308C
:1053B000674A0B435365D7F81431D3E90023002122
:1053C000B96203F00103FB62D7E90A120B461343EB
:1053D00011D0D7F8143108330021184601F049FEE6
:1053E000034687F8273197F82731002B03D097F829
:1053F000273187F82631D7F81431D3E9002300216B
:10540000396203F002037B62D7E908120B461343AB
:1054100011D0D7F8143108330121184601F029FEC4
:10542000034687F8273197F82731002B03D097F8E8
:10543000273187F82631D7F81431D3E9002300212A
:10544000B96103F00403FB61D7E906120B4613436D
:1054500011D0D7F8143108330221184601F009FEA3
:10546000034687F8273197F82731002B03D097F8A8
:10547000273187F82631D7F81431D3E900230021EA
:10548000396103F008037B61D7E904120B4613432B
:1054900011D0D7F8143128330021184601F09AFEB4
:1054A000034687F8273197F82731002B03D097F868
:1054B000273187F82631D7F81431D3E900230021AA
:1054C000B96003F01003FB60D7E902120B461343E7
:1054D00011D0D7F8143128330121184601F07AFE93
:1054E000034687F8273197F82731002B03D097F828
:1054F000273187F82631D7F81431D3E9002300216A
:10550000396003F020037B60D7E900120B46134398
:1055100011D0D7F8143128330221184601F05AFE71
:10552000034687F8273197F82731002B03D097F8E7
:10553000273187F8263197F82631002B01D1002337
:1055400000E00123184607F59477BD46BDE8B08F0B
:10555000004402582DE9B00F8BB000AF7862796A31
:10556000AB4A4FF00003C1E900237B6AD3E9002373
:1055700042F008041D467B6AC3E900457B6AD3E913
:10558000002342F40071B961FB617B6AD7E906121E
:10559000C3E900127B6AD3E9002342F480613961D8
:1055A0007B617B6AD7E90412C3E900127B6AD3E905
:1055B000002342F40061B960FB607B6AD7E9021204
:1055C000C3E900127B6AD3E9002342F0007139601D
:1055D0007B607B6AD7E90012C3E900127B6AD3E9DA
:1055E000002342F0805A9B467B6AC3E900AB7B6A8A
:1055F000D3E9002342F0005899467B6AC3E9008949
:10560000844B9B6A1B0D03F03F027B6A9A62814BBD
:105610001B6CC3F308035A1C7B6ADA627D4B1B6C5C
:105620001B0E03F07F035A1C7B6A9A63794B1B6C39
:105630005B0A03F07F035A1C7B6A1A63754B1B6C71
:105640001B0C03F07F035A1C7B6A5A63714BDB6AA5
:105650009B0A03F003027B6ADA636E4BDB6A5B0A28
:1056600003F001027B6A1A646A4B9B6A1B0B03F00E
:105670003F027B6A9A60674B9B6BC3F308035A1C1B
:105680007B6ADA60634B9B6B1B0E03F07F035A1C33
:105690007B6A9A615F4B9B6B5B0A03F07F035A1C2A
:1056A0007B6A1A615B4B9B6B1B0C03F07F035A1CDC
:1056B0007B6A5A61574BDB6A9B0903F003027B6AE2
:1056C000DA61544BDB6A5B0903F001027B6A1A6200
:1056D000504B5B6D03F038027B6ADA674D4B5B6DB4
:1056E00003F007027B6A9A674A4B9B6D03F007023F
:1056F0007B6AC3F89420474B5B6D03F440527B6A8E
:10570000C3F88420434B5B6D03F0E0427B6AC3F82F
:105710009020404B9B6D03F4E0527B6AC3F89C20C1
:105720003C4B9B6D03F460427B6AC3F8A020394B6D
:105730001B6D03F007027B6A9A65364B1B6D03F401
:10574000E0727B6ADA65334B9B6D03F460027B6A1F
:10575000C3F8A8202F4B9B6D03F0E0627B6AC3F86F
:10576000AC202C4B1B6F03F440727B6AC3F8B4204F
:10577000284B5B6D03F440127B6AC3F88820254BED
:10578000DB6C03F480327B6A1A65224B5B6D03F499
:1057900040727B6AC3F880201E4B1B6903F4804271
:1057A0007B6AC3F8B8201B4B9B6D03F440327B6AC5
:1057B000C3F8A420174B1B6D03F000427B6A5A67A5
:1057C000144B1B6D03F080727B6ADA66114B1B6D04
:1057D00003F440127B6A9A660E4B1B6D03F4E042A1
:1057E0007B6A1A660B4B1B6D03F4E0227B6A5A66D8
:1057F000084B9B6D03F0E0427B6AC3F8B020054B79
:105800001B6D03F040527B6A1A67024B5B6D03E02D
:10581000F7F1FFC90044025803F440027B6AC3F861
:105820008C20144BDB6C03F003027B6A9A64114BEF
:10583000DB6C03F030027B6ADA640E4BDB6C03F046
:1058400040527B6A5A650B4B1B6903F40043002BE3
:1058500004D17B6A0022C3F8BC2004E07B6A4FF4C9
:105860000042C3F8BC2000BF2C37BD46BDE8B00FD6
:10587000704700BF0044025880B590B000AFC7E940
:105880000001D7E90023A2F580710B4340F094801A
:105890009E4B1B6D03F007033B633B6B042B00F235
:1058A000878001A252F823F0BD581108E55811086D
:1058B0000D591108A959110835591108934B1B6846
:1058C00003F00073B3F1007F08D107F124031846F9
:1058D00001F026F8BB6AFB6300F045BD0023FB63C3
:1058E00000F041BD894B1B6803F00063B3F1006F0A
:1058F00008D107F11803184600F06AFDBB69FB6385
:1059000000F031BD0023FB6300F02DBD7F4B1B6811
:1059100003F00053B3F1005F08D107F10C03184600
:1059200000F0AAFEFB68FB6300F01DBD0023FB63D3
:1059300000F019BD754BDB6C03F040537B63734B78
:105940001B6803F00403042B0CD17B6B002B09D1E3
:105950006E4B1B68DB0803F003036D4A22FA03F366
:10596000FB631FE0694B1B6803F48073B3F5807F12
:1059700006D17B6BB3F1805F02D1664BFB6311E014
:10598000624B1B6803F40033B3F5003F06D17B6B19
:10599000B3F1005F02D1604BFB6303E00023FB63C4
:1059A00000F0E1BC00F0DFBC5C4BFB6300F0DBBC53
:1059B0000023FB6300F0D7BCD7E90023A2F50071F8
:1059C0000B4340F0AD80514B1B6D03F4E0733B6320
:1059D0003B6BB3F5807F56D03B6BB3F5807F00F215
:1059E00090803B6BC02B00F088803B6BC02B00F29B
:1059F00088803B6B802B32D03B6B802B00F2818008
:105A00003B6B002B03D03B6B402B14D079E03F4B1A
:105A10001B6803F00073B3F1007F08D107F1240382
:105A2000184600F07DFFBB6AFB6300F09CBC0023BE
:105A3000FB6300F098BC354B1B6803F00063B3F1C7
:105A4000006F08D107F11803184600F0C1FCBB69CC
:105A5000FB6300F088BC0023FB6300F084BC2B4B8D
:105A60001B6803F00053B3F1005F08D107F10C038A
:105A7000184600F001FEFB68FB6300F074BC0023D5
:105A8000FB6300F070BC214BDB6C03F040537B6385
:105A90001E4B1B6803F00403042B0CD17B6B002B03
:105AA00009D11A4B1B68DB0803F00303184A22FADA
:105AB00003F3FB631FE0154B1B6803F48073B3F51E
:105AC000807F06D17B6BB3F1805F02D1114BFB630A
:105AD00011E00E4B1B6803F40033B3F5003F06D111
:105AE0007B6BB3F1005F02D10B4BFB6303E0002340
:105AF000FB6300F038BC00F036BC084BFB6300F0E1
:105B000032BC0023FB6300F02EBC00BF00440258EF
:105B10000090D00300093D0040787D010080BB006B
:105B2000D7E90023A2F580610B4340F09C809E4B97
:105B30009B6D03F460033B633B6BB3F5000F54D0E4
:105B40003B6BB3F5000F00F28B803B6BB3F5C00FDE
:105B500000F083803B6BB3F5C00F00F281803B6B9C
:105B6000B3F5800F2FD03B6BB3F5800F78D83B6B2C
:105B7000002B04D03B6BB3F5001F12D070E08A4BB2
:105B80001B6803F00073B3F1007F07D107F1240312
:105B9000184600F0C5FEBB6AFB63E4E30023FB6329
:105BA000E1E3814B1B6803F00063B3F1006F07D1A1
:105BB00007F11803184600F00BFCBB69FB63D2E346
:105BC0000023FB63CFE3784B1B6803F00053B3F172
:105BD000005F07D107F10C03184600F04DFDFB688C
:105BE000FB63C0E30023FB63BDE36F4BDB6C03F09F
:105BF00040537B636C4B1B6803F00403042B0CD1F4
:105C00007B6B002B09D1684B1B68DB0803F0030397
:105C1000664A22FA03F3FB631EE0634B1B6803F43E
:105C20008073B3F5807F06D17B6BB3F1805F02D1C7
:105C30005F4BFB6310E05C4B1B6803F40033B3F570
:105C4000003F06D17B6BB3F1005F02D1594BFB6380
:105C500002E00023FB6386E385E3574BFB6382E3AB
:105C60000023FB637FE3D7E90023A2F500610B4328
:105C700040F0A7804C4B9B6D03F0E0633B633B6BB4
:105C8000B3F1806F55D03B6BB3F1806F00F296801B
:105C90003B6BB3F1407F00F084803B6BB3F1407FFE
:105CA00000F28C803B6BB3F1007F30D03B6BB3F1E3
:105CB000007F00F283803B6B002B04D03B6BB3F181
:105CC000807F12D07AE0384B1B6803F00073B3F189
:105CD000007F07D107F12403184600F021FEBB6ABC
:105CE000FB6340E30023FB633DE32F4B1B6803F0A2
:105CF0000063B3F1006F07D107F11803184600F0F5
:105D000067FBBB69FB632EE30023FB632BE3264B9E
:105D10001B6803F00053B3F1005F07D107F10C03D8
:105D2000184600F0A9FCFB68FB631CE30023FB633F
:105D300019E31D4BDB6C03F040537B631A4B1B686C
:105D400003F00403042B0CD17B6B002B09D1164B01
:105D50001B68DB0803F00303144A22FA03F3FB6316
:105D60001EE0114B1B6803F48073B3F5807F06D1EE
:105D70007B6BB3F1805F02D10D4BFB6310E00A4BEC
:105D80001B6803F40033B3F5003F06D17B6BB3F11E
:105D9000005F02D1074BFB6302E00023FB63E2E2FA
:105DA000E1E2054BFB63DEE2004402580090D003C1
:105DB00000093D0040787D010080BB000023FB63AB
:105DC000D1E2D7E90023A2F580510B4340F09C803B
:105DD000934B1B6D03F4E043BB63BB6BB3F5804F88
:105DE00054D0BB6BB3F5804F00F28B80BB6BB3F527
:105DF000405F00F08380BB6BB3F5405F00F28180B1
:105E0000BB6BB3F5005F2FD0BB6BB3F5005F78D8E9
:105E1000BB6B002B04D0BB6BB3F5805F12D070E07E
:105E20007F4B1B6803F00073B3F1007F07D107F1CC
:105E30002403184600F074FDBB6AFB6393E2002361
:105E4000FB6390E2764B1B6803F00063B3F1006FD5
:105E500007D107F11803184600F0BAFABB69FB63D3
:105E600081E20023FB637EE26D4B1B6803F000536D
:105E7000B3F1005F07D107F10C03184600F0FCFBFB
:105E8000FB68FB636FE20023FB636CE2644BDB6C3B
:105E900003F040537B63624B1B6803F00403042B45
:105EA0000CD17B6B002B09D15D4B1B68DB0803F029
:105EB00003035C4A22FA03F3FB631EE0584B1B68A2
:105EC00003F48073B3F5807F06D17B6BB3F1805F01
:105ED00002D1554BFB6310E0514B1B6803F40033B8
:105EE000B3F5003F06D17B6BB3F1005F02D14F4B9E
:105EF000FB6302E00023FB6335E234E24C4BFB63BF
:105F000031E20023FB632EE2D7E90023A2F5005122
:105F10000B4340F08F80424B1B6D03F4E023BB63C7
:105F2000BB6BB3F5A02F6BD0BB6BB3F5A02F74D8B0
:105F3000BB6BB3F5802F56D0BB6BB3F5802F6CD8FD
:105F4000BB6BB3F5403F3BD0BB6BB3F5403F64D870
:105F5000BB6BB3F5003F21D0BB6BB3F5003F5CD802
:105F6000BB6B002B04D0BB6BB3F5803F04D054E077
:105F7000FDF76EFFF863F6E1294B1B6803F0006341
:105F8000B3F1006F07D107F11803184600F020FAAB
:105F9000FB69FB63E7E10023FB63E4E1204B1B6843
:105FA00003F00053B3F1005F07D107F10C0318466B
:105FB00000F062FB3B69FB63D5E10023FB63D2E1A8
:105FC000174B1B6803F00403042B09D1144B1B6807
:105FD000DB0803F00303134A22FA03F3FB63C2E175
:105FE0000023FB63BFE10E4B1B6803F48073B3F522
:105FF000807F02D10C4BFB63B5E10023FB63B2E170
:10600000074B1B6803F40033B3F5003F02D1074B85
:10601000FB63A8E10023FB63A5E10023FB63A2E18E
:10602000004402580090D00300093D0040787D01F3
:106030000080BB00D7E90023A2F500210B4373D1F8
:106040009C4B9B6D03F44033BB63BB6BB3F5003FCC
:106050002FD0BB6BB3F5003F63D8BB6B002B04D0D4
:10606000BB6BB3F5803F12D05BE0924B1B6803F033
:106070000063B3F1006F07D107F11803184600F071
:10608000A7F9BB69FB636EE10023FB636BE1894BFE
:106090001B6803F00053B3F1005F07D107F10C0355
:1060A000184600F0E9FA7B69FB635CE10023FB63BF
:1060B00059E1804BDB6C03F040537B637D4B1B68E5
:1060C00003F00403042B0CD17B6B002B09D1794B1B
:1060D0001B68DB0803F00303774A22FA03F3FB6330
:1060E0001EE0744B1B6803F48073B3F5807F06D108
:1060F0007B6BB3F1805F02D1704BFB6310E06D4BA3
:106100001B6803F40033B3F5003F06D17B6BB3F19A
:10611000005F02D16A4BFB6302E00023FB6322E1D4
:1061200021E10023FB631EE1D7E90023A2F58031C2
:106130000B4333D15F4BDB6C03F48033BB63BB6B2E
:10614000002B04D0BB6BB3F5803F12D023E0594B3A
:106150001B6803F00073B3F1007F07D107F124033C
:10616000184600F0DDFBBB6AFB63FCE00023FB6329
:10617000F9E0504B1B6803F00063B3F1006F07D1E7
:1061800007F11803184600F023F93B6AFB63EAE0C5
:106190000023FB63E7E00023FB63E4E0D7E900238F
:1061A000A2F580410B4340F08D80424B9B6D03F084
:1061B000E043BB63BB6BB3F1A04F6BD0BB6BB3F1E0
:1061C000A04F74D8BB6BB3F1804F56D0BB6BB3F10B
:1061D000804F6CD8BB6BB3F1405F3BD0BB6BB3F16E
:1061E000405F64D8BB6BB3F1005F21D0BB6BB3F1F0
:1061F000005F5CD8BB6B002B04D0BB6BB3F1805F3E
:1062000004D054E000F0CEF8F863ACE0294B1B68F2
:1062100003F00063B3F1006F07D107F118031846CC
:1062200000F0D6F8FB69FB639DE00023FB639AE076
:10623000204B1B6803F00053B3F1005F07D107F157
:106240000C03184600F018FA3B69FB638BE000234F
:10625000FB6388E0174B1B6803F00403042B09D190
:10626000144B1B68DB0803F00303134A22FA03F301
:10627000FB6378E00023FB6375E00E4B1B6803F4BF
:106280008073B3F5807F02D10C4BFB636BE000237E
:10629000FB6368E0074B1B6803F40033B3F5003F72
:1062A00002D1074BFB635EE00023FB635BE000234E
:1062B000FB6358E0004402580090D00300093D0001
:1062C00040787D01D7E90023A2F500410B4348D176
:1062D000274B1B6D03F04053BB63BB6BB3F1005FF7
:1062E0002AD0BB6BB3F1005F38D8BB6B002B04D056
:1062F000BB6BB3F1805F0DD030E01D4B1B6803F426
:106300000033B3F5003F02D11A4BFB632BE00023AF
:10631000FB6328E0164B1B6803F00073B3F1007FAA
:1063200007D107F12403184600F0FAFABB6AFB63B1
:1063300019E00023FB6316E00D4B1B6803F00063BC
:10634000B3F1006F07D107F11803184600F040F8C9
:10635000FB69FB6307E00023FB6304E00023FB63AE
:1063600001E00023FB63FB6B18464037BD4680BD50
:106370000044025840787D0180B500AFFDF736FD3E
:106380000246064B9B691B0903F007030449CB5CDB
:1063900003F01F0322FA03F3184680BD004402589D
:1063A000D848120880B500AFFDF720FD0246064B25
:1063B0001B6A1B0903F007030449CB5C03F01F03AE
:1063C00022FA03F3184680BD00440258D848120848
:1063D00080B489B000AF7860A14B9B6A03F00303DF
:1063E000BB619F4B9B6A1B0B03F03F037B619C4B84
:1063F000DB6A1B0903F001033B61994BDB6BDB0894
:10640000C3F30C033A6902FB03F307EE903AF8EE8C
:10641000677AC7ED037A7B69002B00F01181BB69B5
:10642000022B00F08380BB69022B00F2A180BB69C4
:10643000002B03D0BB69012B56D099E0884B1B6819
:1064400003F02003002B2DD0854B1B68DB0803F0E5
:106450000303844A22FA03F3BB60BB6807EE903A59
:10646000F8EE676A7B6907EE903AF8EE677A86EE97
:10647000A77A7B4B9B6BC3F3080307EE903AF8EEC9
:10648000676A97ED036ADFED785AC6EE257A76EEF5
:10649000A77AF7EE006A77EEA67A67EE277AC7ED5D
:1064A000077A87E07B6907EE903AF8EE677ADFEDCE
:1064B0006F6A86EEA77A6A4B9B6BC3F3080307EEFD
:1064C000903AF8EE676A97ED036ADFED675AC6EE19
:1064D000257A76EEA77AF7EE006A77EEA67A67EE6F
:1064E000277AC7ED077A65E07B6907EE903AF8EE08
:1064F000677ADFED5F6A86EEA77A594B9B6BC3F331
:10650000080307EE903AF8EE676A97ED036ADFED4D
:10651000565AC6EE257A76EEA77AF7EE006A77EE3F
:10652000A67A67EE277AC7ED077A43E07B6907EE24
:10653000903AF8EE677ADFED4F6A86EEA77A484B1D
:106540009B6BC3F3080307EE903AF8EE676A97ED8A
:10655000036ADFED455AC6EE257A76EEA77AF7EEA6
:10656000006A77EEA67A67EE277AC7ED077A21E010
:106570007B6907EE903AF8EE677ADFED3D6A86EECA
:10658000A77A374B9B6BC3F3080307EE903AF8EEFC
:10659000676A97ED036ADFED345AC6EE257A76EE28
:1065A000A77AF7EE006A77EEA67A67EE277AC7ED4C
:1065B000077A00BF2A4B9B6B5B0A03F07F0307EE51
:1065C000903AF8EE677AB7EE007A37EE877AD7ED31
:1065D000076AC6EE877AFCEEE77A17EE902A7B68A8
:1065E0001A601F4B9B6B1B0C03F07F0307EE903A66
:1065F000F8EE677AB7EE007A37EE877AD7ED076A5A
:10660000C6EE877AFCEEE77A17EE902A7B685A602E
:10661000134B9B6B1B0E03F07F0307EE903AF8EED3
:10662000677AB7EE007A37EE877AD7ED076AC6EE5B
:10663000877AFCEEE77A17EE902A7B689A6008E08A
:106640007B6800221A607B6800225A607B68002207
:106650009A6000BF2437BD465DF8047B704700BFD9
:10666000004402580090D003000000460024744CFF
:106670000024744A20BCBE4B80B489B000AF78605F
:10668000A14B9B6A03F00303BB619F4B9B6A1B0DED
:1066900003F03F037B619C4BDB6A1B0A03F00103A1
:1066A0003B61994B5B6CDB08C3F30C033A6902FB5B
:1066B00003F307EE903AF8EE677AC7ED037A7B6949
:1066C000002B00F01181BB69022B00F08380BB69B5
:1066D000022B00F2A180BB69002B03D0BB69012B08
:1066E00056D099E0884B1B6803F02003002B2DD077
:1066F000854B1B68DB0803F00303844A22FA03F38B
:10670000BB60BB6807EE903AF8EE676A7B6907EEFC
:10671000903AF8EE677A86EEA77A7B4B1B6CC3F350
:10672000080307EE903AF8EE676A97ED036ADFED2B
:10673000785AC6EE257A76EEA77AF7EE006A77EEFB
:10674000A67A67EE277AC7ED077A87E07B6907EEBE
:10675000903AF8EE677ADFED6F6A86EEA77A6A4BB9
:106760001B6CC3F3080307EE903AF8EE676A97EDE7
:10677000036ADFED675AC6EE257A76EEA77AF7EE62
:10678000006A77EEA67A67EE277AC7ED077A65E0AA
:106790007B6907EE903AF8EE677ADFED5F6A86EE86
:1067A000A77A594B1B6CC3F3080307EE903AF8EE37
:1067B000676A97ED036ADFED565AC6EE257A76EEE4
:1067C000A77AF7EE006A77EEA67A67EE277AC7ED2A
:1067D000077A43E07B6907EE903AF8EE677ADFEDDF
:1067E0004F6A86EEA77A484B1B6CC3F3080307EE8B
:1067F000903AF8EE676A97ED036ADFED455AC6EE08
:10680000257A76EEA77AF7EE006A77EEA67A67EE3B
:10681000277AC7ED077A21E07B6907EE903AF8EE18
:10682000677ADFED3D6A86EEA77A374B1B6CC3F3C0
:10683000080307EE903AF8EE676A97ED036ADFED1A
:10684000345AC6EE257A76EEA77AF7EE006A77EE2E
:10685000A67A67EE277AC7ED077A00BF2A4B1B6C32
:106860005B0A03F07F0307EE903AF8EE677AB7EE23
:10687000007A37EE877AD7ED076AC6EE877AFCEEA4
:10688000E77A17EE902A7B681A601F4B1B6C1B0C73
:1068900003F07F0307EE903AF8EE677AB7EE007ADE
:1068A00037EE877AD7ED076AC6EE877AFCEEE77A8D
:1068B00017EE902A7B685A60134B1B6C1B0E03F07B
:1068C0007F0307EE903AF8EE677AB7EE007A37EE7C
:1068D000877AD7ED076AC6EE877AFCEEE77A17EE7D
:1068E000902A7B689A6008E07B6800221A607B68C7
:1068F00000225A607B6800229A6000BF2437BD46A0
:106900005DF8047B704700BF004402580090D0033C
:10691000000000460024744C0024744A20BCBE4B86
:1069200080B489B000AF7860A04B9B6A03F003038A
:10693000BB619E4B9B6A1B0903F03F037B619B4B32
:10694000DB6A03F001033B61984B5B6BDB08C3F32D
:106950000C033A6902FB03F307EE903AF8EE677A0C
:10696000C7ED037A7B69002B00F01181BB69022B14
:1069700000F08380BB69022B00F2A180BB69002B71
:1069800003D0BB69012B56D099E0884B1B6803F0FC
:106990002003002B2DD0854B1B68DB0803F003037D
:1069A000834A22FA03F3BB60BB6807EE903AF8EE25
:1069B000676A7B6907EE903AF8EE677A86EEA77A07
:1069C0007A4B1B6BC3F3080307EE903AF8EE676A45
:1069D00097ED036ADFED775AC6EE257A76EEA77A51
:1069E000F7EE006A77EEA67A67EE277AC7ED077AA8
:1069F00087E07B6907EE903AF8EE677ADFED6E6A22
:106A000086EEA77A694B1B6BC3F3080307EE903A37
:106A1000F8EE676A97ED036ADFED665AC6EE257AEF
:106A200076EEA77AF7EE006A77EEA67A67EE277A17
:106A3000C7ED077A65E07B6907EE903AF8EE677A72
:106A4000DFED5E6A86EEA77A584B1B6BC3F3080333
:106A500007EE903AF8EE676A97ED036ADFED555A54
:106A6000C6EE257A76EEA77AF7EE006A77EEA67A7A
:106A700067EE277AC7ED077A43E07B6907EE903A25
:106A8000F8EE677ADFED4E6A86EEA77A474B1B6B0E
:106A9000C3F3080307EE903AF8EE676A97ED036ACE
:106AA000DFED445AC6EE257A76EEA77AF7EE006A55
:106AB00077EEA67A67EE277AC7ED077A21E07B6941
:106AC00007EE903AF8EE677ADFED3B6A86EEA77A3A
:106AD000364B1B6BC3F3080307EE903AF8EE676A78
:106AE00097ED036ADFED335AC6EE257A76EEA77A84
:106AF000F7EE006A77EEA67A67EE277AC7ED077A97
:106B000000BF2A4B1B6B5B0A03F07F0307EE903A32
:106B1000F8EE677AB7EE007A37EE877AD7ED076A34
:106B2000C6EE877AFCEEE77A17EE902A7B681A6049
:106B30001E4B1B6B1B0C03F07F0307EE903AF8EE25
:106B4000677AB7EE007A37EE877AD7ED076AC6EE36
:106B5000877AFCEEE77A17EE902A7B685A60134B2F
:106B60001B6B1B0E03F07F0307EE903AF8EE677A7B
:106B7000B7EE007A37EE877AD7ED076AC6EE877AE6
:106B8000FCEEE77A17EE902A7B689A6008E07B6853
:106B900000221A607B6800225A607B6800229A609B
:106BA00000BF2437BD465DF8047B7047004402589F
:106BB0000090D003000000460024744C0024744A66
:106BC00020BCBE4B80B582B000AFFCF795FF0246FB
:106BD000104B9B691B0A03F00F030F49CB5C03F0BA
:106BE0001F0322FA03F37B600A4B9B6903F00F0338
:106BF000094AD35C03F01F037A6822FA03F3074AB9
:106C00001360064B1B68064A13607B6818460837FA
:106C1000BD4680BD00440258D84812080400003028
:106C20000000003080B400AF054B1B6F044A43F0F6
:106C30002003136700BFBD465DF8047B704700BFAB
:106C40000044025880B400AF084B1B6F074A23F082
:106C500020031367054B1B6E044A23F4007313666D
:106C600000BFBD465DF8047B704700BF004402587A
:106C700080B400AF114B1B6F104A43F02003136721
:106C80000E4B1B6E0D4A43F4007313664FF0B04376
:106C9000D3F8C0304FF0B04243F48023C2F8C03084
:106CA0004FF0B0431B684FF0B04243F480231360B1
:106CB00000BFBD465DF8047B704700BF004402582A
:106CC00080B483B000AF7860064B1B6923F04002AC
:106CD00004497B6813430B6100BF0C37BD465DF868
:106CE000047B70470044025880B483B000AF7860E2
:106CF000064B1B6923F0800204497B6813430B6138
:106D000000BF0C37BD465DF8047B70470044025855
:106D100080B483B000AF7860064BD3F8A02005495B
:106D20007B681343C1F8A03000BF0C37BD465DF847
:106D3000047B70470044025880B483B000AF786091
:106D4000064BD3F8A02005497B681343C1F8A03057
:106D500000BF0C37BD465DF8047B70470044025805
:106D600080B584B000AF7860264BD3F89430254AC4
:106D700043F00203C2F89430224BD3F89430214AF6
:106D800023F00203C2F89430EFF710F9034641F202
:106D9000030293420BD87B685B68B3F1405F06D176
:106DA0007B681A687B689B681343FB6008E07B681C
:106DB0001A687B685B681A437B689B681343FB60B7
:106DC0007B68DB68FA681343FB607B681B691B0404
:106DD000FA681343FB600C4AFB6853600A4B1B685C
:106DE00023F47C527B685B691B02074913430B60E9
:106DF000054B1B68044A43F06003136000BF103763
:106E0000BD4680BD004402580084004080B400AFFD
:106E1000054B1B68044A43F08003136000BFBD4666
:106E20005DF8047B704700BF0084004080B483B0ED
:106E300000AF78600E4B5B689AB27B681A600C4BAF
:106E40001B681B0A03F03F027B685A60084B9B6873
:106E50001B0C9AB27B689A60054B9B6803F4004256
:106E60007B68DA6000BF0C37BD465DF8047B704775
:106E70000084004080B584B000AF78600023FB60E0
:106E8000EEF7FAFFB8607B68B3F1FF3F0CD0EEF786
:106E9000F3FF0246BB68D31A7A689A4202D37B6832
:106EA000002B01D10123FB602A4B9B6803F00103F7
:106EB000012B06D1FB6843F00203FB60254B012246
:106EC000DA60244B9B6803F00203022B06D1FB68B7
:106ED00043F00403FB601F4B0222DA601D4B9B68EA
:106EE00003F48063B3F5806F06D1FB6843F02003A1
:106EF000FB60184B0422DA60164B9B6803F4807326
:106F0000B3F5807F06D1FB6843F00803FB60114BAB
:106F10000422DA600F4B9B6803F40073B3F5007F23
:106F200006D1FB6843F01003FB600A4B0422DA60D1
:106F3000084B9B6803F00803082B02D1054B08227D
:106F4000DA60FB68002B9ED0FB6818461037BD4600
:106F500080BD00BF0084004080B584B000AF002336
:106F6000FB60334B9B68BB60314B1B687B60BB682D
:106F700003F00103002B0AD07B6803F00103002B10
:106F800005D02B4B0122DA6000F054F84BE0BB68CF
:106F900003F00203002B0AD07B6803F00203002BEE
:106FA00005D0234B0222DA6000F04BF83BE0BB68CF
:106FB00003F00803002B0AD07B6803F00803002BC2
:106FC00005D01B4B0822DA6000F042F82BE0BB68CA
:106FD00003F00403002B26D07B6803F00403002B8E
:106FE00021D0BB6803F48073002B03D0FB6843F00F
:106FF0000803FB60BB6803F40073002B03D0FB683D
:1070000043F01003FB60BB6803F48063002B03D0E4
:10701000FB6843F02003FB60054B0422DA60F8684C
:1070200000F01DF8FFE700BF1037BD4680BD00BF70
:107030000084004080B400AF00BFBD465DF8047B13
:10704000704780B400AF00BFBD465DF8047B704759
:1070500080B400AF00BFBD465DF8047B704780B4CC
:1070600083B000AF786000BF0C37BD465DF8047B8D
:10707000704780B584B000AF786039600023FB733F
:10708000534B9B6A03F00303032B01D101239BE0C5
:107090004F4B1B684E4A23F080631360EEF7ECFE03
:1070A000B86008E0EEF7E8FE0246BB68D31A022B90
:1070B00001D9032388E0464B1B6803F00063002BD3
:1070C000F0D1434B9B6A23F47C327B681B681B0323
:1070D0003F4913438B627B685B68013BC3F3080243
:1070E0007B689B68013B5B029BB21A437B68DB6851
:1070F000013B1B0403F4FE031A437B681B69013B3D
:107100001B0603F0FE43324913438B63304BDB6AAB
:1071100023F0C0027B685B692D491343CB622C4B83
:10712000DB6A23F020027B689B6929491343CB6209
:10713000274BDB6A264A23F01003D362244BDB6B18
:1071400023F47F4323F0F8037A68D269D200204900
:107150001343CB631E4BDB6A1D4A43F01003D3621B
:107160003B68002B06D11A4BDB6A194A43F4002313
:10717000D3620FE03B68012B06D1154BDB6A144A42
:1071800043F48013D36205E0114BDB6A104A43F4E9
:107190000013D3620E4B1B680D4A43F080631360EB
:1071A000EEF76AFEB86008E0EEF766FE0246BB68DE
:1071B000D31A022B01D9032306E0054B1B6803F009
:1071C0000063002BF0D0FB7B18461037BD4680BD16
:1071D0000044025880B584B000AF78603960002365
:1071E000FB73544B9B6A03F00303032B01D1012370
:1071F0009BE0504B1B684F4A23F080531360EEF71F
:107200003BFEB86008E0EEF737FE0246BB68D31AD3
:10721000022B01D9032388E0464B1B6803F000537F
:10722000002BF0D1434B9B6A23F07C727B681B6878
:107230001B05404913438B627B685B68013BC3F3CA
:1072400008027B689B68013B5B029BB21A437B6828
:10725000DB68013B1B0403F4FE031A437B681B69D4
:10726000013B1B0603F0FE43324913430B64314BD1
:10727000DB6A23F440627B685B692E491343CB626F
:107280002C4BDB6A23F400727B689B69294913430A
:10729000CB62284BDB6A274A23F48073D362254BE9
:1072A0005B6C23F47F4323F0F8037A68D269D20041
:1072B000204913434B641F4BDB6A1E4A43F480731F
:1072C000D3623B68002B06D11A4BDB6A194A43F4A0
:1072D0008003D3620FE03B68012B06D1154BDB6ABC
:1072E000144A43F40003D36205E0124BDB6A114AEF
:1072F00043F08073D3620F4B1B680E4A43F08053F8
:107300001360EEF7B9FDB86008E0EEF7B5FD024690
:10731000BB68D31A022B01D9032306E0054B1B6877
:1073200003F00053002BF0D0FB7B18461037BD460E
:1073300080BD00BF0044025880B500AF074B5B6EB4
:1073400003F40073B3F5007F05D1044B4FF40072D2
:107350009A6600F005F800BF80BD00BF00440258E7
:1073600080B400AF00BFBD465DF8047B704700BF2E
:1073700080B582B000AF78607B68002B01D101231B
:1073800042E07B68D3F88830002B06D17B6800226E
:1073900083F88420786800F0AEF97B682422C3F873
:1073A00088207B681B681A687B681B6822F00102D2
:1073B0001A607B689B6A002B02D0786802F0F8FEA6
:1073C000786802F08DF90346012B01D101231BE0FF
:1073D0007B681B685A687B681B6822F490425A607D
:1073E0007B681B689A687B681B6822F02A029A6097
:1073F0007B681B681A687B681B6842F001021A6090
:10740000786802F077FF034618460837BD4680BD0E
:1074100080B582B000AF78607B68002B01D101237A
:107420004AE07B68D3F88830002B06D17B680022C5
:1074300083F88420786800F05EF97B682422C3F822
:1074400088207B681B681A687B681B6822F0010231
:107450001A607B689B6A002B02D0786802F0A8FE55
:10746000786802F03DF90346012B01D1012323E0A6
:107470007B681B685A687B681B6822F490425A60DC
:107480007B681B689A687B681B6822F022029A60FE
:107490007B681B689A687B681B6842F008029A60E8
:1074A0007B681B681A687B681B6842F001021A60DF
:1074B000786802F01FFF034618460837BD4680BDB6
:1074C00080B582B000AF786039607B68002B01D155
:1074D000012361E07B68DB69B3F5004F01D1012333
:1074E0005AE07B689B68002B01D0012354E07B6845
:1074F000D3F88830002B06D17B68002283F88420E3
:10750000786800F0F8F87B682422C3F888207B684C
:107510001B681A687B681B6822F001021A607B688E
:107520009B6A002B02D0786802F042FE786802F075
:10753000D7F80346012B01D101232DE07B681B689E
:107540005A687B681B6822F400625A607B681B687B
:107550009A687B681B6822F02A029A607B681B6825
:107560005A687B681B6842F480425A607B681B68DB
:107570005B6823F020017B681B683A680A435A6005
:107580007B681B681A687B681B6842F001021A60FE
:10759000786802F0AFFE034618460837BD4680BD46
:1075A00080B584B000AFF8600B467A60FB72FB6870
:1075B000002B01D101235BE0FB68D3F88830002B5E
:1075C00006D1FB68002283F88420F86800F093F865
:1075D000FB682422C3F88820FB681B681A68FB68D4
:1075E0001B6822F001021A60FB689B6A002B02D024
:1075F000F86802F0DDFDF86802F072F80346012B2E
:1076000001D1012334E0FB681B685A68FB681B68E2
:1076100022F490425A60FB681B689A68FB681B68FA
:1076200022F02A029A607B68B3F5006F0AD1FB68EA
:107630001B685B6823F07F41FB7A1A06FB681B68B6
:107640000A435A60FB681B681B6823F40061FB68EF
:107650001B687A680A431A60FB681B681A68FB6833
:107660001B6842F001021A60F86802F043FE03460C
:1076700018461037BD4680BD80B582B000AF786037
:107680007B68002B01D1012331E07B682422C3F801
:1076900088207B681B681A687B681B6822F00102DF
:1076A0001A607B681B6800221A607B681B680022D6
:1076B0005A607B681B6800229A60786800F025F8A1
:1076C0007B680022C3F890207B680022C3F88820E2
:1076D0007B680022C3F88C207B680022DA667B6816
:1076E00000221A677B68002283F884200023184652
:1076F0000837BD4680BD80B483B000AF786000BF5E
:107700000C37BD465DF8047B704780B483B000AF92
:10771000786000BF0C37BD465DF8047B704780B5CC
:107720008AB002AFF860B9603B601346FB80FB682B
:10773000D3F88830202B7BD1BB68002B02D0FB888C
:10774000002B01D1012374E0FB680022C3F89020D4
:10775000FB682122C3F88820EEF78EFB7861FB6876
:10776000FA88A3F85420FB68FA88A3F85620FB682F
:107770009B68B3F5805F08D1FB681B69002B04D1BF
:107780000023FB61BB68BB6103E0BB68FB610023B6
:10779000BB6130E03B6800937B6900228021F86880
:1077A00002F052FE0346002B05D0FB682022C3F8EE
:1077B000882003233DE0FB69002B0BD1BB691B88AC
:1077C0001A46FB681B68C2F308029A62BB6902335F
:1077D000BB6107E0FB691A78FB681B689A62FB696A
:1077E0000133FB61FB68B3F856309BB2013B9AB2A0
:1077F000FB68A3F85620FB68B3F856309BB2002B09
:10780000C8D13B6800937B6900224021F86802F0F0
:107810001BFE0346002B05D0FB682022C3F88820FE
:10782000032306E0FB682022C3F88820002300E041
:10783000022318462037BD4680BD80B58AB002AF0E
:10784000F860B9603B601346FB80FB68D3F88C306E
:10785000202B40F0B580BB68002B02D0FB88002BAA
:1078600001D10123ADE0FB680022C3F89020FB6842
:107870002222C3F88C20FB680022DA66EEF7FCFABD
:107880007861FB68FA88A3F85C20FB68FA88A3F8A3
:107890005E20FB689B68B3F5805F0ED1FB681B69B7
:1078A000002B05D1FB6840F2FF12A3F860202DE009
:1078B000FB68FF22A3F8602028E0FB689B68002B90
:1078C0000DD1FB681B69002B04D1FB68FF22A3F8D4
:1078D00060201BE0FB687F22A3F8602016E0FB68B5
:1078E0009B68B3F1805F0DD1FB681B69002B04D14D
:1078F000FB687F22A3F8602008E0FB683F22A3F822
:10790000602003E0FB680022A3F86020FB68B3F866
:1079100060307B82FB689B68B3F5805F08D1FB68B1
:107920001B69002B04D10023FB61BB68BB6103E032
:10793000BB68FB610023BB6136E03B6800937B6959
:1079400000222021F86802F07FFD0346002B05D0BD
:10795000FB682022C3F88C20032332E0FB69002B54
:107960000CD1FB681B685B6A9AB27B8A13409AB29F
:10797000BB691A80BB690233BB610CE0FB681B6802
:107980005B6ADAB27B8ADBB21340DAB2FB691A7047
:10799000FB690133FB61FB68B3F85E309BB2013BCE
:1079A0009AB2FB68A3F85E20FB68B3F85E309BB226
:1079B000002BC2D1FB682022C3F88C20002300E0FA
:1079C000022318462037BD4680BD80B491B000AF79
:1079D000F860B9601346FB80FB68D3F88830202B31
:1079E00078D1BB68002B02D0FB88002B01D101238A
:1079F00071E0FB68BA681A65FB68FA88A3F854203E
:107A0000FB68FA88A3F85620FB6800229A67FB6897
:107A10000022C3F89020FB682122C3F88820FB686D
:107A20005B6EB3F1005F2AD1FB689B68B3F5805FA2
:107A300007D1FB681B69002B03D1FB68294A9A67B1
:107A400002E0FB68284A9A67FB681B680833BB6240
:107A5000BB6A53E8003F7B627B6A43F40003BB636D
:107A6000FB681B680833BA6B7A633B63396B7A6BCC
:107A700041E80023FB62FB6A002BE5D128E0FB68AC
:107A80009B68B3F5805F07D1FB681B69002B03D1AE
:107A9000FB68164A9A6702E0FB68154A9A67FB681A
:107AA0001B687B617B6953E8003F3B613B6943F0A6
:107AB0008003FB63FB681B681A46FB6B3B62FA6141
:107AC000F9693A6A41E80023BB61BB69002BE6D142
:107AD000002300E0022318464437BD465DF8047BCE
:107AE000704700BFB1B01108D1AF11080FAF110836
:107AF00057AE110880B58AB000AFF860B960134680
:107B0000FB80FB68D3F88C30202B37D1BB68002B6F
:107B100002D0FB88002B01D1012330E0FB6800225A
:107B2000DA66FB681B68184A93421FD0FB681B6823
:107B30005B6803F40003002B18D0FB681B687B61B3
:107B40007B6953E8003F3B613B6943F080637B62A4
:107B5000FB681B681A467B6A3B62FA61F9693A6AFC
:107B600041E80023BB61BB69002BE6D1FB881A46C4
:107B7000B968F86802F0D5FC034600E00223184615
:107B80002837BD4680BD00BF000C005880B58AB0C4
:107B900000AFF860B9601346FB80FB68D3F888300B
:107BA000202B67D1BB68002B02D0FB88002B01D1B2
:107BB000012360E0FB68BA681A65FB68FA88A3F8DD
:107BC0005420FB68FA88A3F85620FB680022C3F80B
:107BD0009020FB682122C3F88820FB68DB6F002B14
:107BE00028D0FB68DB6F264ADA63FB68DB6F254A27
:107BF0001A64FB68DB6F244ADA64FB68DB6F0022DF
:107C00001A65FB68D86FFB681B6D1946FB681B681B
:107C100028331A46FB88F0F75BF80346002B09D09F
:107C2000FB681022C3F89020FB682022C3F888204C
:107C3000012320E0FB681B6840221A62FB681B6876
:107C400008337B617B6953E8003F3B613B6943F04C
:107C500080037B62FB681B6808337A6A3A62FB61C7
:107C6000F9693A6A41E80023BB61BB69002BE5D1A1
:107C7000002300E0022318462837BD4680BD00BF20
:107C8000FFA9110895AA110817AC110880B58AB090
:107C900000AFF860B9601346FB80FB68D3F88C3006
:107CA000202B37D1BB68002B02D0FB88002B01D1E1
:107CB000012330E0FB680022DA66FB681B68184A83
:107CC00093421FD0FB681B685B6803F40003002B22
:107CD00018D0FB681B687B617B6953E8003F3B6100
:107CE0003B6943F080637B62FB681B681A467B6AD2
:107CF0003B62FA61F9693A6A41E80023BB61BB69FA
:107D0000002BE6D1FB881A46B968F86802F02AFD14
:107D1000034600E0022318462837BD4680BD00BF59
:107D2000000C005880B49DB000AF78607B68D3F839
:107D30008830FB667B68D3F88C30BB667B681B6839
:107D40009B6803F08003802B1CD1FB6E212B19D183
:107D50007B681B680833BB64BB6C53E8003F7B64E3
:107D60007B6C23F080037B667B681B6808337A6E2C
:107D70007A653B65396D7A6D41E80023FB64FB6CE5
:107D8000002BE5D17B681B689B6803F04003402B08
:107D90004FD1BB6E222B4CD17B681B687B637B6B06
:107DA00053E8003F3B633B6B23F480733B667B6887
:107DB0001B681A463B6E3B64FA63F96B3A6C41E808
:107DC0000023BB63BB6B002BE6D17B681B680833C9
:107DD0003B623B6A53E8003FFB61FB6923F0010310
:107DE000FB657B681B680833FA6DFA62BB62B96A8F
:107DF000FA6A41E800237B627B6A002BE5D17B684D
:107E00001B680833FB60FB6853E8003FBB60BB683E
:107E100023F04003BB657B681B680833BA6DBA6109
:107E20007B617969BA6941E800233B613B69002BBA
:107E3000E5D1002318467437BD465DF8047B7047D2
:107E400080B49BB000AF78607B68D3F88830212B7A
:107E500019D17B681B680833BB64BB6C53E8003FD7
:107E60007B647B6C43F080037B667B681B68083314
:107E70007A6E7A653B65396D7A6D41E80023FB6463
:107E8000FB6C002BE5D17B68D3F88C30222B54D1CE
:107E90007B681B6808221A627B681B69002B18D05C
:107EA0007B681B687B637B6B53E8003F3B633B6BEA
:107EB00043F480733B667B681B681A463B6E3B64E9
:107EC000FA63F96B3A6C41E80023BB63BB6B002B90
:107ED000E6D17B681B6808333B623B6A53E8003F8E
:107EE000FB61FB6943F00103FB657B681B6808339A
:107EF000FA6DFA62BB62B96AFA6A41E800237B62F2
:107F00007B6A002BE5D17B681B680833FB60FB684C
:107F100053E8003FBB60BB6843F04003BB657B6830
:107F20001B680833BA6DBA617B617969BA6941E847
:107F300000233B613B69002BE5D1002318466C37D9
:107F4000BD465DF8047B704780B590B000AF7860A7
:107F50007B68D3F88830FB637B68D3F88C30BB63D5
:107F60007B681B689B6803F08003802B39D1FB6B17
:107F7000212B36D17B681B6808333B623B6A53E890
:107F8000003FFB61FB6923F080037B637B681B6818
:107F900008337A6BFA62BB62B96AFA6A41E8002375
:107FA0007B627B6A002BE5D17B68DB6F002B15D0F1
:107FB0007B68DB6F1846F0F7F5F80346002B0DD011
:107FC0007B68DB6F1846F2F7F8F90346202B05D1E2
:107FD0007B681022C3F89020032347E0786802F002
:107FE00067FC7B681B689B6803F04003402B3CD117
:107FF000BB6B222B39D17B681B680833FB60FB68A5
:1080000053E8003FBB60BB6823F040033B637B68E1
:108010001B6808333A6BBA617B617969BA6941E8D8
:1080200000233B613B69002BE5D17B68D3F88030AE
:10803000002B17D07B68D3F880301846F0F7B2F8E1
:108040000346002B0ED07B68D3F880301846F2F739
:10805000B4F90346202B05D17B681022C3F8902089
:10806000032303E0786802F064FC002318464037DD
:10807000BD4680BD80B5A0B000AF78607B681B684E
:10808000FB65FB6D53E8003FBB65BB6D23F4F073EC
:10809000FB677B681B681A46FB6FBB667A66796E66
:1080A000BA6E41E800233B663B6E002BE6D17B684D
:1080B0001B680833BB64BB6C53E8003F7B647B6C7C
:1080C00023F0845323F00103BB677B681B680833EC
:1080D000BA6F7A653B65396D7A6D41E80023FB64C0
:1080E000FB6C002BE3D17B68DB6E012B18D17B6826
:1080F0001B687B637B6B53E8003F3B633B6B23F068
:1081000010037B677B681B681A467B6F3B64FA63CE
:10811000F96B3A6C41E80023BB63BB6B002BE6D1E3
:108120007B681B689B6803F08003802B37D17B68DA
:108130001B6808333B623B6A53E8003FFB61FB6905
:1081400023F080033B677B681B6808333A6FFA6251
:10815000BB62B96AFA6A41E800237B627B6A002B42
:10816000E5D17B68DB6F002B19D07B68DB6F0022C9
:108170001A657B68DB6F1846F0F714F80346002B8E
:108180000DD07B68DB6F1846F2F717F90346202BFA
:1081900005D17B681022C3F89020032373E07B682D
:1081A0001B689B6803F04003402B3BD17B681B6836
:1081B0000833FB60FB6853E8003FBB60BB6823F0FB
:1081C0004003FB667B681B680833FA6EBA617B610B
:1081D0007969BA6941E800233B613B69002BE5D12D
:1081E0007B68D3F88030002B1CD07B68D3F88030BC
:1081F00000221A657B68D3F880301846EFF7D2FF6B
:108200000346002B0ED07B68D3F880301846F2F777
:10821000D4F80346202B05D17B681022C3F89020A8
:10822000032330E07B680022A3F856207B680022FD
:10823000A3F85E207B681B680F221A627B685B6E66
:10824000B3F1005F07D17B681B689A697B681B6884
:1082500042F010029A617B681B689A697B681B6810
:1082600042F008029A617B682022C3F888207B686C
:108270002022C3F88C207B680022DA667B6800220B
:10828000C3F89020002318468037BD4680BD80B5D6
:1082900094B000AF78607B681B687B637B6B53E8AE
:1082A000003F3B633B6B23F0C003FB647B681B68B0
:1082B0001A46FB6C3B64FA63F96B3A6C41E80023A5
:1082C000BB63BB6B002BE6D17B681B6808333B624A
:1082D0003B6A53E8003FFB61FB6923F40003BB6486
:1082E0007B681B680833BA6CFA62BB62B96AFA6AC7
:1082F00041E800237B627B6A002BE5D17B681B6829
:108300009B6803F08003802B37D17B681B680833A0
:10831000FB60FB6853E8003FBB60BB6823F0800351
:108320007B647B681B6808337A6CBA617B6179690E
:10833000BA6941E800233B613B69002BE5D17B68CA
:10834000DB6F002B19D07B68DB6F00221A657B681E
:10835000DB6F1846EFF726FF0346002B0DD07B6836
:10836000DB6F1846F2F729F80346202B05D17B680E
:108370001022C3F89020032315E07B680022A3F8A5
:1083800056207B685B6EB3F1005F07D17B681B688A
:108390009A697B681B6842F010029A617B68202210
:1083A000C3F88820002318465037BD4680BD80B5ED
:1083B0009AB000AF78607B681B68BB64BB6C53E805
:1083C000003F7B647B6C23F490737B667B681B6847
:1083D0001A467B6E7B653A65396D7A6D41E80023FC
:1083E000FB64FB6C002BE6D17B681B6808337B6366
:1083F0007B6B53E8003F3B633B6B23F0805323F0E0
:1084000001033B667B681B6808333A6E3A64FB6382
:10841000F96B3A6C41E80023BB63BB6B002BE3D1E3
:108420007B68DB6E012B18D17B681B683B623B6A63
:1084300053E8003FFB61FB6923F01003FB657B6899
:108440001B681A46FB6DFB62BA62B96AFA6A41E8B8
:1084500000237B627B6A002BE6D17B681B689B68EC
:1084600003F04003402B3BD17B681B680833FB6063
:10847000FB6853E8003FBB60BB6823F04003BB656B
:108480007B681B680833BA6DBA617B617969BA6928
:1084900041E800233B613B69002BE5D17B68D3F8C1
:1084A0008030002B1CD07B68D3F8803000221A6506
:1084B0007B68D3F880301846EFF774FE0346002B34
:1084C0000ED07B68D3F880301846F1F776FF03466C
:1084D000202B05D17B681022C3F89020032317E0DE
:1084E0007B680022A3F85E207B681B680F221A625B
:1084F0007B681B689A697B681B6842F008029A6176
:108500007B682022C3F88C207B680022DA66002377
:1085100018466837BD4680BD80B5A2B000AF786010
:108520000123C7F884307B681B683B663B6E53E8C9
:10853000003FFB65FB6D23F4F073C7F880307B6868
:108540001B681A46D7F88030FB66BA66B96EFA6EB9
:1085500041E800237B667B6E002BE4D17B681B68BF
:108560000833FB64FB6C53E8003FBB64BB6C23F037
:10857000845323F00103FB677B681B680833FA6FA1
:10858000BA657B65796DBA6D41E800233B653B6D4B
:10859000002BE3D17B68DB6E012B18D17B681B6855
:1085A000BB63BB6B53E8003F7B637B6B23F0100323
:1085B000BB677B681B681A46BB6F7B643A64396C87
:1085C0007A6C41E80023FB63FB6B002BE6D17B68F0
:1085D000DB6F002B0FD07B681B689B6803F0800368
:1085E000802B04D17B68DB6F674A1A6503E07B68E8
:1085F000DB6F00221A657B68D3F88030002B11D026
:108600007B681B689B6803F04003402B05D17B68A7
:10861000D3F880305D4A1A6504E07B68D3F8803077
:1086200000221A657B681B689B6803F08003802B1F
:108630002DD17B681B6808337B627B6A53E8003F5F
:108640003B623B6A23F080037B677B681B680833CF
:108650007A6F3A63FB62F96A3A6B41E80023BB62C6
:10866000BB6A002BE5D17B68DB6F002B0FD07B68EA
:10867000DB6F1846F0F7B4F80346002B04D07B6894
:10868000DB6F00221A6502E00023C7F884307B68A4
:108690001B689B6803F04003402B33D17B681B6849
:1086A00008333B613B6953E8003FFB60FB6823F004
:1086B00040033B677B681B6808333A6FFA61BB6114
:1086C000B969FA6941E800237B617B69002BE5D138
:1086D0007B68D3F88030002B14D07B68D3F88030CF
:1086E0001846F0F77DF80346002B08D07B68D3F8D6
:1086F000803000221A650123C7F8843002E000238D
:10870000C7F88430D7F88430012B38D17B68002239
:10871000A3F856207B680022A3F85E207B68002225
:108720005A677B6800229A677B680022C3F8902012
:108730007B681B680F221A627B685B6EB3F1005F77
:1087400007D17B681B689A697B681B6842F010023E
:108750009A617B681B689A697B681B6842F0080213
:108760009A617B682022C3F888207B682022C3F8A6
:108770008C207B680022DA66786800F081FD002397
:1087800018468837BD4680BDBBAC110847AD1108FF
:1087900080B594B000AF78607B681B687B637B6BAF
:1087A00053E8003F3B633B6B23F0C003FB647B68F3
:1087B0001B681A46FB6C3B64FA63F96B3A6C41E840
:1087C0000023BB63BB6B002BE6D17B681B680833BF
:1087D0003B623B6A53E8003FFB61FB6923F4000303
:1087E000BB647B681B680833BA6CFA62BB62B96A07
:1087F000FA6A41E800237B627B6A002BE5D17B6843
:108800001B689B6803F08003802B40D17B681B684A
:108810000833FB60FB6853E8003FBB60BB6823F094
:1088200080037B647B681B6808337A6CBA617B6168
:108830007969BA6941E800233B613B69002BE5D1C6
:108840007B68DB6F002B13D07B68DB6F204A1A65D7
:108850007B68DB6F1846EFF7C3FF0346002B31D070
:108860007B68DB6F1B6D7A68D26F1046984729E0F2
:108870007B680022A3F856207B6800229A677B68F9
:108880002022C3F88820786800F004FD1AE07B6895
:108890000022A3F856207B6800229A677B685B6EF3
:1088A000B3F1005F07D17B681B689A697B681B681E
:1088B00042F010029A617B682022C3F88820786811
:1088C00000F0E8FC002318465037BD4680BD00BFCD
:1088D000C7AD110880B59AB000AF78607B681B689F
:1088E000BB64BB6C53E8003F7B647B6C23F49073E8
:1088F0007B667B681B681A467B6E7B653A65396DC3
:108900007A6D41E80023FB64FB6C002BE6D17B68A9
:108910001B6808337B637B6B53E8003F3B633B6B17
:1089200023F0805323F001033B667B681B68083308
:108930003A6E3A64FB63F96B3A6C41E80023BB631F
:10894000BB6B002BE3D17B68DB6E012B18D17B68FE
:108950001B683B623B6A53E8003FFB61FB6923F005
:108960001003FB657B681B681A46FB6DFB62BA62ED
:10897000B96AFA6A41E800237B627B6A002BE6D180
:108980007B681B689B6803F04003402B54D17B68D5
:108990001B680833FB60FB6853E8003FBB60BB68A3
:1089A00023F04003BB657B681B680833BA6DBA616E
:1089B0007B617969BA6941E800233B613B69002B1F
:1089C000E5D17B68D3F88030002B17D07B68D3F8D3
:1089D0008030264A1A657B68D3F880301846EFF756
:1089E000FFFE0346002B3CD07B68D3F880301B6D24
:1089F0007A68D2F880201046984732E07B680022DF
:108A0000A3F85E207B6800229A657B681B680F22B2
:108A10001A627B681B689A697B681B6842F00802CF
:108A20009A617B682022C3F88C207B680022DA667A
:108A3000786800F039FC14E07B680022A3F85E201F
:108A40007B6800229A657B681B680F221A627B682C
:108A50002022C3F88C207B680022DA66786800F058
:108A600023FC002318466837BD4680BD0DAE1108B3
:108A700080B5BAB000AF78607B681B68DB69C7F867
:108A8000E4307B681B681B68C7F8E0307B681B68B4
:108A90009B68C7F8DC30D7F8E42040F60F0313409A
:108AA000C7F8D830D7F8D830002B1BD1D7F8E4302E
:108AB00003F02003002B15D0D7F8E03003F020039B
:108AC000002B05D1D7F8DC3003F08053002B09D000
:108AD0007B685B6F002B00F095837B685B6F786829
:108AE00098478FE3D7F8D830002B00F02381D7F8D0
:108AF000DC208D4B1340002B06D1D7F8E0208B4BA8
:108B00001340002B00F01681D7F8E43003F0010386
:108B1000002B11D0D7F8E03003F48073002B0BD07A
:108B20007B681B6801221A627B68D3F8903043F09F
:108B300001027B68C3F89020D7F8E43003F0020309
:108B4000002B11D0D7F8DC3003F00103002B0BD041
:108B50007B681B6802221A627B68D3F8903043F06E
:108B600004027B68C3F89020D7F8E43003F00403D4
:108B7000002B11D0D7F8DC3003F00103002B0BD011
:108B80007B681B6804221A627B68D3F8903043F03C
:108B900002027B68C3F89020D7F8E43003F00803A2
:108BA000002B17D0D7F8E03003F02003002B05D1BD
:108BB000D7F8DC205C4B1340002B0BD07B681B6884
:108BC00008221A627B68D3F8903043F008027B6871
:108BD000C3F89020D7F8E43003F40063002B12D0E0
:108BE000D7F8E03003F08063002B0CD07B681B6863
:108BF0004FF400621A627B68D3F8903043F0200291
:108C00007B68C3F890207B68D3F89030002B00F08D
:108C1000FB82D7F8E43003F02003002B13D0D7F801
:108C2000E03003F02003002B05D1D7F8DC3003F04F
:108C30008053002B07D07B685B6F002B03D07B68D1
:108C40005B6F786898477B68D3F89030C7F8D4306A
:108C50007B681B689B6803F04003402B05D0D7F866
:108C6000D43003F02803002B54D0786801F061FE63
:108C70007B681B689B6803F04003402B46D17B68F0
:108C80001B680833C7F89C30D7F89C3053E8003F86
:108C9000C7F89830D7F8983023F04003C7F8D030A1
:108CA0007B681B680833D7F8D020C7F8A820C7F81E
:108CB000A430D7F8A410D7F8A82041E80023C7F8BB
:108CC000A030D7F8A030002BD9D17B68D3F8803002
:108CD000002B17D07B68D3F88030154A1A657B6863
:108CE000D3F880301846EFF77BFD0346002B19D0F0
:108CF0007B68D3F880301B6D7A68D2F880201046EC
:108D000098470FE07868ECF71BFB0BE07868ECF70E
:108D100017FB07E07868ECF713FB7B680022C3F8C9
:108D2000902071E200BF6FE20100001020010004FA
:108D300097AC11087B68DB6E012B40F00582D7F8F9
:108D4000E43003F01003002B00F0FE81D7F8E03090
:108D500003F01003002B00F0F7817B681B681022E2
:108D60001A627B681B689B6803F04003402B40F04D
:108D70006D817B68D3F880301B68A44A934268D029
:108D80007B68D3F880301B68A14A934261D07B682E
:108D9000D3F880301B689F4A93425AD07B68D3F83F
:108DA00080301B689C4A934253D07B68D3F8803054
:108DB0001B689A4A93424CD07B68D3F880301B687A
:108DC000974A934245D07B68D3F880301B68954A18
:108DD00093423ED07B68D3F880301B68924A93421E
:108DE00037D07B68D3F880301B68904A934230D0EC
:108DF0007B68D3F880301B688D4A934229D07B680A
:108E0000D3F880301B688B4A934222D07B68D3F81A
:108E100080301B68884A93421BD07B68D3F880302F
:108E20001B68864A934214D07B68D3F880301B6855
:108E3000834A93420DD07B68D3F880301B68814A07
:108E4000934206D07B68D3F880301B687E4A9342F9
:108E500006D17B68D3F880301B685B689BB205E065
:108E60007B68D3F880301B685B689BB2A7F8BE3084
:108E7000B7F8BE30002B00F0AD807B68B3F85C30F3
:108E8000B7F8BE209A4280F0A5807B68B7F8BE2074
:108E9000A3F85E207B68D3F88030DB69B3F5807F70
:108EA00000F087807B681B68C7F88830D7F8883067
:108EB00053E8003FC7F88430D7F8843023F4807338
:108EC000C7F8B8307B681B681A46D7F8B830C7F8BF
:108ED0009430C7F89020D7F89010D7F8942041E844
:108EE0000023C7F88C30D7F88C30002BDAD17B68A0
:108EF0001B6808337B677B6F53E8003F3B673B6F22
:108F000023F00103C7F8B4307B681B680833D7F837
:108F1000B420C7F88020FB67F96FD7F8802041E8BC
:108F20000023BB67BB6F002BE1D17B681B68083354
:108F30003B663B6E53E8003FFB65FB6D23F040034F
:108F4000C7F8B0307B681B680833D7F8B020FA66E2
:108F5000BB66B96EFA6E41E800237B667B6E002B20
:108F6000E3D17B682022C3F88C207B680022DA667C
:108F70007B681B68FB64FB6C53E8003FBB64BB6C05
:108F800023F01003C7F8AC307B681B681A46D7F88B
:108F9000AC30BB657A65796DBA6D41E800233B65FD
:108FA0003B6D002BE4D17B68D3F880301846EFF797
:108FB000F9F87B6802221A677B68B3F85C207B684B
:108FC000B3F85E309BB2D31A9BB21946786800F0B2
:108FD00075F91BE17B68B3F85C30B7F8BE209A42A4
:108FE00040F014817B68D3F88030DB69B3F5807F73
:108FF00040F00C817B6802221A677B68B3F85C3012
:109000001946786800F05AF900E100BF10000240EC
:109010002800024040000240580002407000024018
:1090200088000240A0000240B80002401004024044
:1090300028040240400402405804024070040240E8
:1090400088040240A0040240B80402407B68B3F8E0
:109050005C207B68B3F85E309BB2D31AA7F8CE30A1
:109060007B68B3F85E309BB2002B00F0D180B7F87C
:10907000CE30002B00F0CC807B681B68BB63BB6BE1
:1090800053E8003F7B637B6B23F49073C7F8C830D1
:109090007B681B681A46D7F8C8307B643A64396C21
:1090A0007A6C41E80023FB63FB6B002BE4D17B6807
:1090B0001B6808337B627B6A53E8003F3B623B6A74
:1090C00023F0805323F00103C7F8C4307B681B688A
:1090D0000833D7F8C4203A63FB62F96A3A6B41E877
:1090E0000023BB62BB6A002BE1D17B682022C3F85E
:1090F0008C207B680022DA667B6800225A677B68D6
:109100001B683B613B6953E8003FFB60FB6823F051
:109110001003C7F8C0307B681B681A46D7F8C03008
:10912000FB61BA61B969FA6941E800237B617B6937
:10913000002BE4D17B6802221A67B7F8CE301946BB
:10914000786800F0BBF863E0D7F8E43003F48013EC
:10915000002B0ED0D7F8DC3003F48003002B08D0AE
:109160007B681B684FF480121A62786802F0C9FDB0
:1091700051E0D7F8E43003F08003002B14D0D7F887
:10918000E03003F08003002B05D1D7F8DC3003F486
:109190000003002B08D07B689B6F002B3AD07B68C4
:1091A0009B6F7868984735E0D7F8E43003F04003C8
:1091B000002B09D0D7F8E03003F04003002B03D098
:1091C000786801F0EAFF26E0D7F8E43003F4000302
:1091D000002B09D0D7F8E03003F08043002B03D0F8
:1091E000786802F0A2FD16E0D7F8E43003F080734F
:1091F000002B10D0D7F8E030002B0CDA786802F0A2
:109200008AFD08E000BF06E000BF04E000BF02E006
:1092100000BF00E000BFE837BD4680BD80B483B02A
:1092200000AF786000BF0C37BD465DF8047B704727
:1092300080B483B000AF786000BF0C37BD465DF8E6
:10924000047B704780B483B000AF786000BF0C37F8
:10925000BD465DF8047B704780B483B000AF786092
:1092600000BF0C37BD465DF8047B704780B483B007
:1092700000AF786000BF0C37BD465DF8047B7047D7
:1092800080B483B000AF786000BF0C37BD465DF896
:10929000047B704780B483B000AF786000BF0C37A8
:1092A000BD465DF8047B704780B483B000AF786042
:1092B00000BF0C37BD465DF8047B704780B483B0B7
:1092C00000AF78600B467B8000BF0C37BD465DF871
:1092D000047B704780B483B000AF786039607B68EE
:1092E0001B68094A934209D07B681B685B6903F0DD
:1092F0007F417B681B683A680A435A6100BF0C379C
:10930000BD465DF8047B7047000C005880B483B004
:1093100000AF78607B681B68184A934227D07B684F
:10932000D3F88830202B20D17B6893F88430012B30
:1093300001D102231CE07B68012283F884207B6832
:109340002422C3F888207B681B685A687B681B68E6
:1093500042F400025A607B682022C3F888207B68B0
:10936000002283F88420002302E0022300E001238E
:1093700018460C37BD465DF8047B7047000C00585A
:1093800080B483B000AF78607B681B68184A934252
:1093900027D07B68D3F88830202B20D17B6893F8C6
:1093A0008430012B01D102231CE07B68012283F869
:1093B00084207B682422C3F888207B681B685A6855
:1093C0007B681B6822F400025A607B682022C3F885
:1093D00088207B68002283F88420002302E0022397
:1093E00000E0012318460C37BD465DF8047B70474A
:1093F000000C005880B588B000AF78607B6893F8A7
:109400008430012B01D1022328E07B68012283F8FC
:1094100084207B682422C3F888207B681B68FB605B
:10942000FB6853E8003FBB60BB6843F40053FB613B
:109430007B681B681A46FB69BB617A617969BA6906
:1094400041E800233B613B69002BE6D17B68202289
:10945000C3F88820786800F04DFF0346184620378F
:10946000BD4680BD80B588B000AF78607B6893F85A
:109470008430012B01D1022328E07B68012283F88C
:1094800084207B682422C3F888207B681B68FB60EB
:10949000FB6853E8003FBB60BB6823F40053FB61EB
:1094A0007B681B681A46FB69BB617A617969BA6996
:1094B00041E800233B613B69002BE6D17B68202219
:1094C000C3F88820786800F015FF03461846203757
:1094D000BD4680BD80B483B000AF78607B681B68F8
:1094E0009A697B681B6842F004029A6100BF0C37DE
:1094F000BD465DF8047B704780B48FB000AF7860E4
:109500007B6893F88430012B01D1022342E07B6811
:10951000012283F884207B682422C3F888207B689A
:109520001B683B623B6A53E8003FFB61FB6923F029
:109530000C037B637B681B681A467B6BFB62BA6219
:10954000B96AFA6A41E800237B627B6A002BE6D1A4
:109550007B681B68FB60FB6853E8003FBB60BB682F
:1095600043F008033B637B681B681A463B6BBB6197
:109570007A617969BA6941E800233B613B69002B54
:10958000E6D17B682022C3F888207B68002283F81C
:109590008420002318463C37BD465DF8047B7047A5
:1095A00080B48FB000AF78607B6893F88430012B73
:1095B00001D1022342E07B68012283F884207B688A
:1095C0002422C3F888207B681B683B623B6A53E80F
:1095D000003FFB61FB6923F00C037B637B681B6826
:1095E0001A467B6BFB62BA62B96AFA6A41E80023E9
:1095F0007B627B6A002BE6D17B681B68FB60FB68A3
:1096000053E8003FBB60BB6843F004033B637B68E7
:109610001B681A463B6BBB617A617969BA6941E89C
:1096200000233B613B69002BE6D17B682022C3F815
:1096300088207B68002283F88420002318463C376A
:10964000BD465DF8047B704780B483B000AF78609E
:109650007B6893F88430012B01D1022318E07B68EA
:10966000012283F884207B682422C3F888207B6849
:109670001B689A697B681B6842F002029A617B68EA
:109680002022C3F888207B68002283F884200023EE
:1096900018460C37BD465DF8047B704780B485B032
:1096A00000AF78607B68D3F88830FB607B68D3F8C4
:1096B0008C30BB60FA68BB68134318461437BD464C
:1096C0005DF8047B704780B483B000AF78607B683E
:1096D000D3F8903018460C37BD465DF8047B7047D0
:1096E0002DE9B04F92B000AF7861002387F8423087
:1096F0007B699A687B691B691A437B695B691A43BA
:109700007B69DB6913437B647B691B681A68BD4B0B
:1097100013407A691268796C0B4313607B691B688C
:109720005B6823F440517B69DA687B691B680A43F4
:109730005A607B699B697B647B691B68B24A934270
:1097400004D07B691B6A7A6C13437B647B691B685A
:109750009B6823F06E4323F430637A691268796C56
:109760000B4393607B691B68DB6A23F00F017B6905
:109770005A6A7B691B680A43DA627B691B68A34AE1
:10978000934277D1A24B5B6D03F03803282B6DD841
:1097900001A252F823F000BF3D9811086D981108FE
:1097A0006D9811086D9811086D9811086D98110841
:1097B0006D9811086D981108459811086D98110859
:1097C0006D9811086D9811086D9811086D98110821
:1097D0006D9811086D9811084D9811086D98110831
:1097E0006D9811086D9811086D9811086D98110801
:1097F0006D9811086D981108559811086D98110809
:109800006D9811086D9811086D9811086D981108E0
:109810006D9811086D9811085D9811086D981108E0
:109820006D9811086D9811086D9811086D981108C0
:109830006D9811086D98110865981108012387F833
:10984000433020E2042387F843301CE2082387F8E2
:10985000433018E2102387F8433014E2202387F8BE
:10986000433010E2402387F843300CE2802387F82E
:10987000433008E27B691B68664A934230D1644BEF
:109880005B6D03F00703052B26D801A252F823F0E5
:10989000A9981108B1981108B9981108C198110830
:1098A000C9981108D1981108002387F84330EAE1DC
:1098B000042387F84330E6E1082387F84330E2E1E8
:1098C000102387F84330DEE1202387F84330DAE1C4
:1098D000402387F84330D6E1802387F84330D2E134
:1098E0007B691B684C4A934230D1494B5B6D03F056
:1098F0000703052B26D801A252F823F01599110869
:109900001D991108259911082D99110835991108EB
:109910003D991108002387F84330B4E1042387F808
:109920004330B0E1082387F84330ACE1102387F8D7
:109930004330A8E1202387F84330A4E1402387F88F
:109940004330A0E1802387F843309CE17B691B68AA
:10995000324A934230D12E4B5B6D03F00703052B47
:1099600026D801A252F823F081991108899911088B
:109970009199110899991108A1991108A9991108AB
:10998000002387F843307EE1042387F843307AE1EF
:10999000082387F8433076E1102387F8433072E1DB
:1099A000202387F843306EE1402387F843306AE193
:1099B000802387F8433066E17B691B68184A93422D
:1099C00040D1134B5B6D03F00703052B36D801A282
:1099D00052F823F0ED991108F5991108FD99110835
:1099E000259A11082D9A1108359A1108002387F835
:1099F000433048E1042387F8433044E1082387F8E3
:109A0000433040E1F369FFCF000C005800100140E3
:109A1000004402580044004000480040004C004010
:109A200000500040102387F843302CE1202387F8B2
:109A3000433028E1402387F8433024E1802387F82E
:109A4000433020E17B691B68CB4A934276D1CB4BF4
:109A50005B6D03F03803282B6CD801A252F823F079
:109A6000059B1108359B1108359B1108359B110882
:109A7000359B1108359B1108359B1108359B110842
:109A80000D9B1108359B1108359B1108359B11085A
:109A9000359B1108359B1108359B1108359B110822
:109AA000159B1108359B1108359B1108359B110832
:109AB000359B1108359B1108359B1108359B110802
:109AC0001D9B1108359B1108359B1108359B11080A
:109AD000359B1108359B1108359B1108359B1108E2
:109AE000259B1108359B1108359B1108359B1108E2
:109AF000359B1108359B1108359B1108359B1108C2
:109B00002D9B1108012387F84330BCE0042387F81C
:109B10004330B8E0082387F84330B4E0102387F8D7
:109B20004330B0E0202387F84330ACE0402387F88F
:109B30004330A8E0802387F84330A4E07B691B68AA
:109B40008F4A934230D18D4B5B6D03F00703052B99
:109B500026D801A252F823F0719B1108799B1108B5
:109B6000819B1108899B1108919B1108999B1108F1
:109B7000002387F8433086E0042387F8433082E0EF
:109B8000082387F843307EE0102387F843307AE0DB
:109B9000202387F8433076E0402387F8433072E093
:109BA000802387F843306EE07B691B68754A9342D7
:109BB00030D1724B5B6D03F00703052B26D801A251
:109BC00052F823F0DD9B1108E59B1108ED9B11086D
:109BD000F59B1108FD9B1108059C1108002387F8CF
:109BE000433050E0042387F843304CE0082387F8E3
:109BF000433048E0102387F8433044E0202387F8BF
:109C0000433040E0402387F843303CE0802387F82E
:109C1000433038E07B691B685B4A934230D1574B35
:109C20009B6D03F00703052B26D801A252F823F001
:109C3000499C1108519C1108599C1108619C1108FC
:109C4000699C1108719C1108022387F843301AE0BF
:109C5000042387F8433016E0082387F8433012E0E6
:109C6000102387F843300EE0202387F843300AE0C2
:109C7000402387F8433006E0802387F8433002E032
:109C8000802387F843307B691B683F4A934240F04A
:109C9000F88097F84330202B46DC022BC0F28280FC
:109CA000023B1E2B7ED801A252F823F02F9D1108F3
:109CB000A59D1108379D1108A59D1108A59D1108A6
:109CC000A59D1108479D1108A59D1108A59D110886
:109CD000A59D1108A59D1108A59D1108A59D110818
:109CE000A59D1108579D1108A59D1108A59D110856
:109CF000A59D1108A59D1108A59D1108A59D1108F8
:109D0000A59D1108A59D1108A59D1108A59D1108E7
:109D1000A59D1108A59D1108A59D1108A59D1108D7
:109D2000A59D1108979D1108402B37D03AE0FCF70C
:109D300039FBF8633CE007F124031846FCF748FBC5
:109D4000BB6AFB6334E007F118031846FCF794FC88
:109D5000FB69FB632CE0094B1B6803F02003002B1D
:109D600016D0064B1B68DB0803F00303074A22FAF0
:109D700003F3FB631CE000BF0014014000440258E1
:109D800000780040007C0040000C00580090D00398
:109D90009D4BFB630CE09D4BFB6309E04FF40043DC
:109DA000FB6305E00023FB63012387F8423000BF1B
:109DB000FB6B002B00F0DE817B695B6A944A32F812
:109DC00013301A46FB6BB3FBF2F33B637B695A68B3
:109DD00013465B0013443A6B9A4205D37B695B6878
:109DE0001B033A6B9A4203D9012387F84230C1E141
:109DF000FB6B0022BB60FA607B695B6A844A32F8C5
:109E000013309BB200223B607A60D7E90023D7E988
:109E100002010AF07BFB02460B46104619464FF042
:109E200000024FF000030B0243EA1063020279695B
:109E30004968490800200C46054612EB040843EB2C
:109E400005097B695B6800229A46934652465B4649
:109E5000404649460AF05AFB02460B461346BB638E
:109E6000BB6BB3F5407F08D3BB6BB3F5801F04D247
:109E70007B691B68BA6BDA607CE1012387F84230AA
:109E800078E17B69DB69B3F5004F40F0C58097F856
:109E90004330202B48DC002B7BDB202B79D801A220
:109EA00052F823F02F9F1108379F1108939F110834
:109EB000939F11083F9F1108939F1108939F1108CA
:109EC000939F11084F9F1108939F1108939F1108AA
:109ED000939F1108939F1108939F1108939F110856
:109EE000939F11085F9F1108939F1108939F11087A
:109EF000939F1108939F1108939F1108939F110836
:109F0000939F1108939F1108939F1108939F110825
:109F1000939F1108939F1108939F1108939F110815
:109F2000939F1108859F1108402B2ED031E0F9F73F
:109F30008FFFF86333E0F9F7A1FFF8632FE007F133
:109F400024031846FCF744FABB6AFB6327E007F1D9
:109F500018031846FCF790FBFB69FB631FE02D4BD1
:109F60001B6803F02003002B09D02A4B1B68DB0879
:109F700003F00303244A22FA03F3FB630FE0224BAE
:109F8000FB630CE0214BFB6309E04FF40043FB63F0
:109F900005E00023FB63012387F8423000BFFB6B21
:109FA000002B00F0E7807B695B6A194A32F81330B6
:109FB0001A46FB6BB3FBF2F35A007B695B685B08E4
:109FC0001A447B695B68B2FBF3F3BB63BB6B0F2B7B
:109FD00016D9BB6BB3F5803F12D2BB6B9BB223F09B
:109FE0000F03FB86BB6B5B089BB203F007039AB2BF
:109FF000FB8E1343FB867B691B68FA8EDA60B9E03F
:10A00000012387F84230B5E00090D00300093D00FD
:10A01000544A12080044025897F84330202B49DC78
:10A02000002B7CDB202B7AD801A252F823F000BF52
:10A03000BBA01108C3A011081FA111081FA111087E
:10A04000CBA011081FA111081FA111081FA1110801
:10A05000DBA011081FA111081FA111081FA11108E1
:10A060001FA111081FA111081FA111081FA111088C
:10A07000EBA011081FA111081FA111081FA11108B1
:10A080001FA111081FA111081FA111081FA111086C
:10A090001FA111081FA111081FA111081FA111085C
:10A0A0001FA111081FA111081FA111081FA111084C
:10A0B00011A11108402B2ED031E0F9F7C9FEF86349
:10A0C00033E0F9F7DBFEF8632FE007F124031846CD
:10A0D000FCF77EF9BB6AFB6327E007F1180318461B
:10A0E000FCF7CAFAFB69FB631FE02D4B1B6803F00A
:10A0F0002003002B09D02A4B1B68DB0803F0030365
:10A10000284A22FA03F3FB630FE0264BFB630CE0C3
:10A11000254BFB6309E04FF40043FB6305E000239C
:10A12000FB63012387F8423000BFFB6B002B21D07B
:10A130007B695B6A1D4A32F813301A46FB6BB3FB2E
:10A14000F2F27B695B685B081A447B695B68B2FB6F
:10A15000F3F3BB63BB6B0F2B09D9BB6BB3F5803F2C
:10A1600005D2BB6B9AB27B691B68DA6002E00123FF
:10A1700087F842307B690122A3F86A207B690122BB
:10A18000A3F868207B6900225A677B6900229A67DE
:10A1900097F8423018464837BD46BDE8B08F00BF3B
:10A1A000004402580090D00300093D00544A1208B0
:10A1B00080B483B000AF78607B689B6A03F00803CB
:10A1C000002B0AD07B681B685B6823F400417B6826
:10A1D0009A6B7B681B680A435A607B689B6A03F032
:10A1E0000103002B0AD07B681B685B6823F40031F5
:10A1F0007B68DA6A7B681B680A435A607B689B6AE3
:10A2000003F00203002B0AD07B681B685B6823F411
:10A2100080317B681A6B7B681B680A435A607B68D5
:10A220009B6A03F00403002B0AD07B681B685B6801
:10A2300023F480217B685A6B7B681B680A435A6051
:10A240007B689B6A03F01003002B0AD07B681B68B5
:10A250009B6823F480517B68DA6B7B681B680A4338
:10A260009A607B689B6A03F02003002B0AD07B680E
:10A270001B689B6823F400517B681A6C7B681B6821
:10A280000A439A607B689B6A03F04003002B1AD054
:10A290007B681B685B6823F480117B685A6C7B6861
:10A2A0001B680A435A607B685B6CB3F5801F0AD158
:10A2B0007B681B685B6823F4C0017B689A6C7B68D1
:10A2C0001B680A435A607B689B6A03F08003002B7B
:10A2D0000AD07B681B685B6823F400217B68DA6C1A
:10A2E0007B681B680A435A6000BF0C37BD465DF8A7
:10A2F000047B704780B598B002AF78607B6800221D
:10A30000C3F89020EBF7B8FD78657B681B681B6885
:10A3100003F00803082B2FD16FF07E4300937B6D71
:10A3200000224FF40011786800F08EF80346002BED
:10A3300022D07B681B68BB63BB6B53E8003F7B6329
:10A340007B6B23F080033B657B681B681A463B6D83
:10A350007B643A64396C7A6C41E80023FB63FB6BE5
:10A36000002BE6D17B682022C3F888207B6800227E
:10A3700083F88420032363E07B681B681B6803F079
:10A380000403042B49D16FF07E4300937B6D0022C0
:10A390004FF48001786800F057F80346002B3CD05A
:10A3A0007B681B687B627B6A53E8003F3B623B6AC9
:10A3B00023F49073FB647B681B681A46FB6C3B6359
:10A3C000FA62F96A3A6B41E80023BB62BB6A002B70
:10A3D000E6D17B681B6808333B613B6953E8003F6B
:10A3E000FB60FB6823F00103BB647B681B680833D8
:10A3F000BA6CFA61BB61B969FA6941E800237B6113
:10A400007B69002BE5D17B682022C3F88C207B6818
:10A41000002283F88420032312E07B682022C3F803
:10A4200088207B682022C3F88C207B680022DA66B3
:10A430007B6800221A677B68002283F8842000234F
:10A4400018465837BD4680BD80B584B000AFF8606F
:10A45000B9603B601346FB714FE0BB69B3F1FF3F4E
:10A460004BD0EBF709FD02463B68D31ABA699A4212
:10A4700002D3BB69002B01D103234EE0FB681B68AC
:10A480001B6803F00403002B37D0BB68802B34D04B
:10A49000BB68402B31D0FB681B68DB6903F0080305
:10A4A000082B10D1FB681B6808221A62F86800F0BC
:10A4B00040FAFB680822C3F89020FB68002283F86A
:10A4C0008420012329E0FB681B68DB6903F4006337
:10A4D000B3F5006F11D1FB681B684FF400621A627C
:10A4E000F86800F026FAFB682022C3F89020FB6889
:10A4F000002283F8842003230FE0FB681B68DA69DD
:10A50000BB681340BA689A420CBF01230023DBB238
:10A510001A46FB799A42A0D0002318461037BD4650
:10A5200080BD80B4A3B000AFF860B9601346FB8073
:10A53000FB68BA689A65FB68FA88A3F85C20FB6838
:10A54000FA88A3F85E20FB6800225A67FB689B68C4
:10A55000B3F5805F0ED1FB681B69002B05D1FB684A
:10A5600040F2FF12A3F860202DE0FB68FF22A3F861
:10A57000602028E0FB689B68002B0DD1FB681B69FD
:10A58000002B04D1FB68FF22A3F860201BE0FB68CE
:10A590007F22A3F8602016E0FB689B68B3F1805F20
:10A5A0000DD1FB681B69002B04D1FB687F22A3F847
:10A5B000602008E0FB683F22A3F8602003E0FB680E
:10A5C0000022A3F86020FB680022C3F89020FB68FB
:10A5D0002222C3F88C20FB681B6808337B667B6EE5
:10A5E00053E8003F3B663B6E43F00103C7F88430FD
:10A5F000FB681B680833D7F884203A67FB66F96E5E
:10A600003A6F41E80023BB66BB6E002BE3D1FB68C9
:10A610005B6EB3F1005F4FD1FB68B3F86830FA8826
:10A620009A4249D3FB689B68B3F5805F07D1FB680A
:10A630001B69002B03D1FB68464A5A6702E0FB689E
:10A64000454A5A67FB681B69002B1AD0FB681B68D8
:10A650003B653B6D53E8003FFB64FB6C43F4807348
:10A66000C7F88030FB681B681A46D7F88030FB6556
:10A67000BA65B96DFA6D41E800237B657B6D002BEF
:10A68000E4D1FB681B680833FB63FB6B53E8003FB6
:10A69000BB63BB6B43F08053FB67FB681B680833ED
:10A6A000FA6FBA647B64796CBA6C41E800233B644E
:10A6B0003B6C002BE5D146E0FB689B68B3F5805FFF
:10A6C00007D1FB681B69002B03D1FB68234A5A673B
:10A6D00002E0FB68224A5A67FB681B69002B19D00D
:10A6E000FB681B68BB62BB6A53E8003F7B627B6A06
:10A6F00043F490737B67FB681B681A467B6F7B6330
:10A700003A63396B7A6B41E80023FB62FB6A002BEA
:10A71000E6D118E0FB681B687B617B6953E8003F6A
:10A720003B613B6943F02003BB67FB681B681A462B
:10A73000BB6F3B62FA61F9693A6A41E80023BB6189
:10A74000BB69002BE6D1002318468C37BD465DF867
:10A75000047B7047C5B8110861B51108A9B3110889
:10A76000F1B1110880B596B000AFF860B96013463A
:10A77000FB80FB68BA689A65FB68FA88A3F85C20DE
:10A78000FB680022C3F89020FB682222C3F88C20CB
:10A79000FB68D3F88030002B2DD0FB68D3F88030D5
:10A7A000404ADA63FB68D3F880303F4A1A64FB689A
:10A7B000D3F880303D4ADA64FB68D3F88030002259
:10A7C0001A65FB68D3F88000FB681B6824331946C0
:10A7D000FB689B6D1A46FB88EDF77AFA0346002B5F
:10A7E00009D0FB681022C3F89020FB682022C3F830
:10A7F0008C20012351E0FB681B69002B18D0FB68FB
:10A800001B68FB63FB6B53E8003FBB63BB6B43F40C
:10A8100080737B65FB681B681A467B6DBB647A643A
:10A82000796CBA6C41E800233B643B6C002BE6D1A9
:10A83000FB681B680833BB62BB6A53E8003F7B625E
:10A840007B6A43F001033B65FB681B6808333A6D84
:10A850007A633B63396B7A6B41E80023FB62FB6AE6
:10A86000002BE5D1FB681B6808337B617B6953E8EB
:10A87000003F3B613B6943F04003FB64FB681B689E
:10A880000833FA6C3A62FB61F9693A6A41E80023DD
:10A89000BB61BB69002BE5D1002318465837BD4684
:10A8A00080BD00BFB1AA1108D9AB110817AC1108BF
:10A8B00080B48FB000AF78607B681B683B623B6AF6
:10A8C00053E8003FFB61FB6923F0C0037B637B68B7
:10A8D0001B681A467B6BFB62BA62B96AFA6A41E886
:10A8E00000237B627B6A002BE6D17B681B68083300
:10A8F000FB60FB6853E8003FBB60BB6823F40003C8
:10A900003B637B681B6808333A6BBA617B6179698A
:10A91000BA6941E800233B613B69002BE5D17B68C4
:10A920002022C3F8882000BF3C37BD465DF8047B79
:10A93000704780B495B000AF78607B681B687B631C
:10A940007B6B53E8003F3B633B6B23F49073FB64EA
:10A950007B681B681A46FB6C3B64FA63F96B3A6CC4
:10A9600041E80023BB63BB6B002BE6D17B681B680F
:10A9700008333B623B6A53E8003FFB61FB6923F00D
:10A98000805323F00103BB647B681B680833BA6CF7
:10A99000FA62BB62B96AFA6A41E800237B627B6AA9
:10A9A000002BE3D17B68DB6E012B18D17B681B6821
:10A9B000FB60FB6853E8003FBB60BB6823F01003FB
:10A9C0007B647B681B681A467B6CBB617A61796922
:10A9D000BA6941E800233B613B69002BE6D17B6803
:10A9E0002022C3F88C207B680022DA667B68002274
:10A9F0005A6700BF5437BD465DF8047B704780B589
:10AA000090B000AF78607B689B6BFB637B68DB6911
:10AA1000B3F5807F37D0FB6B0022A3F85620FB6B89
:10AA20001B6808337B627B6A53E8003F3B623B6AEA
:10AA300023F08003BB63FB6B1B680833BA6B3A637C
:10AA4000FB62F96A3A6B41E80023BB62BB6A002BE8
:10AA5000E5D1FB6B1B683B613B6953E8003FFB6042
:10AA6000FB6843F040037B63FB6B1B681A467B6B00
:10AA7000FB61BA61B969FA6941E800237B617B69CE
:10AA8000002BE6D102E0F86BFEF7C8FB00BF4037B1
:10AA9000BD4680BD80B584B000AF78607B689B6B9D
:10AAA000FB60F868FEF7C4FB00BF1037BD4680BDF1
:10AAB00080B59CB000AF78607B689B6BFB667B6861
:10AAC000DB69B3F5807F71D0FB6E0022A3F85E20B6
:10AAD000FB6E1B68FB64FB6C53E8003FBB64BB6C04
:10AAE00023F48073BB66FB6E1B681A46BB6EBB65A6
:10AAF0007A65796DBA6D41E800233B653B6D002BAB
:10AB0000E6D1FB6E1B680833BB63BB6B53E8003FA9
:10AB10007B637B6B23F001037B66FB6E1B68083352
:10AB20007A6E7A643B64396C7A6C41E80023FB638B
:10AB3000FB6B002BE5D1FB6E1B6808337B627B6AE5
:10AB400053E8003F3B623B6A23F040033B66FB6EE9
:10AB50001B6808333A6E3A63FB62F96A3A6B41E864
:10AB60000023BB62BB6A002BE5D1FB6E2022C3F839
:10AB70008C20FB6EDB6E012B18D1FB6E1B683B61DA
:10AB80003B6953E8003FFB60FB6823F01003FB6563
:10AB9000FB6E1B681A46FB6DFB61BA61B969FA6905
:10ABA00041E800237B617B69002BE6D1FB6E00222C
:10ABB0001A67FB6EDB6E012B07D1FB6EB3F85C30BE
:10ABC0001946F86EFEF77AFB02E0F86EEAF780FBB2
:10ABD00000BF7037BD4680BD80B584B000AF7860DF
:10ABE0007B689B6BFB60FB6801221A67FB68DB6E6E
:10ABF000012B09D1FB68B3F85C305B089BB21946A6
:10AC0000F868FEF75BFB02E0F868FEF725FB00BF83
:10AC10001037BD4680BD80B586B000AF78607B68D8
:10AC20009B6B7B617B69D3F888303B617B69D3F890
:10AC30008C30FB607B691B689B6803F08003802B72
:10AC400009D13B69212B06D17B690022A3F856204C
:10AC50007869FFF72DFE7B691B689B6803F0400352
:10AC6000402B09D1FB68222B06D17B690022A3F877
:10AC70005E207869FFF75DFE7B69D3F8903043F082
:10AC800010027B69C3F890207869EAF759FB00BF8E
:10AC90001837BD4680BD80B584B000AF78607B6852
:10ACA0009B6BFB60FB680022A3F85E20F868EAF764
:10ACB00047FB00BF1037BD4680BD80B584B000AFF4
:10ACC00078607B689B6BFB60FB68DB6F00221A651A
:10ACD000FB68D3F88030002B05D0FB68D3F88030B8
:10ACE0001B6D002B2BD1FB680022A3F85620FB68BC
:10ACF0000022A3F85E20FB680022C3F89020FB68C6
:10AD00001B680F221A62FB685B6EB3F1005F07D10C
:10AD1000FB681B689A69FB681B6842F010029A6125
:10AD2000FB682022C3F88820FB682022C3F88C200F
:10AD3000FB680022DA66F868FEF7A2FA00E000BFBE
:10AD40001037BD4680BD80B584B000AF78607B68A9
:10AD50009B6BFB60FB68D3F8803000221A65FB68B0
:10AD6000DB6F002B04D0FB68DB6F1B6D002B26D143
:10AD7000FB680022A3F85620FB680022A3F85E209F
:10AD8000FB680022C3F89020FB681B680F221A6240
:10AD9000FB681B689A69FB681B6842F008029A61AD
:10ADA000FB682022C3F88820FB682022C3F88C208F
:10ADB000FB680022DA66F868FEF762FA00E000BF7E
:10ADC0001037BD4680BD80B584B000AF78607B6829
:10ADD0009B6BFB60FB680022A3F85620FB685B6E50
:10ADE000B3F1005F07D1FB681B689A69FB681B68B9
:10ADF00042F010029A61FB682022C3F88820F868AC
:10AE0000FEF748FA00BF1037BD4680BD80B584B05C
:10AE100000AF78607B689B6BFB60FB680022A3F847
:10AE20005E20FB681B680F221A62FB681B689A6928
:10AE3000FB681B6842F008029A61FB682022C3F895
:10AE40008C20FB680022DA66F868FEF72DFA00BF56
:10AE50001037BD4680BD80B48FB000AF78607B688E
:10AE6000D3F88830212B4CD17B68B3F856309BB295
:10AE7000002B32D17B681B683B623B6A53E8003F82
:10AE8000FB61FB6923F080037B637B681B681A46C8
:10AE90007B6BFB62BA62B96AFA6A41E800237B62A3
:10AEA0007B6A002BE6D17B681B68FB60FB6853E87C
:10AEB000003FBB60BB6843F040033B637B681B689B
:10AEC0001A463B6BBB617A617969BA6941E8002334
:10AED0003B613B69002BE6D113E07B681B6D1A7860
:10AEE0007B681B689A627B681B6D5A1C7B681A65BD
:10AEF0007B68B3F856309BB2013B9AB27B68A3F8EB
:10AF0000562000BF3C37BD465DF8047B704780B4D7
:10AF100091B000AF78607B68D3F88830212B51D195
:10AF20007B68B3F856309BB2002B32D17B681B682C
:10AF30007B627B6A53E8003F3B623B6A23F08003FD
:10AF4000BB637B681B681A46BB6B3B63FA62F96A9A
:10AF50003A6B41E80023BB62BB6A002BE6D17B68F9
:10AF60001B683B613B6953E8003FFB60FB6843F0B3
:10AF700040037B637B681B681A467B6BFB61BA618D
:10AF8000B969FA6941E800237B617B69002BE6D14E
:10AF900018E07B681B6DFB63FB6B1B881A467B68A4
:10AFA0001B68C2F308029A627B681B6D9A1C7B685F
:10AFB0001A657B68B3F856309BB2013B9AB27B6846
:10AFC000A3F8562000BF4437BD465DF8047B7047A8
:10AFD00080B491B000AF78607B68D3F88830212BC3
:10AFE00060D17B68B3F86A30FB8757E07B68B3F8C1
:10AFF00056309BB2002B33D17B681B6808337B62D1
:10B000007B6A53E8003F3B623B6A23F40003BB6367
:10B010007B681B680833BA6B3A63FB62F96A3A6B68
:10B0200041E80023BB62BB6A002BE5D17B681B684B
:10B030003B613B6953E8003FFB60FB6843F0400322
:10B040007B637B681B681A467B6BFB61BA61B969DD
:10B05000FA6941E800237B617B69002BE6D121E09E
:10B060007B681B68DB6903F08003002B13D07B68CF
:10B070001B6D1A787B681B689A627B681B6D5A1C73
:10B080007B681A657B68B3F856309BB2013B9AB275
:10B090007B68A3F85620FB8F013BFB87FB8F002BBF
:10B0A000A4D1FFE700BF4437BD465DF8047B70477D
:10B0B00080B491B000AF78607B68D3F88830212BE2
:10B0C00065D17B68B3F86A30FB875CE07B68B3F8D6
:10B0D00056309BB2002B33D17B681B6808333B6230
:10B0E0003B6A53E8003FFB61FB6923F400037B6389
:10B0F0007B681B6808337A6BFA62BB62B96AFA6ACA
:10B1000041E800237B627B6A002BE5D17B681B68EA
:10B11000FB60FB6853E8003FBB60BB6843F0400343
:10B120003B637B681B681A463B6BBB617A6179693C
:10B13000BA6941E800233B613B69002BE6D126E078
:10B140007B681B68DB6903F08003002B18D07B68E9
:10B150001B6DBB63BB6B1B881A467B681B68C2F305
:10B1600008029A627B681B6D9A1C7B681A657B6873
:10B17000B3F856309BB2013B9AB27B68A3F85620D5
:10B18000FB8F013BFB87FB8F002B9FD1FFE700BFAD
:10B190004437BD465DF8047B704780B588B000AF8A
:10B1A00078607B681B68FB60FB6853E8003FBB600E
:10B1B000BB6823F04003FB617B681B681A46FB6990
:10B1C000BB617A617969BA6941E800233B613B69F7
:10B1D000002BE6D17B682022C3F888207B68002200
:10B1E0009A677868FEF71AF800BF2037BD4680BD21
:10B1F00080B59CB000AF78607B68B3F86030A7F88A
:10B200006E307B68D3F88C30222B40F0BE807B6898
:10B210001B685B6AA7F86C30B7F86C30D9B2B7F826
:10B220006E30DAB27B689B6D0A40D2B21A707B68CE
:10B230009B6D5A1C7B689A657B68B3F85E309BB245
:10B24000013B9AB27B68A3F85E207B68B3F85E305E
:10B250009BB2002B40F0A1807B681B68FB64FB6CF9
:10B2600053E8003FBB64BB6C23F49073BB667B6800
:10B270001B681A46BB6EBB657A65796DBA6D41E88D
:10B2800000233B653B6D002BE6D17B681B680833D0
:10B29000BB63BB6B53E8003F7B637B6B23F0010315
:10B2A0007B667B681B6808337A6E7A643B64396C12
:10B2B0007A6C41E80023FB63FB6B002BE5D17B68D4
:10B2C0002022C3F88C207B6800225A677B6800220A
:10B2D0001A677B681B68334A93421FD07B681B68E0
:10B2E0005B6803F40003002B18D07B681B687B624B
:10B2F0007B6A53E8003F3B623B6A23F080633B6616
:10B300007B681B681A463B6E3B63FA62F96A3A6BCC
:10B3100041E80023BB62BB6A002BE6D17B68DB6E91
:10B32000012B2ED17B680022DA667B681B683B61AB
:10B330003B6953E8003FFB60FB6823F01003FB65AB
:10B340007B681B681A46FB6DFB61BA61B969FA69D3
:10B3500041E800237B617B69002BE6D17B681B6899
:10B36000DB6903F01003102B03D17B681B681022EC
:10B370001A627B68B3F85C3019467868FDF79EFF67
:10B380000BE07868E9F7A4FF07E07B681B689A691F
:10B390007B681B6842F008029A6100BF7037BD46A7
:10B3A00080BD00BF000C005880B59CB000AF786035
:10B3B0007B68B3F86030A7F86E307B68D3F88C30C8
:10B3C000222B40F0BE807B681B685B6AA7F86C305C
:10B3D0007B689B6DBB66B7F86C20B7F86E30134086
:10B3E0009AB2BB6E1A807B689B6D9A1C7B689A65CB
:10B3F0007B68B3F85E309BB2013B9AB27B68A3F8DE
:10B400005E207B68B3F85E309BB2002B40F0A180D9
:10B410007B681B68BB64BB6C53E8003F7B647B6C40
:10B4200023F490737B667B681B681A467B6E7B6592
:10B430003A65396D7A6D41E80023FB64FB6C002BA3
:10B44000E6D17B681B6808337B637B6B53E8003F66
:10B450003B633B6B23F001033B667B681B6808334F
:10B460003A6E3A64FB63F96B3A6C41E80023BB63C4
:10B47000BB6B002BE5D17B682022C3F88C207B6856
:10B4800000225A677B6800221A677B681B68334A70
:10B4900093421FD07B681B685B6803F40003002B9A
:10B4A00018D07B681B683B623B6A53E8003FFB6136
:10B4B000FB6923F08063FB657B681B681A46FB6DA4
:10B4C000FB62BA62B96AFA6A41E800237B627B6A6E
:10B4D000002BE6D17B68DB6E012B2ED17B6800222E
:10B4E000DA667B681B68FB60FB6853E8003FBB6063
:10B4F000BB6823F01003BB657B681B681A46BB6DF5
:10B50000BB617A617969BA6941E800233B613B69B3
:10B51000002BE6D17B681B68DB6903F01003102B5E
:10B5200003D17B681B6810221A627B68B3F85C3019
:10B5300019467868FDF7C2FE0BE07868E9F7C8FEA7
:10B5400007E07B681B689A697B681B6842F0080209
:10B550009A6100BF7037BD4680BD00BF000C005827
:10B5600080B5ACB000AF78607B68B3F86030A7F806
:10B57000AA307B681B68DB69C7F8AC307B681B6846
:10B580001B68C7F8A4307B681B689B68C7F8A030AD
:10B590007B68D3F88C30222B40F083817B68B3F832
:10B5A0006830A7F89E3026E17B681B685B6AA7F8C5
:10B5B0009C30B7F89C30D9B2B7F8AA30DAB27B68C1
:10B5C0009B6D0A40D2B21A707B689B6D5A1C7B68D7
:10B5D0009A657B68B3F85E309BB2013B9AB27B6898
:10B5E000A3F85E207B681B68DB69C7F8AC30D7F82E
:10B5F000AC3003F00703002B53D0D7F8AC3003F086
:10B600000103002B11D0D7F8A43003F48073002B72
:10B610000BD07B681B6801221A627B68D3F89030DC
:10B6200043F001027B68C3F89020D7F8AC3003F0F8
:10B630000203002B11D0D7F8A03003F00103002B38
:10B640000BD07B681B6802221A627B68D3F89030AB
:10B6500043F004027B68C3F89020D7F8AC3003F0C5
:10B660000403002B11D0D7F8A03003F00103002B06
:10B670000BD07B681B6804221A627B68D3F8903079
:10B6800043F002027B68C3F890207B68D3F89030C7
:10B69000002B06D07868E9F753FE7B680022C3F8D8
:10B6A00090207B68B3F85E309BB2002B40F0A38003
:10B6B0007B681B683B673B6F53E8003FFB66FB6E94
:10B6C00023F48073C7F898307B681B681A46D7F854
:10B6D0009830FB67BA67B96FFA6F41E800237B6760
:10B6E0007B6F002BE4D17B681B680833FB65FB6D27
:10B6F00053E8003FBB65BB6D23F0805323F001038B
:10B70000C7F894307B681B680833D7F89420BA6672
:10B710007B66796EBA6E41E800233B663B6E002B78
:10B72000E1D17B682022C3F88C207B6800225A6715
:10B730007B6800221A677B681B68604A934221D0AD
:10B740007B681B685B6803F40003002B1AD07B68DE
:10B750001B68BB64BB6C53E8003F7B647B6C23F0CD
:10B760008063C7F890307B681B681A46D7F8903022
:10B770007B653A65396D7A6D41E80023FB64FB6CAB
:10B78000002BE4D17B68DB6E012B30D17B6800227B
:10B79000DA667B681B687B637B6B53E8003F3B6327
:10B7A0003B6B23F01003C7F88C307B681B681A468C
:10B7B000D7F88C303B64FA63F96B3A6C41E80023AC
:10B7C000BB63BB6B002BE4D17B681B68DB6903F0B8
:10B7D0001003102B03D17B681B6810221A627B6850
:10B7E000B3F85C3019467868FDF768FD0EE07868BC
:10B7F000E9F76EFD0AE0B7F89E30002B06D0D7F8C7
:10B80000AC3003F02003002B7FF4CEAE7B68B3F89E
:10B810005E30A7F88A30B7F88A30002B49D07B68B1
:10B82000B3F86830B7F88A209A4242D27B681B6826
:10B8300008333B623B6A53E8003FFB61FB6923F03E
:10B840008053C7F884307B681B680833D7F884209E
:10B85000FA62BB62B96AFA6A41E800237B627B6ADA
:10B86000002BE3D17B68164A5A677B681B68FB6034
:10B87000FB6853E8003FBB60BB6843F02003C7F898
:10B8800080307B681B681A46D7F88030BB617A61CC
:10B890007969BA6941E800233B613B69002BE4D137
:10B8A00007E07B681B689A697B681B6842F00802A6
:10B8B0009A6100BFB037BD4680BD00BF000C005884
:10B8C000F1B1110880B5AEB000AF78607B68B3F815
:10B8D0006030A7F8B2307B681B68DB69C7F8B4300A
:10B8E0007B681B681B68C7F8AC307B681B689B686B
:10B8F000C7F8A8307B68D3F88C30222B40F08781C2
:10B900007B68B3F86830A7F8A6302AE17B681B682B
:10B910005B6AA7F8A4307B689B6DC7F8A030B7F8C6
:10B92000A420B7F8B23013409AB2D7F8A0301A80EA
:10B930007B689B6D9A1C7B689A657B68B3F85E3068
:10B940009BB2013B9AB27B68A3F85E207B681B68C0
:10B95000DB69C7F8B430D7F8B43003F00703002B25
:10B9600053D0D7F8B43003F00103002B11D0D7F82F
:10B97000AC3003F48073002B0BD07B681B68012272
:10B980001A627B68D3F8903043F001027B68C3F8F9
:10B990009020D7F8B43003F00203002B11D0D7F871
:10B9A000A83003F00103002B0BD07B681B68022238
:10B9B0001A627B68D3F8903043F004027B68C3F8C6
:10B9C0009020D7F8B43003F00403002B11D0D7F83F
:10B9D000A83003F00103002B0BD07B681B68042206
:10B9E0001A627B68D3F8903043F002027B68C3F898
:10B9F00090207B68D3F89030002B06D07868E9F768
:10BA00009FFC7B680022C3F890207B68B3F85E300F
:10BA10009BB2002B40F0A5807B681B687B677B6F27
:10BA200053E8003F3B673B6F23F48073C7F89C30BB
:10BA30007B681B681A46D7F89C30C7F88030FA67D5
:10BA4000F96FD7F8802041E80023BB67BB6F002B5C
:10BA5000E2D17B681B6808333B663B6E53E8003FCE
:10BA6000FB65FB6D23F0805323F00103C7F898308A
:10BA70007B681B680833D7F89820FA66BB66B96EF6
:10BA8000FA6E41E800237B667B6E002BE1D17B6878
:10BA90002022C3F88C207B6800225A677B68002232
:10BAA0001A677B681B68604A934221D07B681B68D9
:10BAB0005B6803F40003002B1AD07B681B68FB64EF
:10BAC000FB6C53E8003FBB64BB6C23F08063C7F89A
:10BAD00094307B681B681A46D7F89430BB657A654A
:10BAE000796DBA6D41E800233B653B6D002BE4D1D5
:10BAF0007B68DB6E012B30D17B680022DA667B68C5
:10BB00001B68BB63BB6B53E8003F7B637B6B23F01D
:10BB10001003C7F890307B681B681A46D7F890303E
:10BB20007B643A64396C7A6C41E80023FB63FB6BFD
:10BB3000002BE4D17B681B68DB6903F01003102B3A
:10BB400003D17B681B6810221A627B68B3F85C30F3
:10BB500019467868FDF7B2FB0EE07868E9F7B8FBA4
:10BB60000AE0B7F8A630002B06D0D7F8B43003F0BF
:10BB70002003002B7FF4CAAE7B68B3F85E30A7F8D1
:10BB80008E30B7F88E30002B49D07B68B3F8683020
:10BB9000B7F88E209A4242D27B681B6808337B62DA
:10BBA0007B6A53E8003F3B623B6A23F08053C7F84F
:10BBB00088307B681B680833D7F888203A63FB62BB
:10BBC000F96A3A6B41E80023BB62BB6A002BE3D100
:10BBD0007B68164A5A677B681B683B613B6953E880
:10BBE000003FFB60FB6843F02003C7F884307B68AC
:10BBF0001B681A46D7F88430FB61BA61B969FA69E3
:10BC000041E800237B617B69002BE4D107E07B687E
:10BC10001B689A697B681B6842F008029A6100BF42
:10BC2000B837BD4680BD00BF000C0058A9B311084D
:10BC300080B586B000AFF860B9607A603B60FB68A1
:10BC4000002B01D1012358E0FB68D3F88830002B8A
:10BC500006D1FB68002283F88420F868FBF74BFDCF
:10BC6000FB682422C3F88820FB681B681A68FB68FD
:10BC70001B6822F001021A60FB689B6A002B02D04D
:10BC8000F868FEF795FAF868FDF72AFD0346012BE0
:10BC900001D1012331E0FB681B689A68FB681B68CF
:10BCA00042F480429A60FB681B689B6823F4004161
:10BCB000FB681B68BA680A439A607B685B057B6116
:10BCC0003B681B047A6913437B61FB681B681B6834
:10BCD00023F07F7323F44033FA68126879690B43C9
:10BCE0001360FB681B681A68FB681B6842F001025E
:10BCF0001A60F868FEF7FEFA034618461837BD4684
:10BD000080BD80B483B000AF786000BF0C37BD4603
:10BD10005DF8047B704780B483B000AF786000BFEB
:10BD20000C37BD465DF8047B704780B483B000AF2C
:10BD3000786000BF0C37BD465DF8047B704780B566
:10BD400082B000AF786039607B68002B01D101239D
:10BD500021E07B682422C3F888207B681B681A686E
:10BD60007B681B6822F001021A607B681B685B68B5
:10BD700023F010017B681B683A680A435A607B68AD
:10BD80001B681A687B681B6842F001021A607868B9
:10BD9000FEF7B0FA034618460837BD4680BD80B5A9
:10BDA00088B002AFF8603B1D83E806000023FB75F6
:10BDB000FB6893F88430012B01D1022346E0FB6835
:10BDC000012283F88420FB682422C3F88820FB68C2
:10BDD0001B681A68FB681B6822F001021A60FB6886
:10BDE0001B689B6823F440117A68FB681B680A4350
:10BDF0009A607B68002B05D13B1D93E80600F8682C
:10BE000000F030FBFB681B681A68FB681B6842F097
:10BE100001021A60EAF730F838616FF07E43009350
:10BE20003B6900224FF48001F868FEF70DFB0346E2
:10BE3000002B02D00323FB7503E0FB682022C3F82C
:10BE40008820FB68002283F88420FB7D1846183781
:10BE5000BD4680BD80B489B000AF78607B6893F840
:10BE60008430012B01D1022321E07B68012283F879
:10BE700084207B681B68FB60FB6853E8003FBB6065
:10BE8000BB6843F00203FB617B681B681A46FB69D1
:10BE9000BB617A617969BA6941E800233B613B691A
:10BEA000002BE6D17B68002283F88420002318460B
:10BEB0002437BD465DF8047B704780B489B000AF7D
:10BEC00078607B6893F88430012B01D1022321E054
:10BED0007B68012283F884207B681B68FB60FB6819
:10BEE00053E8003FBB60BB6823F00203FB617B6843
:10BEF0001B681A46FB69BB617A617969BA6941E8D6
:10BF000000233B613B69002BE6D17B68002283F86C
:10BF10008420002318462437BD465DF8047B704713
:10BF200080B584B000AF78607B6893F88430012BD3
:10BF300001D102232BE07B68012283F884207B68F7
:10BF40002422C3F888207B681B681B68FB607B6821
:10BF50001B681A687B681B6822F001021A60FB6884
:10BF600043F00053FB607B684FF000525A667B68D9
:10BF70001B68FA681A60786800F097FA7B682022DC
:10BF8000C3F888207B68002283F8842000231846A9
:10BF90001037BD4680BD80B485B000AF78607B6847
:10BFA00093F88430012B01D1022327E07B68012222
:10BFB00083F884207B682422C3F888207B681B6870
:10BFC0001B68FB607B681B681A687B681B6822F033
:10BFD00001021A60FB6823F00053FB607B680022BB
:10BFE0005A667B681B68FA681A607B682022C3F86F
:10BFF00088207B68002283F88420002318461437A9
:10C00000BD465DF8047B704780B584B000AF7860B2
:10C0100039607B6893F88430012B01D102232DE035
:10C020007B68012283F884207B682422C3F888205F
:10C030007B681B681B68FB607B681B681A687B68F1
:10C040001B6822F001021A607B681B689B6823F062
:10C0500060417B681B683A680A439A60786800F020
:10C0600024FA7B681B68FA681A607B682022C3F890
:10C0700088207B68002283F884200023184610372C
:10C08000BD4680BD80B584B000AF786039607B6804
:10C0900093F88430012B01D102232DE07B6801222B
:10C0A00083F884207B682422C3F888207B681B687F
:10C0B0001B68FB607B681B681A687B681B6822F042
:10C0C00001021A607B681B689B6823F060617B68D3
:10C0D0001B683A680A439A60786800F0E6F97B6862
:10C0E0001B68FA681A607B682022C3F888207B6886
:10C0F000002283F88420002318461037BD4680BDF7
:10C1000080B588B000AFF860B9603B601346FB8033
:10C11000FB68D3F88C30202B40F0EF80BB68002BFD
:10C1200002D0FB88002B01D10123E7E0FB6800224D
:10C13000C3F89020FB682222C3F88C20FB68012200
:10C14000DA66FB6800221A67E9F796FE7861FB68F9
:10C15000FA88A3F85C20FB68FA88A3F85E20FB68E5
:10C160009B68B3F5805F0ED1FB681B69002B05D17E
:10C17000FB6840F2FF12A3F860202DE0FB68FF226D
:10C18000A3F8602028E0FB689B68002B0DD1FB68BA
:10C190001B69002B04D1FB68FF22A3F860201BE081
:10C1A000FB687F22A3F8602016E0FB689B68B3F170
:10C1B000805F0DD1FB681B69002B04D1FB687F22D7
:10C1C000A3F8602008E0FB683F22A3F8602003E0AA
:10C1D000FB680022A3F86020FB68B3F860307B8224
:10C1E000FB689B68B3F5805F08D1FB681B69002B77
:10C1F00004D10023FB61BB68BB6103E0BB68FB614A
:10C200000023BB613B6800221A805FE0FB681B686B
:10C21000DB6903F01003102B10D1FB681B681022A0
:10C220001A623B681B88002B08D0FB6802221A6741
:10C23000FB682022C3F88C2000235FE0FB681B68AA
:10C24000DB6903F02003202B2BD1FB69002B0CD1E1
:10C25000FB681B685B6A9AB27B8A13409AB2BB691F
:10C260001A80BB690233BB610CE0FB681B685B6A28
:10C27000DAB27B8ADBB21340DAB2FB691A70FB696F
:10C280000133FB613B681B8801339AB23B681A801B
:10C29000FB68B3F85E309BB2013B9AB2FB68A3F82F
:10C2A0005E20BB6AB3F1FF3F10D0E9F7E5FD02461F
:10C2B0007B69D31ABA6A9A4202D3BB6A002B05D1B2
:10C2C000FB682022C3F88C20032317E0FB68B3F837
:10C2D0005E309BB2002B99D1FB68B3F85C20FB6801
:10C2E000B3F85E309BB2D31A9AB23B681A80FB68EF
:10C2F0002022C3F88C20002300E0022318462037B8
:10C30000BD4680BD80B58CB000AFF860B960134603
:10C31000FB80002387F82F30FB68D3F88C30202B6C
:10C320003BD1BB68002B02D0FB88002B01D101233D
:10C3300034E0FB680122DA66FB6800221A67FB889A
:10C340001A46B968F868FEF7ECF8FB68DB6E012B5B
:10C350001DD1FB681B6810221A62FB681B68BB6159
:10C36000BB6953E8003F7B617B6943F01003BB620C
:10C37000FB681B681A46BB6A7B623A62396A7A6A52
:10C3800041E80023FB61FB69002BE6D102E00123B9
:10C3900087F82F3097F82F3000E002231846303707
:10C3A000BD4680BD80B58CB000AFF860B960134663
:10C3B000FB80FB68D3F88C30202B42D1BB68002B6C
:10C3C00002D0FB88002B01D101233BE0FB68012256
:10C3D000DA66FB6800221A67FB881A46B968F868B3
:10C3E000FEF7C0F9034687F82F3097F82F30002B5F
:10C3F00024D1FB68DB6E012B1DD1FB681B6810226A
:10C400001A62FB681B68BB61BB6953E8003F7B6134
:10C410007B6943F01003BB62FB681B681A46BB6A6A
:10C420007B623A62396A7A6A41E80023FB61FB6900
:10C43000002BE6D102E0012387F82F3097F82F3048
:10C4400000E0022318463037BD4680BD80B483B07B
:10C4500000AF78607B681B6F18460C37BD465DF8EF
:10C46000047B704780B485B000AFF8603B1D83E863
:10C470000600FB681B685B6823F010023B891946C5
:10C48000FB681B680A435A60FB681B685B6823F003
:10C490007F41BB7A1A06FB681B680A435A6000BFDB
:10C4A0001437BD465DF8047B704780B485B000AF9B
:10C4B00078607B685B6E002B08D17B680122A3F853
:10C4C0006A207B680122A3F8682031E01023FB7307
:10C4D0001023BB737B681B689B685B0EDBB203F0A9
:10C4E00007037B737B681B689B685B0FDBB203F001
:10C4F00007033B73BB7B3A7B10498A5C02FB03F367
:10C500003A7B0F498A5C93FBF2F39AB27B68A3F8FB
:10C510006A20FB7B7A7B09498A5C02FB03F37A7B06
:10C5200007498A5C93FBF2F39AB27B68A3F8682010
:10C5300000BF1437BD465DF8047B70476C4A120893
:10C54000744A120880B400AF024B1846BD465DF82D
:10C55000047B70470003030180B58CB000AF034635
:10C56000FB710023FB62FB79002B09D0FB79012BC7
:10C5700006D0FB79022B03D06FF00103FB6255E07C
:10C58000FB79002B0FD12C4BD3F8E0302A4A43F033
:10C590000203C2F8E030284BD3F8E03003F0020386
:10C5A0007B617B6921E0FB79012B0FD1224BD3F812
:10C5B000E030214A43F01003C2F8E0301E4BD3F8BC
:10C5C000E03003F010033B613B690EE01A4BD3F8F7
:10C5D000E030194A43F00203C2F8E030164BD3F8BA
:10C5E000E03003F00203FB60FB68FB79134A32F88A
:10C5F0001330BB610123FB6100233B6203237B6299
:10C60000FB790F4A52F8233007F1180211461846F9
:10C61000EEF7FCFEFB790A4A52F82300FB79074A41
:10C6200032F8133000221946EFF7C2F9FB6A1846B8
:10C630003037BD4680BD00BF004402587C4A120816
:10C640001800003080B588B000AF0346FB710023AE
:10C65000FB61FB79002B09D0FB79012B06D0FB791C
:10C66000022B03D06FF00103FB6119E0FB790F4A45
:10C6700052F82300FB790E4A32F813300022194693
:10C68000EFF796F9FB790A4A32F81330BB60FB7971
:10C69000064A52F82330BA6811461846EFF766F892
:10C6A000FB6918462037BD4680BD00BF180000302A
:10C6B0007C4A120880B584B000AF0346FB710023AA
:10C6C000FB60FB79002B09D0FB79012B06D0FB79AD
:10C6D000022B03D06FF00103FB600BE0FB79084AEB
:10C6E00052F82300FB79074A32F813300122194629
:10C6F000EFF75EF9FB6818461037BD4680BD00BFF6
:10C70000180000307C4A120880B584B000AF0346A0
:10C71000FB710023FB60FB79002B09D0FB79012B17
:10C7200006D0FB79022B03D06FF00103FB600BE016
:10C73000FB79084A52F82300FB79074A32F8133094
:10C7400000221946EFF734F9FB6818461037BD464A
:10C7500080BD00BF180000307C4A120880B584B04C
:10C7600000AF0346FB710023FB60FB79002B09D06F
:10C77000FB79012B06D0FB79022B03D06FF001036C
:10C78000FB600BE0FB79084A52F82320FB7907494C
:10C7900031F8133019461046EFF723F9FB681846B5
:10C7A0001037BD4680BD00BF180000307C4A12081B
:10C7B00080B584B000AF0346FB71FB79002B09D034
:10C7C000FB79012B06D0FB79022B03D06FF001031C
:10C7D000FB600DE0FB79094A52F82320FB790849F8
:10C7E00031F8133019461046EFF7CAF80346FB60DC
:10C7F000FB6818461037BD4680BD00BF18000030EA
:10C800007C4A120880B588B000AF03460A46FB7127
:10C810001346BB712E4BD3F8E0302D4A43F004038E
:10C82000C2F8E0302A4BD3F8E03003F00403BB60D9
:10C83000BB684FF40053FB6002237B610223BB61A2
:10C84000BB79002B0CD100233B61FB79214A52F8C4
:10C85000233007F10C0211461846EEF7D7FD31E000
:10C860004FF488133B61FB791A4A52F8233007F1E1
:10C870000C0211461846EEF7C9FDFB79DB00164A9B
:10C880001A44FB79154951F8233019461046EEF742
:10C89000EEFCFB79DB00104A9818FB79104A52F83D
:10C8A00023301A460021EEF7C3FC2820FB790D4AFD
:10C8B00052F8233000221946EAF75DFA2823184679
:10C8C000EAF773FA002318462037BD4680BD00BF43
:10C8D0000044025824000030541A00308C4A1208D8
:10C8E000280000302C00003080B588B000AF03462F
:10C8F000FB714FF40053FB6028231846EAF763FAF4
:10C90000FB79064A52F82330FA6811461846EEF7CA
:10C910002DFF002318462037BD4680BD240000307F
:10C9200080B582B000AF0346FB71FB79064A52F82E
:10C9300023304FF4005211461846EFF721F8034612
:10C9400018460837BD4680BD2400003080B582B04F
:10C9500000AF0346FB71FB79DB00044A1344184621
:10C96000EEF799FC00BF0837BD4680BD541A003071
:10C9700080B483B000AF0346FB7100BF0C37BD46E7
:10C980005DF8047B704780B584B000AF0346396022
:10C99000FB710023FB60FB79002B03D06FF00103D8
:10C9A000FB6018E0FB79942202FB03F30C4A13446A
:10C9B000184600F0BCF8FB79942202FB03F3084A06
:10C9C00013443968184600F047F80346002B02D09C
:10C9D0006FF00303FB60FB6818461037BD4680BD4F
:10C9E0005C1A003080B584B000AF0346FB710023B1
:10C9F000FB60FB79002B03D06FF00103FB6022E0AA
:10CA0000FA79FB79124951F822201249942000FB4F
:10CA100003F30B441A60FB79942202FB03F30D4AE3
:10CA20001344184600F0DAF8FB79942202FB03F372
:10CA3000084A13441846FAF71FFE0346002B02D09B
:10CA40006FF00303FB60FB6818461037BD4680BDDE
:10CA5000140000305C1A003080B582B000AF7860FE
:10CA60003960154B1A687B681A603B681A687B68E6
:10CA70005A607B680C225A613B685B891A467B6866
:10CA80001A613B685A687B689A603B681B891A4642
:10CA90007B68DA603B689B891A467B689A617B6891
:10CAA0004FF40042DA617868FAF762FC03461846F0
:10CAB0000837BD4680BD00BF1400003080B483B08D
:10CAC00000AF0346FB71074B1B78FA799A4202D0FC
:10CAD000044AFB791370002318460C37BD465DF8F5
:10CAE000047B7047F01A003080B582B000AF7860E8
:10CAF000094B1B781A46942302FB03F3074A981844
:10CB0000391D4FF47A730122FAF709FE7B68184643
:10CB10000837BD4680BD00BFF01A00305C1A0030F7
:10CB200080B500AF0020FFF723FF00BF80BD80B5B8
:10CB30008AB000AF7860274BD3F8E030254A43F045
:10CB40000803C2F8E030234BD3F8E03003F00803C9
:10CB50003B613B691F4BD3F8E0301E4A43F00803AA
:10CB6000C2F8E0301B4BD3F8E03003F00803FB6061
:10CB7000FB68184BD3F8E830164A43F48023C2F818
:10CB8000E830144BD3F8E83003F48023BB60BB6873
:10CB90004FF480737B610223BB6102233B6201235C
:10CBA000FB6107237B6207F1140319460A48EEF77D
:10CBB0002DFC4FF400737B610223BB6107237B6272
:10CBC00007F1140319460448EEF720FC00BF28378C
:10CBD000BD4680BD00440258000C025880B588B0A4
:10CBE00000AF78604FF48073FB60FB6819460B4818
:10CBF000EEF7BCFD4FF40073FB60FB681946074875
:10CC0000EEF7B4FD064BD3F8E830054A23F4802351
:10CC1000C2F8E83000BF2037BD4680BD000C025886
:10CC20000044025880B500AF0220FFF743FDFEE745
:10CC300080B582B000AF414B1B68414A1360414B45
:10CC40001B683F4A5360404B1B683D4A93603F4B13
:10CC50001B683B4AD3603E4B1B68394A13616B46E5
:10CC6000374A5361E4F750FA0346354A9361E7F7D0
:10CC7000D5FD0346324AD361314B5B69B3F1405F66
:10CC800013D32F4B5B69334A93420ED22C4B5B6913
:10CC90007B607B681B682A4AD3627B685B69284A91
:10CCA00093627B689B69264A5362254B00221A6275
:10CCB000234B5B6803F08043002B1FD0204B1B6885
:10CCC000DBB2002B03D01E4B03221A621FE01C4B69
:10CCD0001B6803F47F43002B03D0194B04221A6214
:10CCE00015E0174B1B68B3F5803F03D3144B0522A7
:10CCF0001A620CE0124B01221A6208E0104B5B68CA
:10CD000003F00203002B02D00D4B02221A620C4BDF
:10CD10005B69114A934202D8094B06221A62084BFA
:10CD2000DB69002B04D0064BDB69B3F5005F02D949
:10CD3000034B07221A6263BE00BFFDE728ED00E047
:10CD4000141B00302CED00E034ED00E038ED00E085
:10CD500024ED00E000200030FF00003080B483B0FC
:10CD600000AF054B1B687B60044B1B683B607B6816
:10CD70003B6800BEFEE700BF28ED00E034ED00E0B8
:10CD800080B483B000AF054B1B687B60044B1B680D
:10CD90003B607B683B6800BEFEE700BF28ED00E01B
:10CDA00038ED00E080B483B000AF034B1B687B60BC
:10CDB0007B6800BEFEE700BF28ED00E080B400AF56
:10CDC00000BEFEE780B400AF00BEFEE780B400AF57
:10CDD000034B00221A6000BFBD465DF8047B70471C
:10CDE000441B003080B500AFE4F78EF903461846C7
:10CDF00080BD80B500AF72B600BF0248E8F77EFB89
:10CE0000FBE700BF904A120880B582B000AFE8F798
:10CE10001FFF0A4BD3F8DC30084A43F08043C2F8C6
:10CE2000DC30064BD3F8DC3003F080437B607B685A
:10CE3000E8F7CEFA00BF0837BD4680BD004402586F
:10CE400080B584B002AF0220FFF786FB0220FFF717
:10CE500085FC424BD3F8E030404A43F00073C2F8FF
:10CE6000E0303E4BD3F8E03003F000733B603B68AA
:10CE70000120EEF7BFFEF5F7EBF9012202210020B9
:10CE8000F5F76CF9364B1B6803F0F003702B08D1F3
:10CE9000344BD3F80431334A43F00103C2F8043170
:10CEA00007E0304BD3F814312E4A43F00103C2F8A7
:10CEB0001431FFF7A9FF0120E6F7FEF903462A4ADD
:10CEC0001360032200210120E6F768F90346274A90
:10CED0001360002220210520E6F760F90346244A6A
:10CEE0001360224B1868002300220021E6F7FCF9AA
:10CEF0001D4B1B68002B07D01C4B1B68002B03D05D
:10CF00001B4B1B68002B00D1FEE7174B1B68194910
:10CF10001846E7F718FA154B1B6817491846E7F744
:10CF200012FA002301930123009300237F22134967
:10CF30001348E3F741FD7860002301930123009338
:10CF400000237F220F491048E3F736FD7860E3F7AE
:10CF500067FF00BF0837BD4680BD00BF00440258D0
:10CF600000ED00E000640258CC190030D019003008
:10CF7000D4190030AC4A1208BC4A1208D44A12082C
:10CF8000FD551008E44A12083155100880B487B0E6
:10CF900000AFF860B9607A60FB687B61BB683B6199
:10CFA0000AE03A69531C3B617B69591C796112782C
:10CFB0001A707B68013B7B607B68002BF1D1FB68BA
:10CFC00018461C37BD465DF8047B704780B485B0B9
:10CFD00000AF786039607B68FB6007E03A68531CFB
:10CFE0003B607B68591C796012781A703B681B782B
:10CFF000002BF3D17B6800221A70FB6818461437A7
:10D00000BD465DF8047B704780B485B000AF7860A2
:10D010000023FB6005E0FB680133FB607B680133A4
:10D020007B607B681B78002BF5D1FB6818461437B2
:10D03000BD465DF8047B704780B500AFEEF700FE9B
:10D0400000BF80BD80B500AFE8F702FFE4F70EFF38
:10D050000346012B01D0E7F7B8FF00BF80BD0CB439
:10D0600080B485B000AF786039600023FB60BB6995
:10D07000BB603B68002B0BD1002318E0BB685A1C37
:10D08000BA60FA68511CF96079680A441B78137019
:10D09000BB681B78002B04D03B68013BFA689A42BE
:10D0A000ECD37A68FB68134400221A70FB681846B8
:10D0B0001437BD465DF8047B02B0704780B582B07E
:10D0C00000AF114B7B60114B3B6007E07A68131D8A
:10D0D0007B603B68191D396012681A603B680C4A16
:10D0E0009342F3D30B4B3B6004E03B681A1D3A605C
:10D0F00000221A603B68084A9342F6D3FFF7A0FE6D
:10D1000000BF0837BD4680BDEC4E1208000000305D
:10D11000DC060030DC060030C81C003000F026B809
:10D1200008B52DED028BB0EE408A00F01BF8B4EE8E
:10D13000488AF1EE10FA06D6DFED098AB4EEE88AE5
:10D14000F1EE10FA02D4BDEC028B08BD00F08AFBB0
:10D1500088EEA80ABDEC028B2123036008BD00BF46
:10D1600000000000B1EEC00A704700BF10B582B0E9
:10D17000CDED010A019B23F00042B2F1FF4FF0EE2A
:10D18000407A30D810EE100A20F00041B1F1FF4F84
:10D1900029D8B3F17E5F3ED09C1704F0020444EA24
:10D1A000D07431B37AB3B2F1FF4F3FD0B1F1FF4F3A
:10D1B00029D0891AB1F1F45F4FEAE15233DA002B3A
:10D1C00041DA3C323FDA9FED330A012C4DD0022C7C
:10D1D00042D064B19FED307ADFED307A30EE070A4D
:10D1E00030EE670A03E09DED017A37EE270A02B0C0
:10D1F00010BD022C0CD09FED2A7A032C08BFB0EE94
:10D20000470A02B010BD00280ADB9FED260AEEE7B0
:10D210009FED220AEBE702B0BDE8104000F04CB8E9
:10D220009FED210AE3E79FED1F0ACEE7B1F1FF4F23
:10D2300004F1FF3420D0022C26D81C4B03EB8403CE
:10D2400093ED000AD3E79DED017A87EE870A00F09F
:10D2500005F900F031F8B8E79FED0F7ADFED0F7AAE
:10D2600030EE070A37EEC00AC1E710EE103A03F1BC
:10D27000004300EE103ABAE7022C08D80C4B03EB3F
:10D28000840393ED000AB2E79FED020AAFE79FED3A
:10D29000090AACE7000000002EBDBB33DB0F49409C
:10D2A000DB0F49C0DB0FC93FDB0FC9BFF44A1208CF
:10D2B000004B1208DB0F493F38B510EE105A25F02D
:10D2C0000044B4F1A14FF0EE407A07D3B4F1FF4F20
:10D2D00055D8002D77DD9FED4E0A38BD4D4B9C4251
:10D2E0005CD8B4F1445F4DD34FF0FF3327EEA76A0B
:10D2F0009FED495A9FED497ADFED495ADFED494AE2
:10D3000066EE066A5A1CA6EE857AE6EEA54A9FED01
:10D31000465ADFED465AA7EE265AE4EEA65A9FED8E
:10D32000447ADFED444AA5EE267AE5EEA64A9FED63
:10D33000425ADFED425AA7EE265A9FED417AA4EEFB
:10D34000A67AE5EE265A27EE267AA5EE867A27EE0D
:10D35000877A3BD03B493C4A01EB8301D1ED006A1F
:10D3600037EE667A02EB8303D3ED006A37EE677A15
:10D37000002D36EEC70AB0DAB1EE400A38BD30EE05
:10D38000000A38BD9FED317A30EE077AF7EE006A79
:10D39000B4EEE67AF1EE10FAA6DD38BD00F05EF8E4
:10D3A0002B4B9C4215D8A3F5D0039C4226D8F0EE17
:10D3B000007ABFEE007AA0EE277A002330EE270A2B
:10D3C000C7EE007A92E79FED230A38BD37EEC70A11
:10D3D00038BD214B9C420BD8F7EE087AB7EE007AA5
:10D3E000A0EE277A022330EE670AC0EE077A7DE7C7
:10D3F000BFEE007AC7EE007A032377E7F7EE007AF4
:10D4000030EE677A30EE270A0123C7EE007A6DE727
:10D41000DB0FC93FFFFFDF3ED769853C59DA4B3D43
:10D4200021A215BD6BF16EBD356B883D95879DBD05
:10D430006E2EBA3D388EE3BD2549123EABAAAA3EF8
:10D44000CDCC4CBE0C4B12081C4B1208CAF24971D1
:10D45000FFFF973FDB0FC9BFFFFF1B4010EE103AE5
:10D4600023F0004300EE103A704700BF024A034920
:10D47000034800F0C9B800BF30000030A501120811
:10D48000400000300C4B4168994210B5044601D071
:10D4900002F088FEA168094B994202D0204602F0B2
:10D4A00081FEE168064B994204D02046BDE8104059
:10D4B00002F078BE10BD00BF481B0030B01B00302A
:10D4C000181C00302DE9F843314A324C3249DFF85C
:10D4D000DC90DFF8DC80314F116000250423294601
:10D4E000082204F15C00C4E903352D4EA560C4E9AF
:10D4F0000055C4E90555656600F012F904F15800BD
:10D50000C4E90749C4E90987E66200F0B1F9294690
:10D51000244B6367082204F1C400C4E91A55C4E926
:10D520001E552567C4F8CC50C4F8805000F0F8F8B8
:10D5300004F1680304F1C000C4F88430C4E92298FF
:10D54000C4E9247600F094F9174BC4F8DC3029467E
:10D5500004F596700822C4E93455C4E93855C4F876
:10D56000D850C4F83451C4F8E85000F0D9F804F1A8
:10D57000D003C4E93D87C4F8F09004F59470C4F872
:10D58000FC60C4F8EC30BDE8F84300F071B900BFAE
:10D59000801C0030481B00306DD41108F5D61108EE
:10D5A00019D71108090001001200020091D61108D4
:10D5B000B5D6110810B504460A4800F05DF9636B52
:10D5C00023B9094B094A1B68626323B1BDE81040C7
:10D5D000044800F053B9FFF775FFBDE8104001485B
:10D5E00000F04CB98C1C0030801C003085D4110830
:10D5F000014800F041B900BF8C1C0030014800F028
:10D600003DB900BF8C1C00302DE9F8430746884621
:10D6100016464FF00009D6E90154013D10D4A38904
:10D62000012B08D9B4F90E3001332146384602D017
:10D63000C04749EA0009013D6B1C04F16804EED1C2
:10D640003668002EE7D14846BDE8F8830EB430B501
:10D650009CB06FF000411FAB049107910A4953F849
:10D66000042B029000240690084D0868019302A93B
:10D6700005951B9400F030FD029B1C701CB0BDE8AA
:10D68000304003B0704700BF3C0000300802FFFF8D
:10D6900010B50C46B1F90E1000F0B8F8002803DB05
:10D6A000236D0344236510BDA38923F48053A38114
:10D6B00010BD00BF2DE9F0410C46B1F90C101F461A
:10D6C000CB05054616460BD421F48051A1813B467B
:10D6D000B4F90E1032462846BDE8F04100F0ACB86F
:10D6E000B4F90E100223002200F07AF8B4F90C10FD
:10D6F000EAE700BF10B50C46B1F90E1000F070F863
:10D70000B4F90C30421C0EBF23F4805343F4805311
:10D710002065A38110BD00BFB1F90E1000F04EB816
:10D72000830730B546D08418844604E003F8011B13
:10D730009D0704D09C46A4456346F7D130BD013A0D
:10D740000244A2EB0C02032A29D9CCB204EB042434
:10D750000F2A04EB04442FD9A2F1100C2CF00F0C6B
:10D7600003F11005AC44C3E90044C3E9024410339B
:10D770006345F8D112F00C0F02F00F0E18D02EF006
:10D78000030C9C44AEF104051A4642F8044B624572
:10D79000FBD125F0030404330EF003022344002AD6
:10D7A000CCD0C9B21A4403F8011B9342FBD130BD5F
:10D7B0007246F4E70346C6E79646E0E738B5074DFC
:10D7C0000022044608462A6007F036F8431C00D0C1
:10D7D00038BD2B68002BFBD0236038BD841C003083
:10D7E00038B50D46084C8446114628461A46002393
:10D7F0002360654607F048F8431C00D038BD236815
:10D80000002BFBD02B6038BD841C003038B50D4692
:10D81000084C8446114628461A4600232360654674
:10D8200007F03AF8431C00D038BD2368002BFBD02A
:10D830002B6038BD841C003038B50D46084C84463A
:10D84000114628461A4600232360654607F03AF839
:10D85000431C00D038BD2368002BFBD02B6038BDA3
:10D86000841C0030014B1868704700BF3C0000303A
:10D87000704700BF704700BF704700BF704700BFD0
:10D880002DE9F84306460820894602F0FBFDDFF843
:10D89000A4800546304600F013FCD8F808305F68D5
:10D8A00027F00307A7F11104A4EB09042C44B4FBEF
:10D8B000F5F4013C05FB04F4A54208DC00213046E8
:10D8C00002F0CEFDD8F808303B44984205D03046EF
:10D8D00000F0FCFB0020BDE8F8836142304602F016
:10D8E000BFFD01300FD0114AD8F808303F1B47F078
:10D8F00001075F60136830461B1B136000F0E6FBF6
:10D900000120BDE8F8830021304602F0A9FDD8F8D7
:10D910000820831A0F2BDADD43F001035360044B18
:10D9200002491B68C01A0860D1E700BF901C003094
:10D93000600100306801003000295BD0F8B50C466A
:10D94000074600F0BDFB54F804CC744DA4F1080266
:10D950002CF00103D118A8684E68884226F003060F
:10D960000CF0010E7ED088194E60406800F0010076
:10D97000BEF1000F2FD154F8084C121B23449468B9
:10D9800005F1080C644562D0D2F80CE0C4F80CE054
:10D99000CEF8084000287FD043F0010050600B60B3
:10D9A000B3F5007F2FD2D90868685C0901310123E3
:10D9B00009B2A34003436B6055F83100906005EB5A
:10D9C000C103083BD36045F83120C2603846BDE84A
:10D9D000F84000F07BBB70B9334405F1080C88684F
:10D9E000604543F0010471D0C968C160886054602B
:10D9F000D350D5E770474CF00101B3F5007F44F8F0
:10DA0000041CD350CFD3B3F5206F4FEA532045D237
:10DA1000980900F1390109B200F13804C900681809
:10DA200069580838884203D157E08968884204D091
:10DA30004C6824F003049C42F7D8C868C2E902107D
:10DA400082603846CA60BDE8F84000F03FBB88BB42
:10DA50001E44D1E90213CB60996046F00103536084
:10DA60009651B3E71E44BEF1000F07D154F8083CAD
:10DA7000D21A1E44D2E90213CB60996046F001032A
:10DA80005360274BAA601B68B3429FD8254B38468A
:10DA90001968FFF7F5FE99E73344A0E714280ED97B
:10DAA000542821D8180B00F16F0109B200F16E045F
:10DAB000C900B4E743F0010050600B6086E700F155
:10DAC0005C0109B200F15B04C900A8E7C5E90422C2
:10DAD000C2E902CC5460D35078E76E68A4100123E9
:10DAE000A34033436B60A9E7B0F5AA7F07D8D80BF2
:10DAF00000F1780109B200F17704C9008FE740F224
:10DB00005451884206D8980C00F17D0100F17C0444
:10DB1000C90084E74FF47E717E2480E768010030FD
:10DB200064010030C01C00302DE9F04F01F10B05FD
:10DB3000162D83B0064623D8102900F2B48000F0D9
:10DB4000BFFA102518230220B84F3B44A3F1080266
:10DB50005C68944200F064816368E268A16823F025
:10DB60000303CA602344304691605A6842F00102C0
:10DB70005A6000F0ABFA0834204603B0BDE8F08FDD
:10DB800035F0070500F18F80A94200F28C8000F08B
:10DB900097FAB5F5FC7FC0F0B8815FEA552E00F02A
:10DBA0008980BEF1040F00F270814FEA951E0EF1DC
:10DBB000390003B20EF1380EDB009C4F3B44A3F159
:10DBC000080C5C68A44507D10DE0002AE16880F2EA
:10DBD00021818C4507D00C46636823F003035A1B50
:10DBE0000F2AF2DD7046DFF85C823C69444500F0A4
:10DBF000FE80636823F0030CACEB05030F2B00F3EE
:10DC00008981002BC7E9048880F27381BCF5007F0D
:10DC1000D7F804E080F018814FEADC03013319B231
:10DC20004FEA5C1C012303FA0CF357F83120A26081
:10DC30004EEA030E07EBC103083BE360C7F804E0BC
:10DC400047F83140D46083104FF0010C0CFA03FC0C
:10DC5000F44535D81CEA0E0F08D120F003004FEA36
:10DC60004C0C1CEA0E0F00F10400F8D007EBC00AC0
:10DC7000D6468146DEF80C300BE0596821F00301EE
:10DC80004A1B0F2A1C46DB6800F30F81002A80F232
:10DC900023819E45F1D109F1010919F0030F0EF11D
:10DCA000080EE7D161E10C2333600024204603B065
:10DCB000BDE8F08F4FF4007340204FF03F0E7CE73B
:10DCC000BC68636823F00309A94504D3A9EB0503E5
:10DCD0000F2B00F38F80564B1B68082003F11008B0
:10DCE00004EB0903009302F0CDFB524A13680133A1
:10DCF000A844834605D008F1FF388044434203EA34
:10DD000008084146304602F0ABFBB0F1FF3F494AFC
:10DD1000824600F01B8104EB0903834200F2148168
:10DD2000454B186840440BF1FF3C186000F07281CD
:10DD30001168013100F07A8104EB0902AAEB0202BA
:10DD400002441A601AF00702CDE9002300F0328184
:10DD5000C2F108029244D04408EA0C015A44521A13
:10DD600002EA0C0B5946304602F07AFB421C019B3A
:10DD700000F07981A0EB0A0000EB0B081868C7F8E7
:10DD800008A048F001025844BC42CAF804201860B8
:10DD900016D0B9F10F0F40F24C816168A9F10C0265
:10DDA00022F0070201F00101114361604FF0050C00
:10DDB000A1180F2AC1E901CC00F25D81DAF8042034
:10DDC0001E4B1968814238BF18601D4B196881428B
:10DDD00038BF1860544622F00308A845A8EB050395
:10DDE00001D30F2B06DC304600F070F95DE7D7F861
:10DDF00004E028E7621943F0010345F0010565607E
:10DE00003046BA60536000F061F90834204603B030
:10DE1000BDE8F08FA2682344D16030468A60A4E652
:10DE2000DC68A3427FF498AE0230DCE66801003083
:10DE3000C01C003060010030901C0030BC1C003061
:10DE4000B81C003070010030BCF5206F4FEA5C2236
:10DE500072D3142A00F2C18002F15C031BB25B3260
:10DE6000DB00F918FB580839994203D198E09B6808
:10DE7000994204D05A6822F003026245F7D8D96863
:10DE8000C4E902318C60DC60DDE6BEF1140F60D9BC
:10DE9000BEF1540F00F2AB804FEA153E0EF16F0059
:10DEA00003B20EF16E0EDB0087E6D4F808C03046F0
:10DEB000661945F001056560CCF80C30C3F808C060
:10DEC00042F00103C7E90466C6E902887360625044
:10DED00000F0FCF80834E9E6214430464A6842F094
:10DEE00001024A6054F8082FD3609A6000F0EEF8FF
:10DEF000DCE6A4443046DCF8043043F00103CCF8FF
:10DF0000043000F0E3F80834D0E6E808431C1BB204
:10DF1000DB0019E6621943F0010145F00105656077
:10DF20003046C7E90422C2E90288516044F80C3047
:10DF300000F0CCF80834B9E64FEA9C1202F139033C
:10DF40001BB23832DB008CE7BC425CD0BC68626834
:10DF500041E70EF15C0003B20EF15B0EDB002CE634
:10DF60005AF80839534540F0A68010F0030F00F12D
:10DF7000FF30F5D17B6823EA0C037B604FEA4C0C41
:10DF80009C453FF69DAEBCF1000F04D198E64FEAE8
:10DF90004C0C09F104091CEA030FF8D0484665E669
:10DFA00092104FF0010C0CFA02F24EEA020EC7F882
:10DFB00004E065E70AEB080202EA0C02ABEB02029E
:10DFC00002EA0C0B5946304602F04AFA431C019B08
:10DFD0007FF4D0AEDDF800B0D0E6542A2DD84FEA59
:10DFE0001C3202F16F031BB26E32DB0039E7BEF563
:10DFF000AA7F2DD84FEAD53E0EF1780003B20EF17C
:10E00000770EDB00D9E52D4B186840440BF1FF3C3F
:10E0100018608DE61AEA0C0F7FF48AAED7F808A0D4
:10E02000C84448F00102CAF80420C9E6C2F800A0BA
:10E0300088E60123CAF80430D5E6B2F5AA7F25D8D0
:10E040004FEADC3202F178031BB27732DB0008E7DB
:10E0500040F254539E4524D8AB0C03F17D0003F1EC
:10E060007C0EC300A9E5009A083A9044A8EB0A0880
:10E070004FF0000B82E6304604F108010093FFF7F1
:10E080005BFC009BD7F808A0186897E640F2545351
:10E090009A420CD84FEA9C4202F17D03DB007C32AD
:10E0A000DFE64FF47E737F204FF07E0E85E54FF460
:10E0B0007E737E22D5E67B6860E700BF901C00304F
:10E0C0000148FFF7D9BB00BF881C00300148FFF7AB
:10E0D000D5BB00BF881C00302DE9F04FD3B00C46F3
:10E0E000059192460C93079002F0B6F903681493D9
:10E0F0001846FEF789FFA38913901D0603D52369EF
:10E10000002B01F0BE80002356469E46CDE9273302
:10E110009FED6F7B29AB269399463378CDF854E079
:10E12000CDE917EE8DED107BCDF858E0CDF820E06D
:10E13000CDF838E0002B00F04D81354604E015F8AD
:10E14000013F002B00F08E80252BF8D1AC1B40F056
:10E150008C802B78002B00F03D8100234FF0FF32A4
:10E1600095F801808DF87B300693013504929A462C
:10E170000135A8F120035A2B00F2AE80DFE813F03E
:10E180003804AC00AC003204AC00AC00AC001204AB
:10E19000AC00AC00A302BE02AC00AE024A04AC006C
:10E1A00044045B005B005B005B005B005B005B00AA
:10E1B0005B005B00AC00AC00AC00AC00AC00AC00A1
:10E1C000AC003601AC006802A50436013601360108
:10E1D000AC00AC00AC00AC000C04AC00AC00BE0366
:10E1E000AC00AC00AC007C02AC006804AC00AC003D
:10E1F000EB07AC00AC00AC00AC00AC00AC00AC0079
:10E20000AC003601AC0068027801360136013601F7
:10E21000C40278016D00AC00E002AC00D102AB0397
:10E2200080036D00AC007C026A00ED02AC00AC0023
:10E230005908AC006A00A8F13003002215F8018BE0
:10E2400002EB820203EB4202A8F13003092BF5D95D
:10E2500006928EE795F800808AE795F800804AF0EC
:10E26000200A85E7AC1B00F0B580279A289B013275
:10E270002344072AC9E900642893279205DC09F1A1
:10E280000809089B2344089363E70599079826AA81
:10E2900001F05CFF80B90DF1A409F2E70599079838
:10E2A00026AA01F053FF002800F08580099B1BB1CE
:10E2B00009990798FFF740FB059B9B895B0601F1D5
:10E2C0003A87089853B0BDE8F08F00BFAFF30080E5
:10E2D0000000000000000000B8F1000F7AD0002319
:10E2E00001228DF8E4808DF87B3009930A92049323
:10E2F00012930F930D9339AE0392289C1AF0840366
:10E30000A64600F0F5809DF87B2022B327980027D1
:10E3100001300DF17B020134C9F8002007284FF0CD
:10E320000102CDE92704C9F8042000F3CD8409F1E6
:10E33000080987B1279801301FAA0234C9F80020C4
:10E3400007284FF00202CDE92704C9F8042000F3A2
:10E35000AC8409F10809802B00F0D583049B0A9A4C
:10E360009F1A002F00F3D5801AF4807F40F01181AE
:10E370000A9BC9F804301C44279BC9F8006001338C
:10E38000072B2894279300F3378409F108091AF022
:10E39000040F05D0069B039A9E1A002E00F3A38457
:10E3A000089B069A03998A42ACBF9B185B18089396
:10E3B000002C7FF473AF00232793099B1BB10999AD
:10E3C0000798FFF7B9FA0DF1A4092E463378002B10
:10E3D0007FF4B3AE289B002B3FF46EAF059C0798EB
:10E3E00026AA214601F0B2FEA38967E70C9B0733FA
:10E3F00023F00703B3EC027B8DED107B0C93119B94
:10E400008DED1A7A23F000431B93DDE91A01B64B18
:10E410004FF0FF3205F0ECFF002840F02586DDE9E3
:10E420001A01B14B4FF0FF3205F0C4FF044600283B
:10E4300040F01A86DDE91001002200232AF0800A4C
:10E4400005F0AEFF002841F075819DF87B30B8F1F2
:10E45000470FCCBFA54EA64E002B41F0C38503222B
:10E4600009930A92049312930F930D93039244E736
:10E470001AF0200F00F0E6850C9B073323F007030A
:10E480001A465B6852F8084B0C921F46002BC0F2EC
:10E490002D83049A002A05DB54EA07032AF0800A38
:10E4A00000F0D8860A2C77F1000380F0768104F121
:10E4B0003003DBB2049A8DF84731012AB8BF01223C
:10E4C00003929DF87B3001220A920DF24716002B31
:10E4D00000F0F480039B289C0133039300230993ED
:10E4E00012930F930D931AF08403A6467FF40BAF9B
:10E4F000069A0398171A002F00F3F7849DF87B20E3
:10E50000002A7FF403AF049B0A9A9F1A002F7FF71B
:10E510002BAF102F279ADFF8DCB129DD49462046C2
:10E520000495079C059D1023B14604E0103F102F71
:10E5300001F1080118DD01326E4E1030072AC1E9E1
:10E540000063CDE92720F1DD26AA2946204601F007
:10E55000FDFD00287FF4AAAE103F102FDDE9272033
:10E5600029A94FF01003E6DC049D4E460446894677
:10E5700001323C44072ACDE92724C9F800B0C9F884
:10E58000047000F326851AF4807F09F108093FF42E
:10E59000EFAEB8F1650F40F33C83DDE910010022D6
:10E5A000002305F0F3FE002800F0DE83279B524A8B
:10E5B000C9F80020013301340122072B2894279346
:10E5C000C9F8042000F3B68709F10809209B0E9AC8
:10E5D000934280F22585139B149A1C44C9E90023B9
:10E5E000279B28940133072B279300F33D8609F1DD
:10E5F00008090E9B5E1E002E7FF7C9AE102E279BCA
:10E60000DFF8F0B040F3A78759462246AB46DDF865
:10E610001C80059C10270D4605E009F10809103EF5
:10E62000102E40F3948701331032072BC9E90057AD
:10E63000CDE92732F1DD26AA2146404601F086FDCC
:10E6400000287FF433AEDDE927320DF1A409E6E7B7
:10E650000C9B0022104601218DF87B20099253F873
:10E66000042B8DF8E4200C930A91049012900F90E3
:10E670000D9039AE039140E60C9C049B54F8046B5A
:10E6800000278DF87B70002E00F0AE87002BC0F2C3
:10E6900007861A463946304601F002FF9DF87B3066
:10E6A0000990002801F04E83821B0A9222EAE2724E
:10E6B0000392002B40F0008604930C94099312936C
:10E6C0000F930D9319E60C9B53F8042B0692002A26
:10E6D00080F2AC84069A0C935242069295F8008020
:10E6E0004AF0040A44E500BFFFFFEF7F304B1208F9
:10E6F0002C4B1208984C12086C4B12082B2395F8DF
:10E7000000808DF87B3033E595F80080B8F1680F14
:10E7100003BF95F801804AF4007A01354AF0400AB7
:10E7200026E50C9A1AF0200F02F1040300F001858F
:10E73000126808991160C91751600C932E4645E67E
:10E7400095F80080B8F16C0F03BF95F801804AF08E
:10E75000200A01354AF0100A0AE51AF0200F40F0AD
:10E7600092810C9A1AF0100752F8043B41F0408352
:10E770001AF0400100F0A3879CB2049B8DF87B70D7
:10E78000002B04DB2AF0800A002C00F077810A2C91
:10E7900077F100030C92FFF48AAE0AF48063002242
:10E7A000CDE909980395DFF8D0B6DDF85C8052A971
:10E7B00096461D4623E0E31943F10003ABFB03201B
:10E7C00020F0030202EB90029B1AE31A4FF0CC32C6
:10E7D000A146BC4602FB03F267F100070BFB0722D0
:10E7E000A3FB0B43B9F10A0F13444FEA54047CF125
:10E7F000000C314644EAC3744FEA53072BD3E319A4
:10E8000043F10003ABFB032020F0030202EB900274
:10E810009B1AE31AA3FB0B3267F100005B080BFBAA
:10E82000002243EAC27303EB8303A4EB43033033B8
:10E830000EF1010E01F8013C4E1E002DBBD098F8E0
:10E8400000307345B7D1BEF1FF0FB4D00A2C77F179
:10E85000000380F08C8752AB0499039DCDF85C8057
:10E860009B1B1A469142B8BF1146DDF82880DDF89F
:10E8700024900A93CDF838E09DF87B30039126E68A
:10E880000C9A049E52F8040B002147F630038E4286
:10E89000ADF87C308DF87B100346C0F2D0842AF0AE
:10E8A000800444F0020A002840F09686002E00F012
:10E8B000B5870C9230230122039609908DF84731D9
:10E8C00084460A920D904FF078080F9012900DF246
:10E8D000471600F096BC1AF0200F40F027840C9ADF
:10E8E0001AF0100152F8043B41F093821AF04000F4
:10E8F00000F0DC869BB20C9250460EE01AF0200F1E
:10E900004AF0100000F00A840C9B073323F0070341
:10E910001A46596852F8083B0C9200228DF87B2069
:10E92000049A002A17DB53EA010220F4906A14D1FA
:10E93000049A92B910F00102039200F0E2853023AC
:10E940008DF84731049B0A9212930F930D9309930C
:10E950000DF24716D1E420F4806A52AE03F00702AC
:10E96000DB0843EA4173C908303253EA01043046F8
:10E9700006F8012DF2D11AF001030D9340F09D82AB
:10E980000499129352AA921B9142B8BF11460A925F
:10E9900003910F930993B0E495F800804AF0080AB8
:10E9A000FFF7E6BB079F384601F056FD4368169314
:10E9B0001846FEF729FB18900446384601F04CFD36
:10E9C000836895F800801793002C3FF4D1AB002B9F
:10E9D0003FF4CEAB1B78002B3FF4CAAB4AF4806AFD
:10E9E000FFF7C6BB95F800804AF0010AFFF7C0BBED
:10E9F0009DF87B3095F80080002B7FF4B9AB202385
:10EA00008DF87B30FFF7B4BB95F800804AF0800AA0
:10EA1000FFF7AEBB294611F8018BB8F12A0F01F0C0
:10EA20006183A8F13003092B98BF002201F299817C
:10EA300011F8018B02EB820203EB4202A8F13003D2
:10EA4000092BF5D942EAE27304930D46FFF791BB17
:10EA50001AF0200F4AF0100116D10C9B1A1D0C9BC6
:10EA600004981B680027B8428DF87B701C46C0F2E2
:10EA7000E28321F0800A002B7FF489AE049B0C9284
:10EA8000DBB1002413E551460C9B073323F0070349
:10EA90001A465F6852F8084B0C9200238DF87B30C1
:10EAA000049B002BC0F2C88354EA070321F0800ABC
:10EAB0007FF4F8AC049B002BE3D10A9312930F93DD
:10EAC0000D930393099352AE17E41AF0200F4AF006
:10EAD000100340F0B4820C9A04320C990C920C682A
:10EAE000E7179A463B46002BBFF6D3AC2D238DF893
:10EAF0007B30049B644267EB4707002BFFF6D2ACE8
:10EB00002AF0800ACEE4069B039A9F1A002F7FF713
:10EB100025AC102F279ADFF864B32BDD4946204639
:10EB2000B1465C462E46DDF81CB0059D102304E07E
:10EB3000103F102F01F1080117DD01321030072AB4
:10EB4000C1E90043CDE92720F2DD26AA294658462F
:10EB500001F0FCFA00287FF4A9AB103F102FDDE98B
:10EB6000272029A94FF01003E7DC3546A3464E467F
:10EB70000446894601323C44072ACDE92724C9F8D6
:10EB800000B0C9F8047000F3108509F10809FFF717
:10EB9000E5BB279BB74AC9F80020013301340122A5
:10EBA000072B28942793C9F8042000F3268609F13F
:10EBB0000809002940F040850E9A0AF0010313432A
:10EBC0003FF4E5AB139B14991A19C9E90013279B6D
:10EBD00028920133072B279300F39C8609F108093B
:10EBE0000E99C9F8006001338C18072BCDE9273442
:10EBF000C9F804107FF7C9AB0599079826AA01F058
:10EC0000A5FA00287FF452AB289C0DF1A409FFF768
:10EC1000BEBB0E9B279F012B04F1010407F10107E6
:10EC200009F1080840F32E810123072FCDE927744D
:10EC3000C9F80060C9F8043000F3D881139B149A16
:10EC400001371C44072FC8E90023CDE9277400F3DE
:10EC5000DA8108F108080E9BDDE9100103F1FF39A4
:10EC60000022002305F092FB002840F08581013747
:10EC700001364C44072FCDE92774C8F80060C8F866
:10EC8000049000F30D8108F10808159BC8F80430C2
:10EC900001371C44072F22ABCDE92774C8F8003098
:10ECA000AADC08F10809FFF772BB059907981993C8
:10ECB00026AA01F04BFA00287FF4F8AA289C199B99
:10ECC0000DF1A409FFF747BB05990798199326AAE8
:10ECD00001F03CFA00287FF4E9AA289C199B0DF169
:10ECE000A409FFF726BB102E279BDFF894B127DD80
:10ECF0005A46DDF81C80DDF814A0AB4610271546F7
:10ED000004E0103E102E09F1080916DD013310341D
:10ED1000072BC9E90057CDE92734F2DD26AA514671
:10ED2000404601F013FA00287FF4C0AA103E102ECE
:10ED3000DDE927340DF1A409E8DC2A465D46934657
:10ED400001333444072BC9E900B6CDE927347FF7F6
:10ED500027AB0599079826AA01F0F8F900287FF457
:10ED6000A5AA289CFFF71CBB209900297FF711AFAB
:10ED7000DDE90D329342A8BF1346002B98460BDD08
:10ED80001C44C9E90063279B28940133072B279370
:10ED900000F3698609F108090D9FB8F1000FA8BFBB
:10EDA000A7EB0807002F00F38D820D9B1AF4806FEC
:10EDB00033449B4640F0AF82209A0E9B9A4203DB7D
:10EDC0001AF0010F00F03785139B14991C44C9E910
:10EDD0000013279B28940133072B279300F36787A1
:10EDE00009F108090E9BF718A7EB0B079E1AB7420B
:10EDF000A8BF3746002F0DDD279BC9F800B00133AF
:10EE00003C44072BC9F804702894279300F3B38778
:10EE100009F10809002FA8BFF61B002E7FF7B7AA3B
:10EE2000102E279BDFF854B040F3958359462246B5
:10EE3000AB46DDF81C80059C10270D4605E009F166
:10EE40000809103E102E40F3828301331032072B45
:10EE5000C9E90057CDE92732F1DD26AA214640460F
:10EE600001F074F900287FF421AADDE927320DF1C1
:10EE7000A409E6E76C4B1208CDCCCCCC984C120818
:10EE8000A84C12081AF0010F7FF4CEAE0123072F11
:10EE9000CDE92774C9F80060C9F804307FF7F5AEF2
:10EEA0000599079826AA01F051F900287FF4FEA9D8
:10EEB000DDE927740DF1A408E7E6302A00F0588355
:10EEC0003023049906F8013C023852AB1B1A9942D0
:10EED0004FF00002B8BF194609920A930646039103
:10EEE00012920F920D92FFF708BA279ADFF854B5E5
:10EEF000102F714629DD199548465D46C146B34637
:10EF00001024079E984604E0103F102F00F10800DF
:10EF100015DD01321031072AC0E90054CDE927215F
:10EF2000F2DD059926AA304601F010F900287FF499
:10EF3000BDA9103F102FDDE9272129A8E9DC5E4695
:10EF4000AB46199D4346C8468146501C7C1807288D
:10EF5000CDE92704C9F800B0C9F8047000F3BA82FB
:10EF60009DF87B2009F10809002A64D1002B3FF4A9
:10EF7000F5A91346FFF7DFB90E9B012B7FF785AE8E
:10EF8000112BDFF8BCB440F34B83224610265C46BD
:10EF9000D346AA46059D07E008F10808A9F1100923
:10EFA000B9F1100F40F3388301371032072FC8E949
:10EFB0000046CDE92772EFDD079826AA294601F021
:10EFC000C5F800287FF472A9DDE927720DF1A408C5
:10EFD000E4E70599079826AA01F0B8F800287FF41D
:10EFE00065A9289C0DF1A409FFF7BEB905990798FA
:10EFF00026AA01F0ABF800287FF458A9DDE92774B0
:10F000000DF1A4081AE60599079826AA01F09EF8C2
:10F0100000287FF44BA9DDE927740DF1A4081AE656
:10F020001AF0010F3FF4B3A9FFF7D5BA95F80080A5
:10F030000C93FFF79DB81F460023FFF769B99A4666
:10F04000FFF71ABA0C9A1AF0100F52F8044B40F05E
:10F05000DD861AF0400F0C9200F0488344F3C0376D
:10F060003B4624B2FFF712BADDE9100102460B4617
:10F0700005F0BEF98346002840F05987B8F1610FCA
:10F0800000F0FE84B8F1410F00F08586049B013347
:10F0900000F04E84B8F1670F119B4AF4807700F0BE
:10F0A000F386B8F1470F00F0EF860990DDE9101202
:10F0B000002AC0F2B1869DED107B8DED1C7B4FF0D8
:10F0C000000BA8F14103252B00F2C283DFE813F007
:10F0D0000007C003C003C0034404AF04C003C0035F
:10F0E000C003C003C003C003C003C003C003C00308
:10F0F000C003C003C003C003C003C003C003C003F8
:10F10000C003C003C003C003C003C003C003C003E7
:10F110000007C003C003C0034404AF040C9B1A1DC6
:10F120000C9B0C921B680021FFF7F7BB5046FFF7C2
:10F13000EBBB1AF0100F40F045821AF0400F40F080
:10F14000D5831AF4007F00F03D820C9A089912686A
:10F150001170FFF7F2BAB84C0C9A1AF0200100F0C7
:10F160009681073222F00702516852F8083B1AF0E4
:10F17000010000F0698153EA010000F0CB813020EA
:10F180008DF87C0000208DF87B0004988DF87D8040
:10F190000028C0F294812AF4906040F0020A03F043
:10F1A0000F00265C0AF002000C921B0943EA01736F
:10F1B0000A0953EA11118DF847610DF247160BD079
:10F1C00003F00F011B09615C06F8011D43EA02739D
:10F1D000120953EA0201F3D1049A52AB9B1B9A42E3
:10F1E0004FF0000CB8BF1A460A930392CDF824C022
:10F1F000CDF848C0CDF83CC0CDF834C000283FF46D
:10F200007CA8039BDDE92704023303931AF08403EF
:10F21000A646024604D1069F03997F1A002F06DCFA
:10F22000BCF1000F3FF487A80227FFF771B8022353
:10F230005CE6824C90E70C928A46FFF733B97F4C2C
:10F240000C9200F00F024AF0020AA65C02204FF076
:10F250007808AAE7002A40F0DE829DF87B3003920E
:10F260000A9252AEFFF733B90599079826AA00F023
:10F270006DFF00287FF41AA8289C0DF1A409FFF760
:10F28000B8B907984021FEF74FFC059B186018613C
:10F29000002800F04D87059A40235361FEF733BFE5
:10F2A0003046FDF7B1FE9DF87B300A9020EAE0720F
:10F2B0000392002B3FF400AA01323B4604970392CD
:10F2C000FFF7FBB9102F279BDFF874B140F32382BF
:10F2D0004A462146B146079C5E464FF01008AB46B1
:10F2E000059D04E00832103F102F40F30F820133D8
:10F2F0001031072BC2E90068CDE92731F2DD26AADB
:10F300002946204600F022FF00287EF4CFAFDDE939
:10F31000273129AAE7E70E9BDDF84880CDF864A0E5
:10F32000F31804930F9BDDF85CA00D95002B5F464E
:10F330004A462146DDF81CB0189CDDF81490129660
:10F3400031DDB8F1000F40F3EF8008F1FF38279866
:10F35000169B013021440728C2E9003428912790E8
:10F3600000F3A2800832049B9AF80000DE1B86425C
:10F37000A8BF0646002E0CDD27980130314407282F
:10F38000C2E900762891279000F302819AF80000E4
:10F390000832002EACBF851B0546002D15DC074446
:10F3A0000F9B002BCDDCB8F1000FCEDC129E0E9B24
:10F3B000CDF85CA0F3189F42BB460D9DDDF864A01C
:10F3C00091460C4628BF9B46F6E4102D27981C4B0F
:10F3D00023DD0A9410262C461D4604E0103C102C18
:10F3E00002F1080216DD0130154B10310728C2E981
:10F3F0000036CDE92701F1DD26AA4946584600F03E
:10F40000A5FE00287EF452AF103C102CDDE9270148
:10F4100029AAE8DC2B4625460A9C136001302944C2
:10F420000728CDE92701556000F30F839AF8000003
:10F4300008320744B4E700BF504B12083C4B120897
:10F44000984C1208A84C12088DF87B0004980028EC
:10F4500037DB53EA01002AF4906A7FF4A0AE0499E6
:10F46000002900F0B58023788DF8473101294FF04D
:10F4700000030C92B8BF01210122099303910A9263
:10F4800012930F930D930DF24716FEF736BF1AF045
:10F49000100052F8043B7FF46AAE1AF0400600F008
:10F4A0002F819BB2014662E626AA4946584600F0E3
:10F4B0004DFE00287EF4FAAE289929AA53E74AF0B7
:10F4C000020A0C9203F00F020AF00200A65C2AF472
:10F4D000806A6AE605990798199326AA00F036FE15
:10F4E00000287EF4E3AE9DF87B20289C199B002A1F
:10F4F00000F089801F460DF1A40903462798FEF706
:10F5000007BF049B0A9312930F930D93099352AE76
:10F51000FEF7F3BE049B002083428DF87B00C0F20F
:10F520001D812AF4906A9AE70F9B013B0AF1FF3A8A
:10F530000F930CE70599079826AA00F007FE00280C
:10F540007EF4B4AE289C0DF1A409FFF73FB8144631
:10F550002A465D46934601333444072BC9F800B070
:10F56000C9F80460CDE927347EF70FAFFFF744BB3D
:10F57000049952AA921B91424FF00003B8BF114662
:10F5800009930A92039112930F930D93FEF7B5BE60
:10F5900026AA4946584600F0D9FD00287EF486AEDA
:10F5A0009AF80000289929AAF3E60599079826AA4F
:10F5B00000F0CCFD00287EF479AE289C0DF1A40962
:10F5C000FEF7CCBE0C9A089912681160FFF7B5B827
:10F5D000049B0C92FFF771BA00F00F00BE4C4FF085
:10F5E0007808265C0220DFE5062B324628BF06237A
:10F5F000CDE9096304960393B84E0C9412920F92CE
:10F600000D92FEF77ABE002B00F01E81279813465C
:10F610000DF1A409FEF78FBE5546DA46A3461446FF
:10F6200001374C44072FCDE92774C8F800B0C8F85B
:10F6300004907FF728AB33E4139B14981A19C9E997
:10F640000003279B28920133072B279300F3628145
:10F6500009F108090029BFF6C3AA4F421031DFF8AB
:10F6600088B280F2E5834946DDF81C80B14610245B
:10F670002E465D46DDF814B004E00831103F102F2F
:10F6800040F3D28301331032072BC1E90054CDE996
:10F690002732F2DD26AA5946404600F057FD0028E1
:10F6A0007EF404AEDDE9273229A9E7E71AF40071F8
:10F6B0001CBF0146DBB20C925046FFF72EB91AF47C
:10F6C000007740F0198104998DF87B7000291C4661
:10F6D000FFF65DA82AF0800A002B7FF458A80B469D
:10F6E0000C9200297FF4CDA9FFF7E7B91AF4007F47
:10F6F00016BF44F3C017E71764B23B46FEF7C6BE19
:10F700001AF400711CBFDBB2314630E55D460C4691
:10F71000B3464E46914601333C44072BCDE927348E
:10F72000C9F800B0C9F8047000F3098109F10809AB
:10F73000FFF73BBB2D23B8F1470F8DF87B300994C1
:10F740002346049440F3E2800322654E0A9212930A
:10F750000F930D9304230393FEF7CFBD23788DF809
:10F7600047312AF4806A0C920DF2471634E5189A54
:10F770001699B61A304600F03BFE98F801300BB1EE
:10F7800008F10108574AE31943F10003A2FB030CF7
:10F790002CF0030000EB9C001B1AE31A4FF0CC3155
:10F7A00067F1000703FB01F102FB0711A3FB023025
:10F7B00001445B0843EAC1744F08E31943F10003B5
:10F7C000A2FB031020F0030101EB90015B1AE31A86
:10F7D000A3FB023167F100005B0802FB001243EA61
:10F7E000C27303EB8303A4EB4303303306F8013CFD
:10F7F0004FF0010E013EFFF722B80599079826AA9F
:10F8000000F0A4FC00287EF451AD2099289C0DF155
:10F81000A409FFF7CEB93023FEF74CBE049B0C922F
:10F820000A930D930F931293039309939C464FF001
:10F83000780852AEE5E4F718A7EB0B079E1AB7421B
:10F84000A8BF3746FFF7E6BA0DF1A409FEF786BD5B
:10F8500024AB019321AB00939DED1C0B049A0798F8
:10F8600020AB022100F034FF06461AF0010F40F0F1
:10F870007D82249B9A1B209B0E92D91C0D93C0F273
:10F88000248204999942C0F2F3819A4200F3B38230
:10F890000D9B0A931AF4806F03D00D9B002B00F38D
:10F8A0005E830A9B23EAE373BA4603934FF067082B
:10F8B000002312930F930AF00200BBF1000F00F037
:10F8C000BA804FF02D0C8DF87BC0039B013303935E
:10F8D0000023049392E400BF3C4B1208644B1208CF
:10F8E000304B1208CDCCCCCC984C12080C9A08990D
:10F8F00012681180FEF721BFDCB2049B8DF87B10EB
:10F90000002B0F46BEF63EAFFEF741BF0322B44EBA
:10F910000A921CE70599079826AA00F017FC002810
:10F920007EF4C4ACDDE9273220990DF1A40991E6FB
:10F930000623099004934AF48077FFF7B7BB059933
:10F94000079826AA00F002FC00287EF4AFAC289CA1
:10F950000DF1A409FFF729BA049B01330E9302218C
:10F960000E9C079824AB019321AB0093224620AB59
:10F970009DED1C0B00F0ACFE28F02003462B064644
:10F980000393044400F03481DDE91C0100220023CC
:10F9900004F0FCFC002840F00F83249B9C4240F2C2
:10F9A00009834522039230215A1C24921970249B0A
:10F9B000A342F9D39B1B0E93209B0D93039B472BD4
:10F9C00000F04F81039B462B00F02A810D9B8DF8A0
:10F9D0008880013B002B2093C0F27E812B22092BD3
:10F9E0008DF8892000F3818130228DF88A200DF175
:10F9F0008B02303302F8013B22ABD31A15930E9BD6
:10FA0000159A012B1A440A9240F339820A9B139AE1
:10FA100013440A930A9A2AF4806343F4807A22EA10
:10FA2000E2720023129303920F930D9343E7049B1A
:10FA30000E93032194E79DF87BC0BCF1000F7FF487
:10FA400044AFCDF810B0FFF7D9BB26AA49465846B7
:10FA500000F07CFB00287EF429AC9AF8000028997D
:10FA600029AA07449CE40599079826AA00F06EFB92
:10FA700000287EF41BAC289C0DF1A409FFF78CB97B
:10FA800047F63003ADF87C30049B632B4AF0020A42
:10FA900000F3E781DDE91012002AC0F2108220A8ED
:10FAA0009DED100B00F04CFD002251EC100B4FF0BF
:10FAB0007F5304F003FA02460B46CDE90A230023E4
:10FAC000002204F063FC0346002800F0C5820123F5
:10FAD0002093CDF824B039AE424B0393049BCDF86C
:10FAE0003490591ECDF83880CDF83CA0DDE90A8964
:10FAF000039C049537468A4609E0002200230AF158
:10FB0000FF3504F043FC002840F07E82AA46364BC5
:10FB100000224046494604F0D1F98946804604F067
:10FB20007DFC054604F060F902460B464046494616
:10FB300004F00CF8635DBAF1FF3F3A46804607F8DF
:10FB4000013B8946D9D11446284B0022CDE90A89C8
:10FB5000DDF834900D95DDE90E8A049D04F03EFC3D
:10FB600048B9DDE90A01214B002204F00FFCE0B1A5
:10FB70000D9BD80719D5039B2494D97B17F8012C2A
:10FB800091423B4609D1302003F8010C249B5A1EB8
:10FB9000249213F8012C8A42F6D0392A0BBF039A1B
:10FBA0000132927AD2B203F8012C209ABB1B0E9339
:10FBB000B8F1610F02F1FF33209300F01182502160
:10FBC0004FF04108002B8DF88810C0F2FF812B22E6
:10FBD000092B8DF8892000F388800DF18A0208E74F
:10FBE0002C4B12083C4B1208000030400000E03F54
:10FBF0003378302B00F08E81209B1C44DDE91C0102
:10FC00000022002304F0C2FB20BB249BA342FFF48C
:10FC1000CAAE9B1B0E93209B0D93039B472B20D0BA
:10FC20000D99049A0AF00103002943EA020340F304
:10FC30002C82002B40F003820D9B0A934FF0660844
:10FC40001AF4806F40F08D810A9B23EAE373BA4671
:10FC500003932DE6209B0D93A31B0E93039B472B31
:10FC6000DED10D9B033330DB049B0D9A934210DAF7
:10FC70000D9B013BA8F10208002B8DF88880209392
:10FC8000BFF6ACAE0D9B2D22C3F101038DF8892088
:10FC9000AAE6DDE90D23934200F3AD801AF0010FCF
:10FCA0000D9B00F08581139A13440A93F2E50599A0
:10FCB000079826AA00F04AFA00287EF4F7AA209AAC
:10FCC000289C0DF1A409FFF78DB80D9BA8F102083F
:10FCD000013B8DF8888020930D9BC3F101032D22F9
:10FCE000092B8DF889207FF77FAE0DF19704B44F73
:10FCF00022461046A7FB0312D20802EB8201A3EBB7
:10FD00004101303100F8011C19466329134600F106
:10FD1000FF32EEDC303302F8013C831EA34280F058
:10FD2000ED810DF1890213F8011B02F8011FA342B6
:10FD3000F9D103F5A4736B44BC3B1B1A22AA9B1A8E
:10FD400015935CE60C94002B00F0E080049B0A9372
:10FD50005A1C0392099B049312930F930D93FEF781
:10FD6000CCBA00230D460493FEF703BA049BF418A3
:10FD70004723039342E70599079826AA00F0E6F97E
:10FD800000287EF493AA209E0E9B289C9E1B0DF1BA
:10FD9000A409FFF73FB845F63003ADF87C30049B6B
:10FDA000632B4AF0020A5CDCDDE91012002AC0F283
:10FDB000868020A89DED100B00F0C2FB00224FF0C2
:10FDC0007F5351EC100B04F079F802460B46CDE955
:10FDD0000A230022002304F0D9FA08B1012320935A
:10FDE000784B03934FF0000BCDF824B039AE75E695
:10FDF0005146FEF734BE0E9B139A9A180D9B0A9239
:10FE0000002B40F3F6804FF0670819E75346FEF7E2
:10FE100064BE5046FFF784B902F100431C911D9364
:10FE20004FF02D0BFFF74DB9AB4635464E46894690
:10FE300001333A44072BCDE92732C9F800B0C9F89D
:10FE400004707EF7CBAE0599079826AA00F07EF9DC
:10FE500000287EF42BAADDE927320DF1A409FEF774
:10FE6000BFBE049B0798591CFDF75EFE064600289E
:10FE700000F04B8109904AF48077FFF717B91AF028
:10FE8000010F3FF4C7ADC1E5049A002A00F0D0800D
:10FE9000002BC0F20E819DED107B8DED1C7B24AB01
:10FEA000019321AB00939DED1C0B20AB049A0798A6
:10FEB000022100F00DFC002306460993D5E402F16F
:10FEC0000043CDF824B01C911D9339AE4FF02D0B9B
:10FED00020A89DED1C0B00F033FB00224FF07F5358
:10FEE00051EC100B03F0EAFF02460B46CDE90A2362
:10FEF0000022002304F04AFA08B101232093B8F14C
:10FF0000610F3FF4E9AD2F4B0393E7E5049B0A93A0
:10FF100003931FE7DDE91C010022002304F036FAF9
:10FF2000002800F09480209B0D931C4494E6119BC4
:10FF300013F000432AF0800A0D9300F094802D23E3
:10FF40008DF87B30B8F1470F4FF00003099304930D
:10FF500040F3B88003221C4E0A92FFF7F8BB4FF023
:10FF6000670817990B78FF2B00F0CB8000240D9ABF
:10FF7000204603E001300131FF2B08D0934206DA1E
:10FF8000D21A4B78002BF5D10B780134F4E7179196
:10FF90000D920F901294129A0F9B189913440A9A7B
:10FFA00001FB03230A9323EAE373BA46039382E433
:10FFB0000A936FE49B1B0E93209B0D9306E500BFF5
:10FFC000CDCCCCCC504B1208384B1208C2F10103F7
:10FFD000092B4FF02D028DF889203FF786AEFCE506
:10FFE0007021EFE500230322CDE909320493FFF7E6
:10FFF000AEBBC3F101031A4422EAE273BA460A9285
:020000040812E0
:1000000003934FF0670853E451460029DDE90E8A57
:10001000049DDDF83490FFF6C8AD4A1C3A443B46D7
:10002000302003F8010B9342FBD17B185F1CBCE529
:10003000002B4CDB0123DDF810B004932BE71346B3
:10004000139A0B4413440A934FF06608F8E50E9B8D
:10005000C3F101032093D0E59B46394B0393CDF8C0
:1000600024B039AE3AE59DF87B30B8F1470FCCBFEC
:10007000344E354E002B50D1032204930A92129332
:100080000F9309930392FEF738B9BA462BB90123AF
:1000900003934FF066080A930AE4139B049A013312
:1000A0001A4422EAE2730A9203934FF06608FFF7BC
:1000B000FFBBDDE9101202F100431C911D934FF0CC
:1000C0002D0BECE60322204E0A92FFF740BBDDE940
:1000D000101202F100431D9301231C914FF02D0BD0
:1000E0000493DCE60C9B95F8018053F8042B0C93E9
:1000F00042EAE2720D460492FEF73AB802231593E3
:100100007DE4002312930F9345E705998B8943F013
:10011000400213468A81FEF7D1B80023049312935C
:100120000F93099303230A9304230393FEF7E5B87F
:10013000079A0C2313604FF0FF330893FEF7C1B802
:100140003C4B1208384B1208344B12082DE9F84387
:10015000154692682C68FAB180468946083401E059
:100160000834CFB16B68591E002B1746696013DD48
:1001700054F8046C002EF3D0334654F8082C49464A
:10018000404601F099FE431C07D0AA68921B17460F
:10019000AA600834002FE5D100200023C5E901330F
:1001A000BDE8F88370B500293FD006460C4610B173
:1001B000436B002B3CD0636EB4F90C20DD0732D4C6
:1001C000900538D52146304600F04CF8E36A0546E4
:1001D00033B1E169304698470028B8BF4FF0FF358A
:1001E000A3891A0639D4216B41B104F14003994225
:1001F00002D03046FDF7A0FB00232363616C21B1E0
:100200003046FDF799FB00236364FDF7F1F9636E57
:100210000022DB07A2811CD5A06DFDF72BFBFDF7AB
:10022000EDF9284670BD002ACCD10025284670BDC6
:10023000FDF7C0F9BFE7A06DFDF71EFBB4F90C3068
:10024000002BBFD1636ED907EFD4A06DFDF716FB6D
:10025000EBE7A06DFDF712FBDEE721693046FDF705
:100260006BFBC0E7B1F90C202DE9F0418046100787
:100270000C4650D4496842F400630029A38165DD2F
:10028000A66A002E44D0002112F48052D8F8005003
:10029000C8F8001067D1E16901234046B047411C0E
:1002A00002466ED0B4F90C30A66A5B0705D56368C8
:1002B000D21A236B0BB1E36BD21A0023E1694046DB
:1002C000B047471CB4F90C304FD1D8F800101D29A5
:1002D00042D8314ACA40D6073ED52269226023F46B
:1002E0000062A281D9044FF00002626003D5D8F801
:1002F0000030002B43D0216BC8F8005041B104F10D
:100300004003994202D04046FDF716FB00232363C9
:100310000020BDE8F0810E69002EF9D00D680E6056
:1003200092070CBF4B690023AD1B8B600BE02B4683
:100330003246E169676A4046B847B0F1000CA5EB68
:100340000C05664406DD002DF1DCE1E7E16B0029D8
:1003500096DCDDE7B4F90C3043F04003A3814FF0A5
:10036000FF30BDE8F081226D9FE72269226023F40F
:100370000062A281DB044FF000026260BBD5206501
:10038000B9E7D8F80030002B8CD01D2B01D0162BEC
:10039000E0D1C8F80050BBE70100402038B50C465A
:1003A000054608B1436B03B3B4F90C0088B1636E22
:1003B000DB0701D481050FD528462146FFF752FF00
:1003C000636EDA07054602D4A3899B0508D5284643
:1003D00038BD0546284638BDA06DFDF74DFAEBE760
:1003E000A06DFDF74BFA284638BDFDF7E3F8DBE7D3
:1003F00040EA01039B0710B501D1032A17D88446B0
:1004000001F1FF3E07E01EF8011F03F8011B541E17
:1004100029B19C4622466346002AF4D110BD94447B
:10042000002CFBD003F8011B6345FBD110BD8E46A9
:100430008446DEF80040A4F1013323EA040313F0FC
:10044000803F71460EF1040EDAD1043A032A4CF8CB
:10045000044BEED87146D3E7004870476006003081
:1004600038B5074D0022044608462A6004F01CFAFD
:10047000431C00D038BD2B68002BFBD0236038BD57
:10048000841C0030082802D14FF48050704708B512
:10049000FDF7E8F9162303604FF0FF3008BD00BFF9
:1004A00001F0FF01102A2BDB10F0070F08D010F825
:1004B000013B013A8B422DD010F0070F42B3F6D129
:1004C000F0B441EA012141EA014122F007047FF042
:1004D00000070023F0E80256083C85EA010586EA99
:1004E000010685FA47F5A3FA87F586FA47F6A5FAD5
:1004F00087F68EB9EED1F0BC01F0FF0102F00702E1
:1005000032B110F8013B013A83EA010313B1F8D18B
:100510000020704701387047002D06BF354603386C
:10052000073815F0010F07D1013015F4807F02BFA5
:10053000013015F4C03F0130F0BC0138704700BFF6
:1005400070B555EC104B0646134825F000430021CA
:10055000834231601DD8204618431AD00F482840E6
:100560002A4658B90E4B00222046294603F0A6FC25
:100570000A4621F0004304466FF035011B156FF366
:100580001E52A3F2FE3342F07F550B4445F4001592
:10059000336045EC104B70BDFFFFEF7F0000F07F34
:1005A000000050432DE9F04F03690C69A34283B06A
:1005B000C0F28A80013C01F1140500F1140855F8DD
:1005C000243058F8242001339A428E4681464FEA5F
:1005D000840105EB840708EB840AB2FBF3F63AD3F7
:1005E000CDE900150022AC46404613465CF8041BDA
:1005F00005681FFA81FB06FB0B22090C4FEA124B20
:1006000006FB01BB92B2A9B2891A19441FFA8BF3F7
:10061000C3EB214303EB154389B241EA034167452C
:1006200040F8041B4FEA1B424FEA2343DED2DDE9C8
:10063000001558F8013073B9AAF1040AD04504D363
:1006400007E0D04504F1FF3403D25AF80439002BF7
:10065000F7D0C9F810407146484601F0F3FA002877
:100660002EDB4146002255F8040BD1F800C01FFADA
:1006700080FE1FFA8CF3A3EB0E031344020CC2EBB3
:10068000234202EB1C429BB243EA0243AF4241F8D1
:10069000043B4FEA2242E6D258F8242008EB8403B8
:1006A0006AB9043B434504D807E0984504F1FF3498
:1006B00003D253F80429002AF7D0C9F810400136B4
:1006C000304603B0BDE8F08F002003B0BDE8F08FE6
:1006D0002DE9F04FA1B0CDE90A320291816B2A9D3C
:1006E0008DED040B57EC106B044641B1C26B4A60B0
:1006F000012393408B6001F029F80023A363B7F135
:100700000009B4BF012300232B60BD4BBCBF29F0FF
:100710000049CDF8149033EA090300F0A1809DED63
:10072000047B002251EC170B00238DED007B03F0BE
:100730002DFE824668B10A9A012313602B9B13B1E8
:100740002B9AB04B1360B04B0793079821B0BDE8CC
:10075000F08F9DED000B1EAA1FA9204601F04EFB55
:100760005FEA19581E9D099040F090801F9B05EB91
:10077000030808F23243202B40F32C82C3F14003DC
:1007800009FA03F908F2124326FA03F349EA0300CF
:1007900003F01AFB012208F1FF38A1F1F87312925D
:1007A00019460022994B03F0D1F98FA3D3E9002316
:1007B00003F084FB8EA3D3E9002303F0C9F90646B6
:1007C00040460F4603F010FB8BA3D3E9002303F050
:1007D00075FB02460B463046394603F0B9F906462A
:1007E0000F4603F01BFE002281460890002330468E
:1007F000394603F0D5FD002840F01281089EA5EB94
:100800000805162E05F1FF3B00F2D980804B03EB63
:10081000C603D3E90023DDE9000103F0C1FD002890
:1008200040F0D281002D40F382850F90B3440E96A4
:100830000C9000230D93029B092B3BD8052BC4BFC2
:10084000043B0293029BA3F10203CCBF00250125C8
:10085000032B31D8DFE813F0E902E602DC02C7011E
:100860000A9AC9F3130942F20F7359EA0609136091
:1008700019D12B9B002B00F03487664B079308336C
:100880002B9A0798136021B0BDE8F08FDDE90001D5
:10089000C1F3130343F07F53A8F2FF38CDF848A00B
:1008A00043F440137CE72B9B002B40F098815A4B7C
:1008B00007934AE7002302930025E5632946204673
:1008C00000F01EFF0790002800F0A686079BA36398
:1008D0001F9B002BC0F2B280089A0E2A00F3AE8054
:1008E0004B4B03EBC20393ED007BDDE9008957EC32
:1008F000176B404632463B4649468DED027B03F07E
:1009000007FC03F08BFD054603F06EFA32463B46CA
:1009100003F0D4FA0B4602464946404603F016F966
:1009200005F13003079D05F8013B4FF0FF3A0094B5
:100930004FF001095446DDE902AB1DE052465B462B
:100940003046394603F0E4FB03F068FD804603F0CF
:100950004BFA52465B4603F0B1FA09F101090B4626
:1009600002463946304603F0F1F808F13003A1455C
:1009700005F8013B00F03885284B002203F09EFA71
:100980000022002306460F4603F000FD0028D5D0C4
:10099000089F009C0137AB460999204600F0D6FE1F
:1009A00000238BF800300A9B1F602B9B002B3FF429
:1009B000CCAE0798C3F800B021B0BDE8F08F01239A
:1009C0000F93BBF1000FC0F2F98000230C93089B3A
:1009D000002B80F2F0800C9A089BD21A5B420D9398
:1009E00000230C920E9326E761436F63A787D23FE3
:1009F000B3C8608B288AC63FFB799F501344D33F0E
:100A00000000F07F6D4B12086C4B12080000F83F9D
:100A1000F04C1208704B12087C4B12080000244066
:100A2000484603F0E1F932463B4603F0AFFC0028AC
:100A30007FF4E4AE09F1FF330893DFE64FF0FF3AAD
:100A40000B95CDF858A0129A002A40F0F1811E9B18
:100A50000D9FC3F136030C9A01212046D5189B4403
:100A600000F038FF0C9A0646002A40F07A830D9B6E
:100A7000002B00F0EF83002F40F0D3830D9A0999EB
:100A8000204601F00BF8012309900D930121204627
:100A900000F020FF0E9B0090002B40F00183029B92
:100AA000012B40F384830120584410F01F0000F014
:100AB000C781C0F12003042B40F392830C9BC0F14B
:100AC0001C00034405440C938344002D05DD099963
:100AD0002A46204601F042F80990BBF1000F05DDDF
:100AE00000995A46204601F039F800900F9B002BE0
:100AF00040F0EC82BAF1000F40F3AD820D9B002B69
:100B000040F0FA81089F0137DDF81C80DDF824B041
:100B1000DDF80090012507E0594600230A2220460F
:100B200000F01EFE0135834649465846FFF73AFD60
:100B3000554500F1300008F8010BEDDB079BCDF8BF
:100B400024B0BAF1000F0AF1FF3503F10102D8BF5A
:100B5000002505EB020A814600250999012220465D
:100B600000F0FCFF0099099001F06CF8002840F3B8
:100B70007483079A02E0924500F07A83D3460AF123
:100B8000FF3A1BF8013C392BF5D001338AF80030CD
:100B90000099204600F0DAFD002E3FF4FDAE2DB1A5
:100BA000B54203D02946204600F0D0FD314620460C
:100BB00000F0CCFDF0E69B440E933AE6C5F101034C
:100BC0000C934FF0000B02E7089B013B08930023B6
:100BD0000F93F6E6C3F1200306FA03F0D8E5B74B0E
:100BE000079303334CE6012314930B9B089A134499
:100BF00003F1010A5646012E1693B8BF0126172E9F
:100C000040F35F85012204235B0003F11400B0422E
:100C1000114602F10102F7D9E163204600F070FDB0
:100C20000790002800F0F884BAF10E0FA06300F2DC
:100C30000E81002D00F00B81089A002A40F34E83AC
:100C40009F4902F00F0301EBC303D105D3E900670D
:100C50004FEA221540F1E6839A4BDDE90001D3E922
:100C6000082303F055FACDE9100105F00F054FF008
:100C7000030985B1DFF84C82EA0740F1DD80304698
:100C80003946F8E8022303F019F96D1009F101095A
:100C900006460F46F0D1DDE9100132463B4603F02F
:100CA00037FACDE910010F9B53B1DDE91067864B90
:100CB00000223046394603F073FB002840F05E8482
:100CC000484603F091F8DDE9102303F0F7F87F4B75
:100CD000002202F03DFF0646A1F15077BAF1000F65
:100CE00000F0D982089B1D93CDF85CA0744B179936
:100CF0001C93CDE9186703EBC103DDE9105613ED32
:100D0000027B314628468DED1A7B03F087FB00F10C
:100D100030035FFA83F803F067F802460B46284673
:100D2000314602F013FF079B0F4614995D1C0646DF
:100D3000DDE91A231095002900F0A78364490020FB
:100D400003F0E6F9DDE9182302F000FF079B3246C5
:100D500083F800803B46CDE9140103F03FFB0028F7
:100D600040F06D84DDF85C80CDF860B0CDF85CA01B
:100D70004FF00009DDE914AB10942BE009F10109F3
:100D8000C14580F2CA81534B50465946002203F0B8
:100D900095F8504B002282468B463046394603F088
:100DA0008DF80F46064603F039FB044603F01CF8A5
:100DB00002460B463046394602F0C8FE303405F88C
:100DC000014B52465B4606460F4603F0E9FA0028FF
:100DD00040F0348432463B463B49002002F0B6FEE8
:100DE00052465B4603F0DCFA0028C7D01D9E109CDB
:100DF000079A013602E0954200F0F083AB4615F801
:100E0000013D392BF7D00133DBB22B703746C3E5F8
:100E1000012314930B9B002B40F3B2810B9E16967B
:100E2000B246ECE600231493DFE600231493F1E7C7
:100E30000D9F03F233430EE66D1008F108081BE71F
:100E40001C230C9A1A441D440C929B443DE61F9BA4
:100E5000002BC0F25781089A0E2A00F35381184BD9
:100E60001C931C9B089A03EBC20393ED007B0B9B26
:100E7000002B8DED027B80F2DC82BAF1000F00F3D3
:100E8000D88240F02182144B0022DDE9020103F0F8
:100E900015F802460B46DDE9000103F08BFA5146D6
:100EA000002840F01282DDF81CB031230BF8013B22
:100EB000204600F04BFC089F02376DE57C4B120882
:100EC000F04C1208C84C12080000F03F00001C4013
:100ED0000000E03F000024400000144031460023A1
:100EE0000A22204600F03CFC169B002B064640F3ED
:100EF000DE83DDF858A008950C9B002B05DD3146FC
:100F00001A46204600F02AFE06460E9B002B40F0B3
:100F10005482B046079D05F1FF3B0BEB0A030C938F
:100F2000049BDDF824B003F001030D9300995846AB
:100F3000FFF738FB31468246584600F083FE0099A1
:100F400007464246204600F09FFEC3680AF130097A
:100F50000146002B36D10B90584600F073FE0B99DA
:100F60000990204600F0F2FB099B002B58D1029B10
:100F70001BB90D9B002B00F08383002FC0F2498327
:100F80000C9BAA469D420AF8019B00F076825946C6
:100F900000230A22204600F0E3FB46458346314603
:100FA0004FF000034FF00A02204633D000F0D8FB88
:100FB0004146064600230A22204600F0D1FB554652
:100FC0008046B3E72046CDF824B000F0BFFB002FE9
:100FD00006DB049B03F00102029B1F433A432CD122
:100FE00009990122204600F0B9FD0099099000F00E
:100FF00029FE002840F32883B9F1390F00F0F1826F
:101000000AF13109AB46089F0BF8019B35460137C1
:101010004646BDE500F0A4FB55460646804685E7FA
:10102000002FC0F20083029A17430D9A174300F075
:10103000FA82002BA4DDCDF824B0B9F1390F00F00D
:10104000D082AB46089F09F1010335460BF8013BFE
:10105000013746469CE5029B022B7FF74FADBAF164
:10106000000F40F08C81009953460522204600F085
:1010700077FB01460090099800F0E4FD002840F35A
:101080007E81DDF81CB0009931230BF8013B20462E
:1010900000F05CFB089F0237002E7FF487AD7BE4F5
:1010A0001A460146204600F0F9FC029B0090012BF5
:1010B00040F3768100230E93009A136902EB8303B9
:1010C000186900F09DFBC0F12000EDE4009909983B
:1010D00000F0B8FD0028BFF60DAD00230999089D6A
:1010E0000A22204600F03CFB0D9B0990013D002B9D
:1010F0007FF4F4AE169B002B40F3CE82089FDDF800
:1011000058A001E5149A92B90C9B002B6DD10D9B50
:10111000002B7BD11D461E46B8E41F9B109C002B64
:10112000DDE917AB03DB089A0E2A7FF79AAE029A25
:10113000012A7FF788AC0D9B0AF1FF37BB42C0F252
:10114000FF80BAF1000FA3EB070780F2A282012112
:1011500020460C9D00F0BEFBA5EB0A080646CDF824
:101160003080BBF1000F7FF782AC0C9A5A451346D2
:10117000A8BF5B46D21AED1A0C92ABEB030B76E4D8
:101180000021E163204600F0BBFA0790002800F040
:101190004382079BA363002D40F0FE801F9B002B22
:1011A000C0F267820122169292460B9253E6049B8C
:1011B000002B7FF478AC059BC3F31303002B7FF463
:1011C00072AC059B23F000431B0D1B05002B3FF465
:1011D0006AAC012301350BF1010B0E93184663E451
:1011E0003FF473ACC0F13C032BE6BBF1000F00F001
:1011F000B1810C9A0D9E5A451346A8BF5B46D51A7D
:10120000ABEB030B0C95002E3FF440AC0D9A099903
:10121000204600F043FC00230C9D09900D931E46D0
:1012200034E431463A46204600F038FCDDF824909C
:1012300001464A460646204600F07AFB494680466B
:10124000204600F083FA0D9BCDF82480DB1B0D9324
:101250007FF414AC01230D9318E403D119F0010FAE
:101260007FF487ACD3461AF8013D302BFAD08FE4D7
:10127000079A3123013713708AE4484602F0B4FD1F
:10128000DDE9102302F01AFEB64B002202F060FCEA
:101290000646A1F15077B44B0022DDE9100102F0BF
:1012A00055FC32463B468046894603F097F80028B5
:1012B00040F0A28140464946324607F1004303F020
:1012C0006FF800283FF4C3AD0021204600F03EFA3D
:1012D0000B9BDDF81CB05F42FFF75EBB00F0768130
:1012E000089BA24A5D4205F00F0302EBC303D3E95A
:1012F0000023DDE9000102F0E1FD2D11CDE910012F
:1013000000F0DB819A4E4FF00209EB070CD5DDE9C6
:101310001001F6E8022302F0D1FD6D10CDE91001B5
:1013200009F10109F1D1BEE46D100836EDE7C5F110
:1013300001030C93089B0F909B460E93FFF779BA1D
:101340000D9B0E9AFB1A1A440C9B0E92012120460B
:1013500003EB0A0500F0BEFA0C9B0D97D34406463A
:10136000002B3FF48BAB0C9A5A451346A8BF5B4643
:10137000D21AED1A0C92ABEB030BFFF77FBB00996F
:10138000204600F0E3F90B9BDDF81CB05F42002E15
:101390007FF40CACFFF700BB1695AA460B954BE407
:1013A000049B002B7FF486AEDDE90412C2F3130325
:1013B000002B00F050810E917EE67168204600F00F
:1013C0009FF90546002800F08581336902339A00B1
:1013D00006F10C010C30FBF7D9FD2946012220460D
:1013E00000F0BCFB804695E5009C02460B4602F0EF
:1013F000AFFB089FDDE90223013782468B463E465C
:1014000002F0ECFF48B9DDE902235046594602F0EC
:10141000BDFF20B118F0010F01D0079AEEE4AB46F2
:10142000FFF7BABA9DED007B4FF002098DED107BFE
:101430001FE4079B01331093DDE90056DDE9022329
:101440002846314602F064FE02F0E8FF804602F0D2
:10145000CBFCDDE9022302F031FD02460B462846B3
:10146000314602F073FB079A109D08F13003BAF180
:10147000010F13707FF45BAAB7E7089FCDF824B083
:10148000354601374646FFF768BBDDE9180102F033
:1014900015FD079B83F80080179B012BCDE91201F6
:1014A00023D0079B179ADDF8408003EB0209314BEC
:1014B00000223046394602F001FD0F46064602F092
:1014C000ADFF054602F090FC303502460B46304633
:1014D000394602F03BFB08F8015BC84506460F465B
:1014E000E5D1109B5D1E179B1D44DDE91289224B3F
:1014F00000224046494602F02BFB32463B4602F0B2
:101500004FFF002840F0958042464B461A49002084
:1015100002F01CFB32463B4602F060FF80B91F9B85
:10152000002BFFF6F1AD089B0E2B3FF7EDAD1C9B9A
:10153000089A03EBC20797ED007B8DED027B7BE7FA
:10154000AB46013D1BF8013C302BF9D01D9F013704
:10155000FFF722BA0D9E002E7FF458AE0C9DFFF7C8
:1015600095BA00BF00001C4000001440F04C120867
:10157000C84C1208000024400000E03FBAF1000F00
:101580003FF47BAE169D002D7FF761AC089B013BBD
:10159000304639461D930022544B02F08FFC024620
:1015A00016460F4609F10100CDE9106702F01CFC58
:1015B00032463B4602F082FC4D4B002202F0C8FA54
:1015C00017950646A1F15077FFF790BB9DED007B84
:1015D0004FF002098DED107BFFF765BB013631231B
:1015E00013E4AA46089F079A392335460AF8013BB7
:1015F00001374646FFF7C2BADDF81CB031230BF8BD
:10160000013B0021204600F0A1F8089F0237FFF7B8
:10161000C3B9CDF824B0F5E4364B3748002240F288
:10162000AF1100F041FD002BCDF824B03FF7D8AC4E
:10163000E8E41D9E079A0136FFF7E0BB109C1D9F52
:10164000AB460137FFF7A8B97FF4DCAC19F0010F06
:101650007FF4D2ACD6E4059B23F000431B0D1B05A1
:10166000002B3FF428AD012301350BF1010B0E9344
:1016700022E5149B4BBB012316939A460B9343E53B
:10168000B9F1390FCDF824B0ABD0002F3FF7B8AC8B
:10169000B8E45346FFF7DFB9029A022A03DC089F39
:1016A0009A46FFF731BA0895DDF858A0D7E4029AB8
:1016B0000895022AF8DC9A461EE44FF00209FFF76B
:1016C000F2BA0021E163FFF7A8BA149B0B939A4684
:1016D000169330E5074B08482A4640F2EF2100F008
:1016E000E3FC064B0793FFF730B800BF000024402F
:1016F00000001C40804B1208944B1208704B1208DB
:10170000436C70B505460C464BB153F8240080B1CC
:10171000026843F824200023C0E9033370BD21226E
:10172000042100F0E1FC034668640028EDD10020AC
:1017300070BD012101FA04F6721D9200284600F0E6
:10174000D3FC0028F3D0C0E90146E4E731B1436C93
:101750004A6853F82200086043F82210704700BF1F
:101760002DE9F0410D6907460E461C4601F1140EA5
:101770000020DEF800108BB202FB03434FEA134C4B
:10178000090C02FB01CC01309BB203EB0C438542F8
:101790004EF8043B4FEA1C44EBDC3CB1B368AB426F
:1017A00007DD06EB850301355C6135613046BDE838
:1017B000F081716838460131FFF7A2FF8046A8B179
:1017C0003269023206F10C0192000C30FBF7DEFBAD
:1017D0007B6C726853F82210316043F822604646F1
:1017E00006EB850301355C613561DFE7024B034899
:1017F0004246BA2100F058FC804B1208EC4B12080C
:10180000B0F5803F034636BF030400201020B3F13B
:10181000807F3CBF1B020830B3F1805F06D3B3F179
:10182000804F0FD29A0012D4033070471A01B2F1E0
:10183000804F00F1040006D29B0108D45B00F3D472
:10184000202070471A46002AFBDB01307047023027
:10185000704700BF03685907024607D0D8071DD458
:1018600099072AD55B0813600120704799B279B9AE
:101870001B0CD9B2A1B11020190701D104301B09EA
:10188000990712D0D90701D401305B081360704763
:10189000D9B241B1180718D10420F0E700207047F1
:1018A00018201B0AE8E70820FBE713F0040F4FEAB3
:1018B000930106D002300B46E8E79B081360022034
:1018C0007047DB0804D120207047DB080320DDE7E8
:1018D0000330DBE738B5436C04460D464BB158681E
:1018E000B0B102685A6000220123C0E903234561B8
:1018F00038BD2122042100F0F7FB03466064002874
:10190000EDD1094B0948002240F2451100F0CCFB13
:101910001C220121204600F0E7FB0028F1D0012223
:101920000223C0E90123DEE7804B1208EC4B1208CA
:101930002DE9F04FD1F810801569A84585B00E4605
:10194000924605DB2A46534645468A4690461E4641
:10195000DAF80830DAF8041005EB0804A342B8BF3F
:101960000131FFF7CDFE8446002800F08C8000F1A5
:10197000140707EB840E774505D23B46002243F857
:10198000042B9E45FBD8143606EB88080AF114098F
:10199000464509EB850567D2A5EB0A03153B0AF11D
:1019A000150A23F00303AA4594BF9B464FF0000B92
:1019B000CDF808E00394AE46E24605E0090C2BD1D1
:1019C000B04507F104074CD956F8041B8DB2002D21
:1019D000F4D0CC463C46002301965CF8040B216809
:1019E00086B28AB2000C05FB0622090C1A4405FBDC
:1019F000001101EB124192B242EA0142E64544F87D
:101A0000042B4FEA1143E8D807EB0B02019E536009
:101A100056F8041C090CD3D03B68002248461D46EA
:101A20003C469446028801FB02C202EB15429BB27F
:101A300043EA024344F8043B50F8043B25684FEA6C
:101A4000134CABB201FB0C3303EB124386454FEA58
:101A5000134CE7D807EB0B02B045536007F10407BE
:101A6000B2D8DDE902E4D446002C02DC05E0013CFA
:101A700003D05EF8043D002BF9D06046CCF810404E
:101A800005B0BDE8F08F034B034862464FF4B171D7
:101A900000F00AFB804B1208EC4B120812F0030313
:101AA0002DE9F0411446074632D10E46A4102CD041
:101AB0003D6C002D35D004F001034FF00008641098
:101AC0003BB92868B8B1054604F001036410002B47
:101AD000F7D02A4631463846FFF72AFF36B17B6CED
:101AE000716853F82120326043F8216074B10646D2
:101AF00028680028E7D12A4629463846FFF718FF0C
:101B00002860C0F800800546DEE73046BDE8F08179
:101B1000013B0F4A52F823200023FFF721FE06461F
:101B2000C4E701213846FFF7EBFD054640B101232C
:101B300040F27122C0E90432002338640360BAE73E
:101B4000044B05482A4640F2451100F0ADFA00BFAB
:101B5000B84C1208804B1208EC4B12082DE9F047E4
:101B60000C4690462769A368496807EB62177D1CFD
:101B70009D4206464FEA621904DD5B009D4201F179
:101B80000101FADC3046FFF7BBFD844600284ED049
:101B9000B9F1000F00F114000BDD09F105020CEBA7
:101BA00082020346002143F8041B9342FBD100EB61
:101BB0008900216904F1140318F01F0803EB810167
:101BC0002DD0C8F1200986464FF0000A1A6802FAA3
:101BD00008F242EA0A024EF8042B53F8042B994209
:101BE00022FA09FAF2D80B1B153B23F0030304F188
:101BF0001502914238BF0023043340F803A0BAF124
:101C0000000F00D13D46736C6268CCF8105053F859
:101C100022102160604643F82240BDE8F087043876
:101C200053F8042B40F8042F9942F9D8EAE7034B04
:101C3000034862464FF4EF7100F036FA804B120809
:101C4000EC4B12080B6984460069C01A16D10CF1DE
:101C5000140C14310CEB830210B401EB830301E08C
:101C6000944508D252F8044D53F8041D8C42F7D025
:101C700005D24FF0FF305DF8044B704770470120EC
:101C80005DF8044B704700BF2DE9F04F13690E69F2
:101C9000F61A002E83B08946154614D101F11407B7
:101CA00002F1140101EB830107EB830301E09F4282
:101CB0007ED253F8044D51F8042D9442F7D080F0B1
:101CC0008480012603E0FCDB00260D46914669680E
:101CD000FFF716FD0146002800F084802F69C660DA
:101CE000D9F8100005F1140B05F1100201F1140AE6
:101CF00009F1140505EB80000BEB870ED04600239D
:101D0000CDF804B0944655F8046B5CF8042F1FFA24
:101D100086FB94B2A4EB0B041C44330CC3EB1243BC
:101D200003EB2443A4B244EA0344A84248F8044B1A
:101D30004FEA2343E7D82646A0EB0904153CDDF81B
:101D400004B024F0030409F11509484538BF002404
:101D50000BEB0402043204EB0A05964505F104047A
:101D6000104636D9AAEB0B0A00EB0A0C50F8045BBC
:101D700013FA85F62B442D0C05EB26459BB243EA5E
:101D800005468645CCF800604FEA2543ECD80EF1B5
:101D9000FF339B1A23F00303234426B953F8042D81
:101DA000013F002AFAD008460F6103B0BDE8F08F6A
:101DB0000021FFF7A5FC014668B101220023C0E91C
:101DC0000423084603B0BDE8F08F2B464D469946E4
:101DD0007DE72B46E1E70A46064B074840F23721EC
:101DE00000F062F90A46034B034840F2452100F037
:101DF0005BF900BF804B1208EC4B12082DE9F04351
:101E00000E4683B0012159EC108B1546FFF778FC84
:101E10000446002844D0C9F30A57C9F313030FB18D
:101E200043F480130193B8F1000313D101A8FFF725
:101E300011FD019B63610121203021610FB3A7F2E5
:101E400033470744C0F1350037602860204603B0AF
:101E5000BDE8F08368460093FFF7FCFCDDE9002352
:101E600030B1C0F1200103FA01F1C3400A430193EC
:101E7000002B0CBF012102216261A3612161002FAF
:101E8000DDD104EB8103A0F2324030601869FFF726
:101E9000B7FCC0EB41102860204603B0BDE8F083DA
:101EA000034B0448224640F20F3100F0FDF800BF1A
:101EB000804B1208EC4B12082DE9F0478F681D4645
:101EC000AF420B680C46164636D8B1F90CC01CF46C
:101ED000906F0ED13D46184631462A4600F04CF828
:101EE000A368DF1B2368A7602B4400202360BDE8A4
:101EF000F0874A69096902EB42025F1A02EBD2726B
:101F00006B1C52103B44934292BF914699461A462D
:101F10001CF4806F804611D01146FBF705FE824607
:101F200000B321693A46FBF731F8A38923F49063A3
:101F300043F08003A38105E02F46CCE700F020F9B1
:101F4000824658B10AEB0703A9EB0707A760C4F85C
:101F500010A0C4F8149023602F46BCE721694046C6
:101F6000FBF7EAFCA3890C2243F04003C8F80020E9
:101F70004FF0FF30A381BAE78842F0B514D98B182F
:101F8000834211D9032A00EB020166D802F1FF3C1B
:101F90004AB16FEA0C0C0A469C4413F8011D02F882
:101FA000011D6345F9D1F0BD032A0FD8034602F1A4
:101FB000FF3C002AF7D00CF1010C013B8C4411F8D6
:101FC000012B03F8012F6145F9D1F0BD41EA00036F
:101FD0009B073ED10F2A64D9A2F1100301F110042E
:101FE00023F00F032031A446194400F1100E5CF8D1
:101FF000105C4EF8105C5CF80C5C4EF80C5C5CF805
:10200000085C4EF8085C5CF8045C4EF8045C0CF16B
:10201000100C8C450EF1100EE9D1E11812F00C0FE6
:10202000034402F00F0E03F1100338D02EF0030525
:10203000043D1A1F5E198C465CF8044B42F8044FAD
:10204000B242F9D10431043329442B440EF0030287
:10205000ADE702F1FF3C0346ADE741EA0304A40704
:102060001F4602D002F1FF3C93E7A2F1040E2EF0CE
:1020700003068E1B4FEA9E0E8C46644653F8045DA1
:102080004CF8045DB442F8D1CEEB8E7301EB8301C2
:1020900007EB83073B1F043902F0030276E7724621
:1020A00085E703469646C1E700B50B4C2568144604
:1020B000EE681A4685B003460D464CB107490095B7
:1020C000CDE901143046064900F00CFA01F05EFC3F
:1020D00004490C46F3E700BF3C000030584C12089E
:1020E000684C1208644C120838B5A1FB021454BBAA
:1020F000FBF71AFD054650B350F8042C22F00302FA
:10210000043A242A10D8132A13D91B2AC0E9004400
:1021100016D9242AC0E902440ABFC0E9044400F1E8
:10212000100200F1180205E02146FBF7F9FA2846F3
:1021300038BD02460023C2E900339360284638BD0B
:1021400000F10802F6E7FBF78DFB0C230360002586
:10215000284638BD82B049B15AB16BB113780B60D3
:102160001278101E18BF012002B0704701A9002A82
:10217000F3D1104602B070476FF00100F4E700BFE2
:102180002DE9F84F1646002900F098800C4680464D
:1021900006F10B05FBF794FF54F8041C162DA4F16F
:1021A000080921F0030758D81025AE4258D8AF428D
:1021B00062DABF4B9A6809EB070C6245DCF8040051
:1021C00000F0928020F0010363445B68DB076AD46F
:1021D00020F003003B189D4249DDCB0712D454F890
:1021E000083CA9EB030BDBF8043023F00302104496
:1021F00000EB070A554540F3F88007EB020A554506
:1022000040F3CE8031464046FBF78EFC0646002860
:1022100000F0228154F8043C23F001034B44A0F168
:102220000802934200F0B6803A1F242A00F2D980B7
:10223000132A00F2A48003462246116819605168EF
:10224000596092689A6021464046FBF775FB40460C
:10225000FBF73CFF3046BDE8F88F35F00705A4D505
:102260000C23C8F8003000263046BDE8F88F1F4622
:10227000DCE90223D3609A60D9F804307A1B0F2A74
:1022800003F0010309EB07001DD83B43C9F80430F4
:10229000436843F0010343604046FBF717FF2646BF
:1022A0003046BDE8F88FC907ACD454F8083CA9EB18
:1022B000030BDBF8043023F003029EE7BDE8F84F80
:1022C0001146FBF731BC09EB05012B4342F001023B
:1022D000C9F804304A60436843F0010343600831A1
:1022E0004046FBF729FBD7E720F00300C21905F1B0
:1022F000100C624580F29180CA0783D454F8082CF0
:10230000A9EB020BDBF8042022F00302104400EBDF
:10231000070AD4453FF771AF5E46DBF80C1056F85C
:10232000080F3A1F242AC160886000F2AE80132A89
:1023300040F2A9802168CBF808106168CBF80C1036
:102340001B2A00F2A88008340BF1100221681160EA
:1023500061685160A16891600BEB0501AAEB050271
:1023600042F0010299604A60DBF8043003F0010397
:102370002B434046CBF80430FBF7A8FE90E72368D8
:102380000360636843601B2A3CD804F1080200F133
:10239000080352E750F8043C23F003031F446BE7A3
:1023A0003A1F5E46DBF80C3056F8081F242ACB6033
:1023B000996022D8132A1ED92368CBF808306368A5
:1023C000CBF80C301B2A3BD808340BF110032268E1
:1023D0001A6062685A60A2689A6034465746D946C5
:1023E0004AE72146FFF7C8FD2DE7DCE902133A1F53
:1023F000CB609960D5E73346E9E721463046FFF7E1
:10240000BBFDEAE7A3688360E368C360242A27D0A2
:1024100004F1100200F110030FE709EB05019960C8
:10242000531B43F001034B6054F8043C03F00103D9
:102430002B43404644F8043CFBF748FE26462FE772
:10244000A368CBF81030E368CBF81430242A10D0FE
:1024500010340BF11803BAE74046FBF737FE02E7EA
:10246000236903616169416104F1180200F11803F5
:10247000E3E62369CBF818306369CBF81C301834D5
:102480000BF12003A3E7324660E721463046FFF711
:1024900073FD074B60E7A168CBF81010E168CBF83B
:1024A0001410242A06D010340BF118024EE700BF96
:1024B000680100302269CBF818206269CBF81C2033
:1024C00018340BF1200241E749B1FF2A02D80A7003
:1024D000012070478A2303604FF0FF3070470846A1
:1024E000704700BF0EB410B583B005AB064C53F86F
:1024F000042B01930146206800F008F803B0BDE802
:10250000104003B0704700BF3C0000302DE9F04F91
:10251000BBB0CDE906301C460291164618B1436B9C
:10252000002B00F0AA86029B596EB3F90C20CB0752
:1025300040F1EC84970400F18985029B42F400523B
:1025400021F400519A81596612B2130740F1BA84FE
:10255000029B1B69002B00F0B58402F01A030A2BC2
:1025600000F0BF8411AB0E930023CDE90F33CDE90A
:10257000093308930DF1440B04930196019B1B78DA
:10258000002B00F0F280019C04E014F8013F002BC6
:1025900000F08083252BF8D1019BE51A40F07E8363
:1025A0002378002B00F0E1804FF0000300228DF82B
:1025B0003330039263784FF0FF3A0134914601348F
:1025C000A3F120025A2A5CD8DFE812F03A035B003C
:1025D0005B0036035B005B005B0018035B005B0085
:1025E0006C0113035B00770148035B004403E500C3
:1025F000E500E500E500E500E500E500E500E500B3
:102600005B005B005B005B005B005B005B005B00F2
:102610005B00FB00CA015B005B005B005B005B00D2
:102620005B005B005B005B005B0085015B005B00A7
:102630005B0048015B00DA025B005B0095055B0014
:102640005B005B005B005B005B005B005B005B00B2
:102650005B00FB000B015B005B005B00AD020B014C
:10266000F7005B007B015B00CB02B7025D02F70065
:102670005B004801F500F2025B005B00BB055B00FC
:10268000F5000194002B70D08DF8843000238DF874
:1026900033309A460123059321AC1F46DDE90F0C28
:1026A00019F08408614602462CD1039BDD1B002DE6
:1026B00000F359849DF8333043B34FF00008464689
:1026C00001320DF133000131CBF80000072A4FF041
:1026D0000100CDE90F21CBF8040000F39A830BF140
:1026E000080B7EB101320DAB0231CBF80030072A66
:1026F0004FF00203CDE90F21CBF8043000F39683AD
:102700000BF1080BB8F1800F00F0DA82059BAAEB01
:102710000305002D00F31A83059BCBF8004001321E
:102720001944072ACDE90F21CBF8043000F3518377
:102730000BF1080B19F0040F04D0039BDC1B002CD9
:1027400000F38183DDE90323BA42ACBF9B18DB1998
:102750000493002940F0498300230F93019B1B78C9
:102760000DF1440B002B7FF40EAF109B002B40F0BB
:10277000878600230F93029B5A6EB3F90C30D10762
:1027800002D49A0540F171855B0600F1E883049854
:102790003BB0BDE8F08FA3F130020023194614F8D6
:1027A000013B01EB810102EB4101A3F13002092A57
:1027B000F5D9039104E7237801E7237849F020094C
:1027C000FDE6069B019400228DF83320924653F8D3
:1027D000042B069301238DF88420059321AC1F461A
:1027E0005CE719F0200F019400F06B84069B07331F
:1027F00023F007031A465B6852F8085B06921F46EF
:10280000002BC0F2BF80BAF1000F05DB55EA0703C9
:1028100029F0800900F0B5840A2D77F1000380F0DB
:10282000C28005F13003DBB257468DF8E7309DF8E2
:102830003330012FB8BF0127002B00F0ED830123B7
:10284000013705930DF1E704DDE90F2119F0840844
:102850008C4610463FF429AF002631E7069D0194CF
:1028600055F8044B4FF000088DF83380002C00F031
:102870001B85BAF1000FC0F28B84524641462046B8
:10288000FDF70EFE9DF83330002800F0EB85021BAB
:10289000059222EAE277002B00F085840137069545
:1028A000C246D1E7069B53F8042B0392002A80F21C
:1028B000B983039A069352420392237849F004099C
:1028C0007DE623786C2B03BF637849F0200901343F
:1028D00049F0100973E619F0200F019449F0100730
:1028E00000F00184069B073323F00703596853F86F
:1028F000082B069300239A458DF83330C0F2898364
:1029000052EA010327F4906900F090833AAC02F098
:102910000700D20842EA4172C908303052EA010584
:10292000234604F8010DF2D119F0010F00F0F782EF
:10293000302800F0F4823022023B04F8012C3AAA3D
:10294000D51AAA455746B8BF2F46DDE90F2119F021
:1029500084088C46104640F09D8505951C46A4E6EB
:1029600019F0200F019449F0100240F08C83069B6F
:102970000433069906930D68EF173B46002B9146EA
:10298000BFF641AF6D4267EB47072D23BAF1000F49
:102990008DF83330FFF640AF0A2D77F1000329F0B0
:1029A0008009FFF43EAF09F48066CDF82C90DFF883
:1029B000BC83DDF82090CDF814A000203AA924E0D3
:1029C000EB1943F10003A8FB032C2CF0030202EBEC
:1029D0009C029B1AEB1A4FF0CC32AA46BE4602FB71
:1029E00003F267F1000708FB0722A3FB0853BAF1C3
:1029F0000A0F13444FEA55057EF1000E214645EAC1
:102A0000C3754FEA5307C0F0E384EB1943F10003A9
:102A1000A8FB032424F0030202EB94029B1AEB1A96
:102A2000A3FB083267F1000408FB04225B0843EAB9
:102A3000C27303EB8303A5EB43033033013001F88A
:102A4000013C4C1E002EBBD099F800308342B7D118
:102A5000FF28B5D00A2D77F1000380F06684DDF8F9
:102A600014A09DF83330CDF820903AAA121B52459D
:102A70001746DDF82C900592B8BF5746002B3FF45F
:102A80000DAE0137E0E60194069C002254F8043BA9
:102A90008DF8332047F630019245ADF834101846D2
:102AA0001146C0F2558329F0800242F002090694D3
:102AB000002B00F00384AB4A03F00F030225D35C24
:102AC0008DF8E730030943EA0173080953EA11114D
:102AD00000F00A850DF1E70403F00F011B09515CBA
:102AE00004F8011D43EA0073000953EA0001F3D121
:102AF0003AAB1B1B53451F460593B8BF5746002DE5
:102B000000F0EE84DDE90F0C19F0840807F10207EC
:102B1000614602467FF4E6AD039BDD1B002D7FF787
:102B2000E1AD022620E22378682B03BF637849F4E5
:102B30000079013449F0400941E519F0200F019472
:102B400040F0A482069B19F0100153F8042B40F0CA
:102B5000D58419F0400000F0D98392B206934F4615
:102B6000C8E619F0200F019400F07C82069B049ABD
:102B70001B681A60D2175A60069B04330693FDE463
:102B800019F0200F019449F0100217D1069B04336D
:102B90000699002709688DF83370BA450D46C0F2D2
:102BA000D38222F08009002900F08982069333E65F
:102BB00019F0200F019400F06B824A46069B073300
:102BC00023F0070319465F6851F8085B069100235C
:102BD0009A458DF83330C0F2B88255EA070322F0E7
:102BE00080097FF419AEBAF1000F00F0A48200252D
:102BF00017E62B238DF833302378E0E4079E304628
:102C0000FDF72AFC43680A931846FAF7FDF9099084
:102C100005463046FDF720FC826823780892002D97
:102C20003FF4CDAC002A3FF4CAAC1278002A3FF43E
:102C3000C6AC49F48069C2E4237849F00109BEE4D6
:102C40009DF833202378002A7FF4B9AC20228DF838
:102C50003320B4E4237849F08009B0E4214611F828
:102C6000013B2A2B00F02584A3F13002092A98BFEA
:102C70004FF0000A00F2FF8311F8013B0AEB8A0AC9
:102C800002EB4A0AA3F13002092AF5D94AEAEA7AA4
:102C90000C4695E4019BE51A3FF467AD019BCBE937
:102CA0000035109B2B4410930F9B0133072B0F9380
:102CB00000F3A4800BF1080B049B2B4404936FE4F6
:102CC000039BDD1B002D7FF721AD102DDFF89880D1
:102CD00029DD43465846B846CB461026A1461F4636
:102CE000079C04E0103D102D00F1080015DD0132B5
:102CF0001031072AC0E90076CDE90F21F2DD0299F3
:102D00000EAA204600F03EFC00287FF434AD103DB2
:102D1000102DDDE90F2111A8E9DC3B464C46474662
:102D2000D9469846834601322944072ACDE90F2126
:102D3000CBF80080CBF8045000F3A382059BAAEBEC
:102D40000305002D0BF1080B7FF7E6AC102DDFF823
:102D5000188030DD5B46079EAB464FF0100A2546D3
:102D6000029C0CE03C4B1208BC4E1208CDCCCCCCE3
:102D7000ABF1100BBBF1100F03F1080318DD0132AA
:102D8000B6481031072AC3E9000ACDE90F21EFDD6B
:102D90000EAA2146304600F0F5FB00287FF4EBAC8C
:102DA000ABF1100BBBF1100FDDE90F2111ABE6DC2D
:102DB0002C465D469B4601322944072ACDE90F2166
:102DC000CBF80080CBF8045000F315810BF1080B11
:102DD000A2E4029907980EAA00F0D4FB00287FF421
:102DE000CAAC10990DF1440BA4E4029907980EAAFD
:102DF00000F0C8FB00283FF4AFACBCE40299079890
:102E00000EAA00F0BFFB00287FF4B5AC0DF1440B17
:102E100052E7029907980EAA00F0B4FB00287FF44D
:102E2000AAACDDE90F210DF1440B5AE40299079891
:102E30000EAA00F0A7FB00287FF49DACDDE90F216E
:102E40000DF1440B5EE4102C0F9BDFF8148226DD9D
:102E50004246079EDDF80890B8461025174604E064
:102E6000103C102C0BF1080B16DD01331031072B31
:102E7000CBE90075CDE90F31F2DD0EAA49463046A7
:102E800000F080FB00287FF476AC103C102CDDE9CC
:102E90000F310DF1440BE8DC3A46474690460133CA
:102EA0002144072BCBE90084CDE90F317FF74AACF1
:102EB000029907980EAA00F065FB00287FF45BAC2E
:102EC00010993FE4029D0798294600F0E1FC002894
:102ED00040F0F982B5F90C2002F01A030A2B7FF4B6
:102EE00041AB0299B1F90E30002BFFF63BAB4B6EB4
:102EF000DD0702D4900540F1B1820299079823467C
:102F000032463BB0BDE8F04F00F0FABA90050FD55D
:102F100093047FF512AB8F047FF517AB17E03AAB44
:102F20001B1B53451F460593B8BF5746FFF7B6BB5B
:102F3000029DA86DFAF7A0FCB5F90C20696E950406
:102F40007FF5FBAA88047FF500ABC90707D4029B75
:102F50009B899A0503D4029B986DFAF78FFC4FF07A
:102F6000FF33049313E40026102DDFF8F48061464C
:102F70002BDD5A460B96CB46029EA14610234446B3
:102F8000DDF81C8004E0103D102D02F1080217DD71
:102F9000013010310728C2E90043CDE90F01F2DD0D
:102FA0000EAA3146404600F0EDFA00287FF4E3AB6C
:102FB000103D102DDDE90F0111AA4FF01003E7DCE1
:102FC0000B9EA0464C46D9469346421C2944072AEC
:102FD000CDE90F21CBF80080CBF8045000F31B8122
:102FE0009DF833000BF1080BA0BB002E3FF48EAB15
:102FF0008046FFF777BB029907980EAA00F0C2FA45
:1030000000287FF4B8ABDDE90F210DF1440BFFF789
:1030100083BB27F4806979E4012305930DF1E7046C
:10302000FFF73CBB06932378FFF7C9BABAF1000F4C
:103030007FF46CAC17F0010700F0E88030238DF8C6
:10304000E73005970DF1E704FFF728BB8D047FF506
:103050007CAA84E74FF00008FFF732BBBC4E120891
:10306000CC4E120819F0100F40F0198119F0400FE2
:1030700040F0EE8119F4007F00F01181069B049A64
:103080001B681A7078E59146FFF7B0BB4F4629E4FC
:10309000069B19F0100753F8042B40F02C8219F00E
:1030A000400100F01881BAF1000F8DF8337095B22D
:1030B000FFF67CAD29F08009002D7FF477AD0693F3
:1030C00091E5069B19F0100F53F8045B40F0108255
:1030D00019F0400F069300F00F8145F3C0373B46CF
:1030E0002DB2FFF78DBB069B0433069A0693126838
:1030F0000021FFF7FFBBCA4A019419F020016DD0EF
:103100000699073121F0070108460446496854F83A
:10311000080B069419F0010549D050EA010440F06B
:10312000918000239A458DF83330C0F2438129F411
:10313000906940F06C81CDF814A057463AACFFF787
:10314000ADBAB84A0194D8E706939146FFF764BB3D
:1031500003F00F011046B34A0694515C8DF8E71056
:103160001B0949F0020918BF02257FF4B3AC57468A
:10317000012F4FF00103B8BF01270DF1E7040593BC
:10318000C0E4BAF1000F00F037813023FFF74CBBE9
:103190002046F9F739FF9DF83330059020EAE077B3
:1031A000002B7FF47BAB06959A46FFF777BABAF10E
:1031B000000F8DF8335021DB50EA010329F49069A8
:1031C0004FD1BAF1000F00F0FF8013788DF8E7308F
:1031D000574601250DF1E703FFF7B7BB069C54F8EE
:1031E000040B069419F0100494D119F0400500F076
:1031F000968080B221468DE749F0020900F00F0366
:1032000009F00205D35C29F4806959E4CDF814A0D3
:103210003AACFFF743BA029907980EAA00F0B2F948
:10322000804600287FF4A7AA9DF83300DDE90F212E
:103230000DF1440B00287FF443AA002E7FF452AA1C
:10324000FFF764BA8DF8353030238DF83430002321
:103250009A458DF83330CFDB29F4906343F00209AF
:10326000022500F00F03D35C2AE4029CA06DFAF75C
:1032700005FBB4F90C30FFF787BAFAF79BF9FFF7B3
:1032800052B9029907980EAA00F07CF900287FF441
:1032900072AADDE90F210DF1440BFFF737BA069B47
:1032A000049A1B681A6067E45746062F28BF062752
:1032B000A24606955C4C0597FFF7F0B9BAF1000FEE
:1032C00000F0B68030238DF8E730012357460DF12A
:1032D000E704059316E419F4007740F0AF80BAF1E3
:1032E000000F8DF833701546FFF660AC29F08009A9
:1032F000002A7FF45BACE2E619F4007F16BF45F3C9
:10330000C017EF176DB23B46FFF77ABA19F4007198
:103310001CBFD2B2014606934F46FFF7EBBA19F431
:1033200000711CBFC0B22946F4E6099A0A99A41A92
:103330002046FDF75DF899F801300BB109F101095C
:103340003A4AEB1943F10003A2FB030C2CF00300F3
:1033500000EB9C001B1AEB1A4FF0CC3167F1000711
:1033600003FB01F102FB0711A3FB023001445B08E0
:1033700043EAC1754F08EB1943F10003A2FB0310A8
:1033800020F0030101EB90015B1AEB1AA3FB023161
:1033900067F1000002FB00125B0843EAC27303EB13
:1033A0008303A5EB4303303304F8013C0120013CC7
:1033B000FFF74ABB13788DF8E73029F480692F4670
:1033C0000DF1E703FFF7C1BA57463AABFFF7BDBAB5
:1033D000DDF814A09DF83330CDF820903AAA121BE6
:1033E00052450592B8BF5246DDF82C901746002B87
:1033F0007FF447ABFFF752B99DF83330CDF814A0F6
:10340000002B3FF49AAE3AAC0127FFF71DBA1378B0
:103410008DF8E73057460DF1E703FFF796BA00BF86
:10342000504B12083C4B1208644B1208CDCCCCCC4C
:10343000CDF814A057463AACFFF764BBBAF1000FC1
:103440000F468DF83310D5B2BFF634AEFFF7AEBBE2
:10345000069B049A1B681A80FFF78EBB886DFAF7EB
:103460000DFA4AE50695F3B10AF10107CDF814A06B
:103470008246FFF7E9B90C464FF0000AFFF7A0B803
:10348000029907980EAA00F07DF800283FF471A970
:10349000FFF771B99DF8330005951C4600287FF4AD
:1034A000DBA9FFF72FB95746CDF814A09A46FFF7CE
:1034B000F5B8069A637852F804AB06920C464AEACD
:1034C000EA7AFFF77CB8029A536EDF073FF547AD03
:1034D00093899E053FF543AD906DFAF7CFF93EE530
:1034E0001D462346FFF731BA0DF1E704FFF700BB95
:1034F0004A46FFF73EBA4A46FFF74ABB4F46F4E555
:103500002DE9F04198468B89ADF58D6D23F00203CE
:10351000ADF80C301AAB009304934FF48063029320
:1035200005934B6E1993CB89ADF80E30CB69079399
:103530004B6A099316460023074616A80D460693C4
:10354000FAF796F93246434669463846FEF7DEFFFB
:10355000061E6C4607DB69463846FCF71FFF00284D
:1035600018BF4FF0FF36A3895B0603D5AB8943F044
:103570004003AB81A06DFAF77DF930460DF58D6DF6
:10358000BDE8F081936810B514461BB918460023B6
:10359000636010BD00F006F80023A36000236360A1
:1035A00010BD00BF9368002B00F0AF802DE9F04FF5
:1035B000B1F90CC01CF0080F83B0174680460C46CA
:1035C00026D00B6923B31CF002093E682CD04FF0C3
:1035D000000ADFF8B8B25546B9465D452B4652465B
:1035E00028BF5B464046002D7ED0E169676AB84738
:1035F000002840F38280D9F808301B1A82442D1A23
:10360000C9F80830002BE8D1002003B0BDE8F08FE6
:103610002146404600F03CF9002873D1B4F90CC0B3
:103620003E681CF00209D2D11CF0010A6FD1236858
:1036300000975546002D53D01CF4007FD4F8089015
:10364000184600F0A980A945CB4600F2E3801CF49F
:10365000906F32D021696269A3EB010902EB42024B
:1036600002EBD27209F1010352102B44934292BF34
:1036700093469B461A461CF4806F00F0EA80114680
:103680004046FAF751FA002800F0F9804A462169CD
:103690000190F9F77BFCA289019B22F4906242F031
:1036A0008002A28103EB09002361ABEB0903C4F89C
:1036B00014B0A3602060A946AB4651465A46FEF7B7
:1036C0005BFCA2682368A2EB0902A260009A9168E1
:1036D0005B44491B23609160002995D0B4F90CC06C
:1036E000D6E900A50836A5E7D6E900A5083674E7AF
:1036F00021464046FCF752FE68B3B4F90C3043F063
:103700004003A3814FF0FF307FE7002070474D4614
:10371000BA46484600964F465DB3002831D04A4627
:10372000D4E904132068AA4228BF2A46884204D953
:10373000A16803EB010B5A457CDC93426DDCE16927
:10374000666A3A464046B047B0F1000BD5DDB9EBAA
:103750000B09CDD00120DAF80830A3EB0B035F444E
:10376000A5EB0B05CAF80830002B3FF44DAF002D38
:10377000D3D1009A5568134608320092002DF8D034
:103780001F682A460A213846FCF78AFE002873D0B3
:103790000130A0EB0709C2E722699A4222D362698D
:1037A000AA421FD86FF00043AB4228BF2B46E16905
:1037B00093FBF2F3676A02FB03F340465246B847B5
:1037C000B0F1000999DD009A9368A3EB0903A5EB1A
:1037D0000905CA449360002B3FF416AFB4F90CC03E
:1037E000236827E7A94528BFA94618464A465146F7
:1037F000FEF7C2FBA2682368A2EB09024B44A26059
:103800002360002ADFD121464046FCF7C7FD00288F
:10381000D9D072E7A946AB464FE739460192FEF789
:10382000ABFB019AA3689B1AA3602368134423602F
:1038300093468CE739465A46FEF79EFB23685B4465
:10384000236021464046FCF7A9FD00283FF47FAFE6
:1038500053E74046FEF794FC034600287FF422AF6E
:1038600021694046FAF768F8B4F90C300C22C8F820
:10387000002023F0800342E76A1C914650E70C22A7
:10388000B4F90C30C8F8002039E700BF00FCFF7F16
:1038900038B53D4B1B6805460C4613B15A6B002AE0
:1038A0005AD0B4F90C3019070BD522699AB113F02C
:1038B000010221D19B075ABF6369A360A260002067
:1038C00038BDDA0658D558071CD4226943F00803DE
:1038D000A381002AEBD1990528D5180603F08001B1
:1038E00024D4D80741D49D073CD5A2600029E6D056
:1038F00043F04003A38144E0636900225B42A2607D
:10390000A361DCE7216B51B104F14002914204D084
:103910002846FAF711F8B4F90C3000222263226924
:103920000021C4E9002123F02403CFE721462846E3
:1039300000F034F8B4F90C30226913F001010FD013
:10394000616900204942A060A161002AB7D103F05B
:1039500080010029B3D0CBE71846F9F72BFEA0E78A
:10396000980700D46169A160EFE76069A2604042F6
:10397000A0610029A3D0BBE7092243F040032A60DD
:10398000A3814FF0FF3038BD3C00003008B5062061
:1039900000F06CF8012000F09DFF00BF70B5B1F998
:1039A0000C300C46990796B007D504F14303012269
:1039B000C4E90432236016B070BDB4F90E100029BA
:1039C00005462BDB6A4600F07DF8002824DB4FF427
:1039D00080612846019EFAF7A7F8B4F90C30A0B32D
:1039E00006F4704643F080034FF48062B6F5005F42
:1039F000A38120602061626135D1B4F90E102846A0
:103A000000F076F8B4F90C3068B323F0030343F008
:103A100001034FF4006214E0B4F90C3013F0800F8E
:103A20000CBF4FF48066402631462846FAF77CF8F2
:103A3000B4F90C3048B1C4E9040643F080032060B7
:103A400000221343A38116B070BD9A05B3D423F0AE
:103A5000030304F1430243F002030121C4E90421FA
:103A6000A3812260A7E74FF40062EAE738B5144B60
:103A70001F281D681ED8D5F81821044662B152F8D7
:103A800020304BB1012B05D0591C0FD0002142F83A
:103A900020109847002038BD284600F051F82246F3
:103AA00001462846BDE8384000F034B816232B60A4
:103AB000012038BD16232B604FF0FF3038BD00BF0A
:103AC0003C00003070B50C46084D034600262046E9
:103AD00011461C462E6000F0B7FE431C00D070BD9E
:103AE0002B68002BFBD0236070BD00BF841C00300E
:103AF00038B5074D0022044608462A6000F0B4FE9F
:103B0000431C00D038BD2B68002BFBD0236038BD90
:103B1000841C003070B50C46084D03460026204634
:103B200011461C462E6000F0A7FE431C00D070BD5D
:103B30002B68002BFBD0236070BD00BF841C0030BD
:103B400000F08ABE81F0004102E000BF83F0004334
:103B500030B54FEA41044FEA430594EA050F08BF28
:103B600090EA020F1FBF54EA000C55EA020C7FEAEC
:103B7000645C7FEA655C00F0E2804FEA5454D4EB69
:103B80005555B8BF6D420CDD2C4480EA020281EA33
:103B9000030382EA000083EA010180EA020281EA6B
:103BA0000303362D88BF30BD11F0004F4FEA0131BD
:103BB0004FF4801C4CEA113102D0404261EB4101CC
:103BC00013F0004F4FEA03334CEA133302D0524252
:103BD00063EB430394EA050F00F0A780A4F101040E
:103BE000D5F1200E0DDB02FA0EFC22FA05F2801848
:103BF00041F1000103FA0EF2801843FA05F359412E
:103C00000EE0A5F120050EF1200E012A03FA0EFCAC
:103C100028BF4CF0020C43FA05F3C01851EBE371D6
:103C200001F0004507D54FF0000EDCF1000C7EEBF3
:103C300000006EEB0101B1F5801F1BD3B1F5001F31
:103C40000CD349085FEA30004FEA3C0C04F1010450
:103C50004FEA445212F5800F80F09A80BCF1004F79
:103C600008BF5FEA500C50F1000041EB045141EAFB
:103C7000050130BD5FEA4C0C404141EB0101013CC4
:103C800028BFB1F5801FE9D291F0000F04BF0146B3
:103C90000020B1FA81F308BF2033A3F10B03B3F185
:103CA00020020CDA0C3208DD02F1140CC2F10C0215
:103CB00001FA0CF021FA02F10CE002F11402D8BF73
:103CC000C2F1200C01FA02F120FA0CFCDCBF41EA3F
:103CD0000C019040E41AA2BF01EB0451294330BD0E
:103CE0006FEA04041F3C1CDA0C340EDC04F11404EB
:103CF000C4F1200220FA04F001FA02F340EA0300C2
:103D000021FA04F345EA030130BDC4F10C04C4F107
:103D1000200220FA02F001FA04F340EA03002946E7
:103D200030BD21FA04F0294630BD94F0000F83F431
:103D3000801306BF81F480110134013D4EE77FEA14
:103D4000645C18BF7FEA655C29D094EA050F08BF60
:103D500090EA020F05D054EA000C04BF1946104641
:103D600030BD91EA030F1EBF0021002030BD5FEA85
:103D7000545C05D14000494128BF41F0004130BDAD
:103D800014F580043CBF01F5801130BD01F0004501
:103D900045F0FE4141F470014FF0000030BD7FEA74
:103DA000645C1ABF194610467FEA655C1CBF0B466F
:103DB000024650EA013406BF52EA033591EA030F86
:103DC00041F4002130BD00BF90F0000F04BF00217E
:103DD000704730B54FF4806404F132044FF00005B1
:103DE0004FF0000150E700BF90F0000F04BF00212A
:103DF000704730B54FF4806404F1320410F0004590
:103E000048BF40424FF000013EE700BF42004FEA8A
:103E1000E2014FEA31014FEA02701FBF12F07F4307
:103E200093F07F4F81F06051704732F07F4208BFBE
:103E3000704793F07F4F04BF41F40021704730B5C5
:103E40004FF4607401F0004521F000411CE700BF11
:103E500050EA010208BF704730B54FF000050AE094
:103E600050EA010208BF704730B511F0004502D595
:103E7000404261EB41014FF4806404F132045FEA97
:103E8000915C3FF4D8AE4FF003025FEADC0C18BF40
:103E900003325FEADC0C18BF033202EBDC02C2F132
:103EA000200300FA03FC20FA02F001FA03FE40EAC4
:103EB0000E0021FA02F11444BDE600BF70B54FF0C8
:103EC000FF0C4CF4E06C1CEA11541DBF1CEA1355A6
:103ED00094EA0C0F95EA0C0F00F0DEF82C4481EA0E
:103EE000030621EA4C5123EA4C5350EA013518BF2E
:103EF00052EA033541F4801143F4801338D0A0FB1B
:103F000002CE4FF00005E1FB02E506F00042E0FBC7
:103F100003E54FF00006E1FB03569CF0000F18BFCD
:103F20004EF0010EA4F1FF04B6F5007F64F5407475
:103F300004D25FEA4E0E6D4146EB060642EAC62108
:103F400041EA55514FEAC52040EA5E504FEACE2E75
:103F5000B4F1FD0C88BFBCF5E06F1ED8BEF1004F78
:103F600008BF5FEA500E50F1000041EB045170BDF4
:103F700006F0004646EA010140EA020081EA030138
:103F8000B4EB5C04C2BFD4EB0C0541EA045170BD34
:103F900041F480114FF0000E013C00F3AB8014F1AE
:103FA000360FDEBF002001F0004170BDC4F10004F7
:103FB000203C35DA0C341BDC04F11404C4F1200578
:103FC00000FA05F320FA04F001FA05F240EA0200D3
:103FD00001F0004221F0004110EBD37021FA04F609
:103FE00042EB06015EEA430E08BF20EAD37070BDC3
:103FF000C4F10C04C4F1200500FA04F320FA05F022
:1040000001FA04F240EA020001F0004110EBD37023
:1040100041F100015EEA430E08BF20EAD37070BD93
:10402000C4F1200500FA05F24EEA020E20FA04F36C
:1040300001FA05F243EA020321FA04F001F000411B
:1040400021FA04F220EA020000EBD3705EEA430E8C
:1040500008BF20EAD37070BD94F0000F0FD101F0BB
:104060000046400041EB010111F4801F08BF013CF4
:10407000F7D041EA060195F0000F18BF704703F032
:104080000046520043EB030313F4801F08BF013DB9
:10409000F7D043EA0603704794EA0C0F0CEA135575
:1040A00018BF95EA0C0F0CD050EA410618BF52EA2F
:1040B0004306D1D181EA030101F000414FF0000035
:1040C00070BD50EA410606BF1046194652EA430643
:1040D00019D094EA0C0F02D150EA013613D195EAB7
:1040E0000C0F05D152EA03361CBF104619460AD1FF
:1040F00081EA030101F0004141F0FE4141F4700109
:104100004FF0000070BD41F0FE4141F4780170BDF8
:1041100070B54FF0FF0C4CF4E06C1CEA11541DBF5D
:104120001CEA135594EA0C0F95EA0C0F00F0A7F85F
:10413000A4EB050481EA030E52EA03354FEA01318C
:1041400000F088804FEA03334FF0805545EA13139F
:1041500043EA12634FEA022245EA111545EA106567
:104160004FEA00260EF000419D4208BF964244F1FE
:10417000FD0404F5407402D25B084FEA3202B61A1D
:1041800065EB03055B084FEA32024FF480104FF4F1
:10419000002CB6EB020E75EB030E22BFB61A754665
:1041A00040EA0C005B084FEA3202B6EB020E75EBF8
:1041B000030E22BFB61A754640EA5C005B084FEA60
:1041C0003202B6EB020E75EB030E22BFB61A75462D
:1041D00040EA9C005B084FEA3202B6EB020E75EB38
:1041E000030E22BFB61A754640EADC0055EA060EF9
:1041F00018D04FEA051545EA16754FEA06164FEA3C
:10420000C30343EA52734FEAC2025FEA1C1CC0D1E7
:1042100011F4801F0BD141EA00014FF000004FF074
:10422000004CB6E711F4801F04BF01430020B4F135
:10423000FD0C88BFBCF5E06F3FF6AFAEB5EB030CED
:1042400004BFB6EB020C5FEA500C50F1000041EBEA
:10425000045170BD0EF0004E4EEA113114EB5C04B7
:10426000C2BFD4EB0C0541EA045170BD41F480118A
:104270004FF0000E013C90E645EA060E8DE60CEA92
:10428000135594EA0C0F08BF95EA0C0F3FF43BAFAF
:1042900094EA0C0F0AD150EA01347FF434AF95EA66
:1042A0000C0F7FF425AF104619462CE795EA0C0F4A
:1042B00006D152EA03353FF4FDAE1046194622E717
:1042C00050EA410618BF52EA43067FF4C5AE50EAF1
:1042D00041047FF40DAF52EA43057FF4EBAE12E7E1
:1042E0004FF0FF3C06E000BF4FF0010C02E000BFC2
:1042F0004FF0010C4DF804CD4FEA410C7FEA6C5CA5
:104300004FEA430C18BF7FEA6C5C1BD001B050EA47
:10431000410C0CBF52EA430C91EA030F02BF90EA32
:10432000020F0020704710F1000F91EA030F58BFF1
:10433000994208BF90422CBFD8176FEAE37040F053
:10434000010070474FEA410C7FEA6C5C02D150EAF1
:10435000013C07D14FEA430C7FEA6C5CD6D152EAAC
:10436000033CD3D05DF8040B704700BF8446104671
:1043700062468C461946634600E000BF01B5FFF770
:10438000B7FF002848BF10F1000F01BD4DF808ED40
:10439000FFF7F4FF0CBF012000205DF808FB00BF11
:1043A0004DF808EDFFF7EAFF34BF012000205DF86B
:1043B00008FB00BF4DF808EDFFF7E0FF94BF0120B8
:1043C00000205DF808FB00BF4DF808EDFFF7CEFFB9
:1043D00094BF012000205DF808FB00BF4DF808EDF8
:1043E000FFF7C4FF34BF012000205DF808FB00BFC9
:1043F0004FEA410C7FEA6C5C02D150EA013C0AD1E1
:104400004FEA430C7FEA6C5C02D152EA033C02D1D2
:104410004FF0000070474FF0010070474FEA410233
:1044200012F5001215D211D56FF47873B3EB625206
:1044300012D94FEAC12343F0004343EA505311F02D
:10444000004F23FA02F018BF404270474FF00000BF
:10445000704750EA013005D111F0004008BF6FF0FD
:10446000004070474FF00000704700BF4FEA410224
:10447000B2F1E04324BFB3F5001CDCF1FE5C0DD9C2
:1044800001F0004C4FEAC0024CEA5070B2F1004F0C
:1044900040EB830008BF20F00100704711F0804F0F
:1044A00021D113F13872BCBF01F00040704741F4D4
:1044B00080114FEA5252C2F11802C2F1200C10FAD8
:1044C0000CF320FA02F018BF40F001004FEAC123BC
:1044D0004FEAD32303FA0CFC40EA0C0023FA02F360
:1044E0004FEA4303CCE77FEA625307D150EA013336
:1044F0001EBF4FF0FE4040F44000704701F0004006
:1045000040F0FE4040F40000704700BF53B94AB984
:10451000002908BF00281CBF4FF0FF314FF0FF30CB
:1045200000F088B9ADF1080C6DE904CE00F006F892
:10453000DDF804E0DDE9022304B070472DE9F0471F
:10454000089D0F4604468C46002B48D18A421646E9
:1045500061D9B2FA82F34BB1C3F1200201FA03FC34
:1045600020FA02F29E4042EA0C0C9C404FEA164EA2
:10457000B7B2BCFBFEF1220C0EFB11CC42EA0C429E
:1045800001FB07F0904209D9B21801F1FF3C80F01D
:10459000EE80904240F2EB8002393244121AA4B20B
:1045A000B2FBFEF00EFB102244EA024400FB07F7C8
:1045B000A74209D9341900F1FF3280F0DA80A7420E
:1045C00040F2D7803444023840EA0140E41B002125
:1045D0001DB1DC400023C5E90043BDE8F0878B42F4
:1045E00006D90DB1C5E9000100210846BDE8F087F4
:1045F000B3FA83F1002948D1BB4202D3824200F2D0
:104600000781841A67EB030201209446002DE4D051
:10461000C5E9004CE1E7002A00F09280B2FA82F38B
:10462000002B40F0A8808A1A4FEA164E1FFA86FC2B
:104630000121200CB2FBFEF70EFB172240EA0242DA
:104640000CFB07F0904207D9B21807F1FF3802D2ED
:10465000904200F2E2804746121AA4B2B2FBFEF08A
:104660000EFB102244EA02440CFB00FCA44507D9CF
:10467000341900F1FF3202D2A44500F2CB8010467B
:10468000A4EB0C0440EA0740A2E7C1F120068B40EE
:1046900022FA06FC4CEA030C07FA01F420FA06F3AE
:1046A000F7404FEA1C49234300FA01F81FFA8CFE39
:1046B000B7FBF9F01C0C09FB107744EA074400FB38
:1046C0000EF7A74202FA01F20AD91CEB040400F12A
:1046D000FF3A80F09B80A74240F298800238644401
:1046E000E41B9FB2B4FBF9F309FB134447EA04440B
:1046F00003FB0EFEA64509D91CEB040403F1FF37AA
:1047000080F08280A6457FD9023B644443EA0040A2
:10471000A4EB0E04A0FB02E7BC427346B94663D388
:1047200060D05DB1B8EB030264EB090404FA06F64D
:1047300022FA01F31E43CC40C5E9006400214CE796
:104740006208480842EAC1710B0C43EA00438AB28E
:1047500042EA0342B3FBF6F1E407B4463746B646F5
:104760001F23B0FBF6F0D21B41EA004161E761462E
:1047700014E7104628E7C3F1200120FA01F29E4019
:1047800027FA01F19F403A434FEA164E1FFA86FC82
:10479000B1FBFEF70EFB1710110C41EA004107FBBD
:1047A0000CF8884504FA03F43AD9711807F1FF3080
:1047B00001D288451FD8A1EB0801B1FBFEF808FB28
:1047C0000CF70EFB181192B242EA0142BA422FD204
:1047D000B21808F1FF31C6D2BA42C4D2A8F1020120
:1047E0003244C0E7F0459CD2BEEB020367EB0C07F6
:1047F0000138B94695E7A6EB08084144B81EB1FB5D
:10480000FEF808FB0CF7DCE73B467FE7504667E71E
:104810000846FBE63444023832E7023F32441BE7E5
:10482000A1EB08013846B1FBFEF808FB0CF7C8E71E
:10483000414698E7704700BF024B58221A604FF07C
:10484000FF307047841C0030024B58221A604FF032
:10485000FF307047841C0030024B58221A604FF022
:10486000FF307047841C0030024B58221A60002031
:10487000704700BF841C0030024B58221A604FF072
:10488000FF307047841C0030024B58221A604FF0F2
:10489000FF307047841C0030024B58221A604FF0E2
:1048A000FF307047841C0030044A05491368002B10
:1048B00008BF0B461844106018467047C41C0030EF
:1048C000C81C0030024B58221A604FF0FF3070476E
:1048D000841C0030FEE700BF00000000010203045A
:1048E00001020304060708090500000049444C457D
:1048F00000000000555341525432204352313D30A4
:10490000782530386C582C204352323D3078253091
:10491000386C582C205251523D30782530386C5824
:104920000D0A000048656C6C6F2066726F6D205335
:10493000544D3332204F6E2D426F617264205553B7
:10494000415254204D4F44554C45210D0A00000062
:10495000554152542052656365697665204954205B
:104960004661696C6564210D0A000000554152548E
:1049700020526563656976652049542053746172DD
:10498000746564205375636365737366756C6C79C5
:10499000210D0A004953523A2052656365697665D4
:1049A0006420270055415254204572726F72204F87
:1049B0006363757272656420647572696E672049FD
:1049C0005352210D0A00000048656C6C6F2066721E
:1049D0006F6D204572726F722048616E646C6572F3
:1049E0000D0A0000446174612066726F6D20636F70
:1049F0007265206D370D0A00446174612066726F24
:104A00006D20636F7265206D340D0A0048656C6C13
:104A10006F2066726F6D20494D55204572726F721E
:104A20002048616E646C65720D0A00002564203AAE
:104A3000202564203A202564200A0D00494D552088
:104A4000696E2043616C6C6261636B000006101636
:104A500000061016010002000400060008000A000B
:104A60000C00100020004000800000010101010343
:104A7000070100000804020408010101010002000E
:104A80000040000000200000280000000D0070160B
:104A900048656C6C6F2066726F6D204572726F7224
:104AA0002048616E646C65720D0A00005369676E80
:104AB000616C204D75746578000000005369676E65
:104AC000616C2053656D6170686F726520466C6122
:104AD0006700000059656C6C6F774C6564426C69C7
:104AE0006E6B00005465726D696E616C5072696E18
:104AF0007400000000000080DB0F4940DB0F49C05C
:104B0000DB0F49BFE4CB1640E4CB16C06937AC31AC
:104B100068212233B40F14336821A2333863ED3E89
:104B2000DA0F493F5E987B3FDA0FC93F494E460096
:104B3000696E66004E414E006E616E003031323358
:104B400034353637383961626364656600000000C9
:104B500030313233343536373839414243444546B3
:104B600000000000286E756C6C2900003000000009
:104B7000496E66696E697479000000004E614E00EE
:104B800042616C6C6F632073756363656564656413
:104B9000000000002F6275696C642F676E752D74BC
:104BA0006F6F6C732D666F722D73746D33325F315E
:104BB000342E332E72656C312E3230323531303234
:104BC000372D303730302F7372632F6E65776C69F5
:104BD000622F6E65776C69622F6C6962632F7374E4
:104BE000646C69622F64746F612E63002F62756953
:104BF0006C642F676E752D746F6F6C732D666F729A
:104C00002D73746D33325F31342E332E72656C31F7
:104C10002E32303235313032372D303730302F733D
:104C200072632F6E65776C69622F6E65776C69624F
:104C30002F6C6962632F7374646C69622F6D70727C
:104C400065632E630000000043000000504F53498D
:104C5000580000002E0000002C2066756E637469F9
:104C60006F6E3A2000000000617373657274696FA3
:104C70006E2022257322206661696C65643A206685
:104C8000696C6520222573222C206C696E652025B5
:104C900064257325730A00003030303030303030F6
:104CA0003030303030303030202020202020202084
:104CB00020202020202020200500000019000000D6
:104CC0007D000000000000000080E03779C3414310
:104CD000176E05B5B5B89346F5F93FE9034F384D62
:104CE000321D30F94877825A3CBF737FDD4F15750E
:104CF000000000000000F03F000000000000244021
:104D000000000000000059400000000000408F40FB
:104D1000000000000088C34000000000006AF84066
:104D20000000000080842E4100000000D01263418A
:104D30000000000084D797410000000065CDCD4100
:104D4000000000205FA00242000000E876483742E1
:104D5000000000A2941A6D42000040E59C30A2427F
:104D60000000901EC4BCD64200003426F56B0C43F4
:104D70000080E03779C3414300A0D885573476439B
:104D800000C84E676DC1AB43003D9160E458E143FC
:104D9000408CB5781DAF154450EFE2D6E41A4B4471
:104DA00092D54D06CFF08044F64AE1C7022DB544B6
:104DB000B49DD9794378EA44002020202020202087
:104DC00020202828282828202020202020202020BB
:104DD00020202020202020202088101010101010CB
:104DE0001010101010101010100404040404040417
:104DF00004040410101010101010414141414141B1
:104E00000101010101010101010101010101010192
:104E100001010101101010101010424242424242A2
:104E20000202020202020202020202020202020262
:104E3000020202021010101020000000000000000A
:104E40000000000000000000000000000000000062
:104E50000000000000000000000000000000000052
:104E60000000000000000000000000000000000042
:104E70000000000000000000000000000000000032
:104E80000000000000000000000000000000000022
:104E90000000000000000000000000000000000012
:104EA0000000000000000000000000000000000002
:104EB0000000000000000000000000003030303032
:104EC0003030303030303030303030302020202022
:0C4ED00020202020202020202020202056
:044EDC00F8B500BF66
:044EE000F8B500BF62
:084EE400BCB5FF7F01000000D6
:104EEC000090D0030090D003AAAAAAAA1000000038
:104EFC000100000000480040000402580010025855
:104F0C00000402580008025821CB11080F000000C1
:104F1C000000000003000000481B0030400000307F
:104F2C0000000000481B0030B01B0030181C003083
:104F3C000000000000000000000000000000000065
:104F4C000000000000000000000000000000000055
:104F5C000000000000000000000000000000000045
:104F6C000000000000000000000000000000000035
:104F7C000000000000000000000000000000000025
:104F8C000000000000000000000000000000000015
:104F9C000000000000000000000000000000000005
:104FAC0000000000000000000000000000000000F5
:104FBC0000000000000000000100000000000000E4
:104FCC000E33CDAB34126DE6ECDE05000B000000A9
:104FDC0000000000000000000000000000000000C5
:104FEC0000000000000000000000000000000000B5
:104FFC0000000000000000000000000000000000A5
:10500C000000000000000000000000000000000094
:10501C000000000000000000000000000000000084
:10502C000000000000000000000000000000000074
:10503C000000000000000000000000000000000064
:10504C00FFFFFFFF00000200000000000000000056
:10505C0068010030680100307001003070010030D0
:10506C007801003078010030800100308001003080
:10507C008801003088010030900100309001003030
:10508C009801003098010030A0010030A0010030E0
:10509C00A8010030A8010030B0010030B001003090
:1050AC00B8010030B8010030C0010030C001003040
:1050BC00C8010030C8010030D0010030D0010030F0
:1050CC00D8010030D8010030E0010030E0010030A0
:1050DC00E8010030E8010030F0010030F001003050
:1050EC00F8010030F80100300002003000020030FE
:1050FC0008020030080200301002003010020030AC
:10510C00180200301802003020020030200200305B
:10511C00280200302802003030020030300200300B
:10512C0038020030380200304002003040020030BB
:10513C00480200304802003050020030500200306B
:10514C00580200305802003060020030600200301B
:10515C0068020030680200307002003070020030CB
:10516C00780200307802003080020030800200307B
:10517C00880200308802003090020030900200302B
:10518C009802003098020030A0020030A0020030DB
:10519C00A8020030A8020030B0020030B00200308B
:1051AC00B8020030B8020030C0020030C00200303B
:1051BC00C8020030C8020030D0020030D0020030EB
:1051CC00D8020030D8020030E0020030E00200309B
:1051DC00E8020030E8020030F0020030F00200304B
:1051EC00F8020030F80200300003003000030030F9
:1051FC0008030030080300301003003010030030A7
:10520C001803003018030030200300302003003056
:10521C002803003028030030300300303003003006
:10522C0038030030380300304003003040030030B6
:10523C004803003048030030500300305003003066
:10524C005803003058030030600300306003003016
:10525C0068030030680300307003003070030030C6
:10526C007803003078030030800300308003003076
:10527C008803003088030030900300309003003026
:10528C009803003098030030A0030030A0030030D6
:10529C00A8030030A8030030B0030030B003003086
:1052AC00B8030030B8030030C0030030C003003036
:1052BC00C8030030C8030030D0030030D0030030E6
:1052CC00D8030030D8030030E0030030E003003096
:1052DC00E8030030E8030030F0030030F003003046
:1052EC00F8030030F80300300004003000040030F4
:1052FC0008040030080400301004003010040030A2
:10530C001804003018040030200400302004003051
:10531C002804003028040030300400303004003001
:10532C0038040030380400304004003040040030B1
:10533C004804003048040030500400305004003061
:10534C005804003058040030600400306004003011
:10535C0068040030680400307004003070040030C1
:10536C007804003078040030800400308004003071
:10537C008804003088040030900400309004003021
:10538C009804003098040030A0040030A0040030D1
:10539C00A8040030A8040030B0040030B004003081
:1053AC00B8040030B8040030C0040030C004003031
:1053BC00C8040030C8040030D0040030D0040030E1
:1053CC00D8040030D8040030E0040030E004003091
:1053DC00E8040030E8040030F0040030F004003041
:1053EC00F8040030F80400300005003000050030EF
:1053FC00080500300805003010050030100500309D
:10540C00180500301805003020050030200500304C
:10541C0028050030280500303005003030050030FC
:10542C0038050030380500304005003040050030AC
:10543C00480500304805003050050030500500305C
:10544C00580500305805003060050030600500300C
:10545C0043000000000000000000000000000000FD
:10546C000000000000000000000000000000000030
:10547C0043000000000000000000000000000000DD
:10548C000000000000000000000000000000000010
:10549C0043000000000000000000000000000000BD
:1054AC0000000000000000000000000000000000F0
:1054BC00430000000000000000000000000000009D
:1054CC0000000000000000000000000000000000D0
:1054DC00430000000000000000000000000000007D
:1054EC0000000000000000000000000000000000B0
:1054FC00430000000000000000000000000000005D
:10550C00000000000000000000000000000000008F
:10551C00430000000000000000000000000000003C
:10552C00000000000000000000000000000000006F
:10553C00C92412085521120800000000B84D1208A9
:10554C00544C1208644C1208644C1208644C120837
:10555C00644C1208644C1208644C1208644C120817
:10556C00644C1208644C1208FFFFFFFFFFFFFFFFA3
:10557C00FFFFFFFFFFFF00000100415343494900BB
:10558C00000000000000000000000000000000000F
:10559C000000000000000000000041534349490096
:1055AC0000000000000000000000000000000000EF
:0C55BC00000000000000000000000000E3
:04000005081004F1EA
:00000001FF
